same_node_type, same_name, same_function, same_class, line_overlap, overlap_ratio, structural_distance, op_combo_score, both_modify, delete_and_modify, node_type_a, node_type_b, label
             1,         1,             0,          1,            1,          0.22,                   0,              4,           0,                 1,           6,           6,     0
             1,         1,             0,          0,            1,          0.57,                   0,              3,           1,                 0,          10,          10,     1
             1,         1,             0,          1,            1,          0.23,                   0,              2,           0,                 0,           9,           9,     0
             1,         0,             0,          1,            0,          0.0 ,                  82,              3,           1,                 0,           1,           1,     0
             0,         0,             0,          0,            1,          0.55,                   0,              3,           1,                 0,          12,          11,     1
             1,         0,             1,          1,            1,          0.53,                   0,              3,           1,                 0,           8,           8,     1
             0,         0,             1,          0,            0,          0.0 ,                  36,              3,           1,                 0,          10,           9,     0
             1,         0,             1,          0,            0,          0.0 ,                  70,              3,           1,                 0,           6,           6,     0
             0,         0,             1,          1,            0,          0.0 ,                  94,              3,           1,                 0,           6,           6,     0
             0,         0,             1,          1,            1,          0.95,                   0,              4,           0,                 1,          11,          12,     1
             0,         0,             1,          1,            0,          0.0 ,                  55,              4,           0,                 1,          13,           2,     1
             1,         0,             0,          0,            0,          0.0 ,                  17,              1,           0,                 0,          10,          10,     0
             1,         0,             0,          0,            0,          0.0 ,                  60,              4,           0,                 1,           5,           5,     0
             1,         1,             1,          1,            0,          0.0 ,                  37,              4,           0,                 1,           7,           7,     1
             1,         0,             0,          1,            0,          0.0 ,                  76,              3,           1,                 0,           9,           9,     0
             0,         0,             0,          1,            0,          0.0 ,                  36,              2,           0,                 0,           5,           5,     0
             1,         0,             0,          0,            1,          0.85,                   0,              3,           1,                 0,           5,           5,     1
             1,         1,             0,          0,            1,          0.5 ,                   0,              2,           0,                 0,           6,           6,     0
             1,         1,             0,          1,            1,          0.45,                   0,              3,           1,                 0,           4,           4,     0
             0,         0,             0,          0,            0,          0.0 ,                  54,              3,           1,                 0,           4,           2,     1
             0,         0,             0,          0,            0,          0.0 ,                  13,              2,           0,                 0,          14,           1,     0
             1,         0,             1,          0,            1,          0.63,                   0,              4,           0,                 1,           6,           6,     1
             1,         1,             1,          1,            1,          0.13,                   0,              2,           0,                 0,           2,           2,     0
             0,         0,             1,          0,            1,          0.39,                   0,              3,           1,                 0,          10,           8,     0
             0,         0,             1,          1,            0,          0.0 ,                  31,              3,           1,                 0,           9,           7,     1
             0,         0,             0,          0,            1,          0.54,                   0,              2,           0,                 0,          10,          14,     1
             1,         0,             0,          0,            1,          0.93,                   0,              3,           1,                 0,           1,           1,     1
             0,         0,             1,          1,            1,          0.84,                   0,              2,           0,                 0,           5,           5,     1
             0,         0,             0,          1,            1,          0.3 ,                   0,              2,           0,                 0,           5,           2,     0
             0,         0,             0,          1,            1,          1.0 ,                   0,              4,           0,                 1,           3,          11,     1
             0,         0,             1,          1,            1,          0.5 ,                   0,              4,           0,                 1,           3,          12,     1
             0,         0,             0,          0,            0,          0.0 ,                   7,              3,           1,                 0,          13,           7,     0
             1,         1,             1,          0,            1,          0.75,                   0,              2,           0,                 0,           4,           4,     1
             0,         0,             0,          0,            1,          0.17,                   0,              4,           0,                 1,           5,           2,     0
             0,         0,             0,          0,            1,          0.31,                   0,              1,           0,                 0,           3,          12,     0
             0,         0,             0,          1,            1,          0.19,                   0,              1,           0,                 0,          11,           4,     0
             0,         0,             0,          0,            1,          0.54,                   0,              4,           0,                 1,           6,           5,     0
             0,         0,             1,          0,            0,          0.0 ,                  91,              3,           1,                 0,           1,           5,     0
             0,         0,             0,          0,            0,          0.0 ,                  19,              2,           0,                 0,           9,           6,     0
             1,         0,             1,          1,            0,          0.0 ,                  87,              3,           1,                 0,           5,           5,     0
             1,         0,             1,          1,            1,          0.99,                   0,              3,           1,                 0,           5,           5,     1
             1,         0,             0,          0,            1,          0.29,                   0,              4,           0,                 1,          11,          11,     0
             0,         0,             0,          1,            1,          0.23,                   0,              3,           1,                 0,           3,           2,     0
             0,         0,             0,          0,            1,          0.44,                   0,              4,           0,                 1,           9,           5,     1
             0,         0,             0,          0,            0,          0.0 ,                  19,              4,           0,                 1,          13,          10,     0
             0,         0,             0,          1,            0,          0.0 ,                  80,              3,           1,                 0,           5,          10,     1
             1,         0,             1,          0,            0,          0.0 ,                  31,              3,           1,                 0,           1,           1,     0
             1,         0,             1,          0,            1,          0.68,                   0,              3,           1,                 0,          12,          12,     1
             0,         0,             0,          1,            0,          0.0 ,                  25,              3,           1,                 0,          10,           7,     0
             0,         0,             0,          1,            1,          0.33,                   0,              4,           0,                 1,          15,          15,     0
             1,         1,             1,          0,            0,          0.0 ,                  49,              4,           0,                 1,           6,           6,     1
             1,         1,             0,          0,            1,          0.61,                   0,              1,           0,                 0,           8,           8,     1
             1,         0,             1,          1,            0,          0.0 ,                  46,              3,           1,                 0,           9,           9,     0
             0,         0,             1,          0,            1,          0.12,                   0,              3,           1,                 0,           5,           3,     0
             0,         0,             0,          1,            0,          0.0 ,                  64,              3,           1,                 0,           5,           5,     0
             0,         0,             1,          1,            1,          0.4 ,                   0,              2,           0,                 0,           3,           3,     0
             0,         0,             0,          0,            1,          0.29,                   0,              3,           1,                 0,          13,          13,     0
             0,         0,             0,          0,            0,          0.0 ,                  97,              4,           0,                 1,          10,           1,     0
             0,         0,             1,          1,            0,          0.0 ,                  58,              3,           1,                 0,           1,           4,     0
             1,         0,             0,          1,            0,          0.0 ,                  79,              4,           0,                 1,           9,           9,     0
             1,         0,             0,          1,            1,          0.85,                   0,              3,           1,                 0,           8,           8,     1
             0,         0,             0,          0,            1,          0.24,                   0,              3,           1,                 0,           2,           2,     0
             0,         0,             0,          0,            1,          0.16,                   0,              3,           1,                 0,          10,           3,     0
             0,         0,             1,          0,            0,          0.0 ,                   8,              2,           0,                 0,           2,           7,     0
             0,         0,             0,          0,            1,          0.96,                   0,              4,           0,                 1,          10,          12,     1
             0,         0,             0,          1,            0,          0.0 ,                   5,              2,           0,                 0,           5,          13,     0
             1,         0,             1,          1,            1,          0.2 ,                   0,              4,           0,                 1,          12,          12,     1
             0,         0,             1,          0,            1,          0.57,                   0,              4,           0,                 1,           8,          15,     1
             0,         0,             0,          0,            0,          0.0 ,                  73,              4,           0,                 1,           9,          12,     0
             1,         1,             0,          0,            1,          0.12,                   0,              1,           0,                 0,           9,           9,     0
             1,         0,             0,          1,            0,          0.0 ,                  32,              3,           1,                 0,           5,           5,     1
             0,         0,             1,          0,            0,          0.0 ,                  98,              3,           1,                 0,           4,           5,     0
             1,         1,             0,          0,            0,          0.0 ,                  12,              4,           0,                 1,          10,          10,     0
             1,         1,             1,          1,            1,          0.71,                   0,              3,           1,                 0,          10,          10,     1
             0,         0,             0,          0,            1,          0.57,                   0,              3,           1,                 0,          10,           3,     1
             0,         0,             0,          1,            1,          0.65,                   0,              4,           0,                 1,          10,           7,     1
             0,         0,             1,          0,            0,          0.0 ,                  75,              4,           0,                 1,           2,           3,     1
             1,         1,             1,          0,            1,          0.51,                   0,              3,           1,                 0,           3,           3,     1
             1,         1,             0,          0,            1,          0.41,                   0,              3,           1,                 0,           1,           1,     0
             0,         0,             1,          1,            1,          0.95,                   0,              3,           1,                 0,           5,           2,     1
             0,         0,             0,          0,            0,          0.0 ,                  72,              3,           1,                 0,           2,          10,     0
             0,         0,             1,          0,            0,          0.0 ,                  48,              4,           0,                 1,           9,           4,     1
             0,         0,             1,          0,            1,          0.49,                   0,              3,           1,                 0,           3,           8,     0
             1,         0,             0,          0,            0,          0.0 ,                   5,              3,           1,                 0,           4,           4,     0
             0,         0,             0,          0,            1,          0.45,                   0,              4,           0,                 1,           7,          12,     0
             0,         0,             1,          0,            0,          0.0 ,                  59,              4,           0,                 1,          11,           9,     1
             0,         0,             0,          1,            1,          0.81,                   0,              1,           0,                 0,           6,           9,     1
             0,         0,             1,          0,            1,          0.86,                   0,              1,           0,                 0,           7,          14,     0
             1,         1,             1,          0,            0,          0.0 ,                  75,              3,           1,                 0,          15,          15,     1
             0,         0,             0,          1,            0,          0.0 ,                  21,              3,           1,                 0,          15,          13,     0
             1,         1,             1,          0,            1,          0.44,                   0,              2,           0,                 0,           8,           8,     0
             0,         0,             1,          1,            1,          0.92,                   0,              2,           0,                 0,           6,           7,     1
             1,         1,             1,          0,            1,          0.68,                   0,              2,           0,                 0,           5,           5,     1
             1,         0,             0,          1,            0,          0.0 ,                  62,              3,           1,                 0,          10,          10,     0
             0,         0,             1,          0,            1,          0.23,                   0,              2,           0,                 0,           6,           9,     0
             0,         0,             1,          1,            1,          0.97,                   0,              2,           0,                 0,           2,           2,     1
             1,         0,             1,          1,            0,          0.0 ,                  80,              4,           0,                 1,          11,          11,     1
             0,         0,             1,          1,            1,          0.79,                   0,              3,           1,                 0,           8,          14,     1
             0,         0,             1,          0,            1,          0.35,                   0,              3,           1,                 0,           2,           5,     0
             1,         0,             1,          0,            1,          0.35,                   0,              4,           0,                 1,           1,           1,     1
             0,         0,             0,          1,            0,          0.0 ,                  27,              4,           0,                 1,           7,          10,     0
             0,         0,             1,          1,            1,          0.21,                   0,              3,           1,                 0,           8,          12,     0
             1,         1,             1,          1,            1,          0.87,                   0,              3,           1,                 0,           1,           1,     1
             1,         0,             1,          0,            0,          0.0 ,                  69,              2,           0,                 0,          13,          13,     0
             1,         1,             0,          0,            0,          0.0 ,                  10,              3,           1,                 0,           6,           6,     0
             0,         0,             0,          1,            0,          0.0 ,                  29,              4,           0,                 1,          14,          15,     0
             1,         0,             1,          1,            1,          0.34,                   0,              4,           0,                 1,           5,           5,     1
             0,         0,             0,          0,            0,          0.0 ,                  95,              1,           0,                 0,          14,           5,     0
             0,         0,             0,          1,            0,          0.0 ,                  58,              3,           1,                 0,           8,           2,     0
             0,         0,             1,          1,            0,          0.0 ,                  98,              3,           1,                 0,          12,           5,     0
             0,         0,             1,          1,            0,          0.0 ,                  70,              4,           0,                 1,          14,           5,     1
             0,         0,             1,          1,            1,          0.5 ,                   0,              4,           0,                 1,          12,           1,     1
             0,         0,             0,          1,            0,          0.0 ,                  55,              3,           1,                 0,           9,           1,     0
             0,         0,             0,          0,            0,          0.0 ,                  51,              3,           1,                 0,          11,           1,     0
             0,         0,             0,          1,            1,          0.16,                   0,              3,           1,                 0,           8,          10,     0
             1,         0,             1,          0,            1,          0.69,                   0,              2,           0,                 0,           2,           2,     1
             1,         1,             0,          0,            1,          0.96,                   0,              3,           1,                 0,           9,           9,     1
             1,         0,             1,          1,            1,          0.84,                   0,              1,           0,                 0,           1,           1,     1
             1,         0,             0,          1,            1,          0.98,                   0,              4,           0,                 1,          15,          15,     1
             0,         0,             1,          0,            1,          0.25,                   0,              3,           1,                 0,          14,           5,     0
             0,         0,             0,          0,            1,          0.24,                   0,              3,           1,                 0,          13,           8,     0
             1,         0,             0,          0,            1,          0.64,                   0,              4,           0,                 1,          12,          12,     1
             0,         0,             0,          0,            0,          0.0 ,                  13,              3,           1,                 0,          10,          13,     1
             0,         0,             0,          1,            1,          0.75,                   0,              3,           1,                 0,           1,           4,     1
             1,         0,             0,          0,            1,          0.41,                   0,              3,           1,                 0,          12,          12,     0
             1,         0,             1,          1,            0,          0.0 ,                  37,              2,           0,                 0,           8,           8,     0
             0,         0,             0,          1,            1,          0.34,                   0,              1,           0,                 0,          15,           5,     0
             1,         1,             0,          1,            1,          0.82,                   0,              3,           1,                 0,          10,          10,     1
             1,         0,             1,          0,            0,          0.0 ,                   2,              3,           1,                 0,          12,          12,     0
             0,         0,             0,          0,            0,          0.0 ,                  20,              4,           0,                 1,          15,           7,     0
             0,         0,             1,          0,            0,          0.0 ,                  91,              3,           1,                 0,          14,          15,     0
             0,         0,             0,          1,            1,          0.84,                   0,              2,           0,                 0,           6,           3,     1
             1,         0,             1,          0,            1,          0.5 ,                   0,              3,           1,                 0,           5,           5,     0
             1,         0,             0,          0,            0,          0.0 ,                  64,              1,           0,                 0,           4,           4,     0
             0,         0,             1,          0,            1,          0.41,                   0,              1,           0,                 0,           2,          10,     0
             0,         0,             1,          1,            1,          0.28,                   0,              3,           1,                 0,          10,           5,     0
             1,         1,             1,          1,            1,          0.52,                   0,              3,           1,                 0,           7,           7,     1
             1,         0,             1,          1,            0,          0.0 ,                  66,              3,           1,                 0,           4,           4,     0
             0,         0,             1,          0,            0,          0.0 ,                  49,              3,           1,                 0,          12,           6,     0
             1,         0,             1,          0,            0,          0.0 ,                  20,              3,           1,                 0,          12,          12,     0
             1,         0,             1,          0,            1,          0.48,                   0,              2,           0,                 0,          11,          11,     0
             1,         1,             0,          1,            1,          0.96,                   0,              4,           0,                 1,           9,           9,     1
             1,         1,             0,          1,            0,          0.0 ,                  94,              3,           1,                 0,           4,           4,     0
             1,         0,             1,          0,            0,          0.0 ,                  91,              3,           1,                 0,           9,           9,     0
             0,         0,             0,          1,            0,          0.0 ,                  75,              4,           0,                 1,          15,          11,     0
             0,         0,             0,          1,            1,          0.52,                   0,              3,           1,                 0,           5,           7,     1
             1,         0,             1,          1,            0,          0.0 ,                  66,              3,           1,                 0,          11,          11,     0
             0,         0,             0,          0,            0,          0.0 ,                  26,              3,           1,                 0,          11,           1,     0
             0,         0,             0,          1,            0,          0.0 ,                  36,              2,           0,                 0,          13,           2,     0
             1,         1,             0,          0,            1,          0.57,                   0,              4,           0,                 1,          10,          10,     1
             0,         0,             0,          1,            1,          0.42,                   0,              3,           1,                 0,          10,          13,     0
             1,         0,             1,          1,            1,          0.31,                   0,              3,           1,                 0,          11,          11,     1
             1,         1,             1,          1,            1,          0.28,                   0,              3,           1,                 0,           1,           1,     1
             0,         0,             0,          1,            1,          0.71,                   0,              3,           1,                 0,           3,          11,     1
             1,         1,             1,          1,            0,          0.0 ,                  16,              2,           0,                 0,          12,          12,     0
             0,         0,             0,          1,            0,          0.0 ,                  41,              4,           0,                 1,           9,           3,     0
             1,         1,             0,          1,            0,          0.0 ,                  33,              4,           0,                 1,           7,           7,     0
             0,         0,             1,          0,            1,          0.76,                   0,              4,           0,                 1,          11,          15,     1
             1,         0,             1,          0,            0,          0.0 ,                  76,              3,           1,                 0,           5,           5,     0
             1,         1,             0,          0,            0,          0.0 ,                  29,              3,           1,                 0,          10,          10,     0
             1,         0,             0,          1,            0,          0.0 ,                  96,              1,           0,                 0,           7,           7,     0
             0,         0,             0,          1,            1,          0.47,                   0,              1,           0,                 0,          10,          13,     0
             1,         0,             1,          0,            1,          0.64,                   0,              4,           0,                 1,          15,          15,     1
             0,         0,             1,          1,            0,          0.0 ,                  15,              3,           1,                 0,           6,          15,     1
             1,         1,             0,          1,            1,          0.64,                   0,              3,           1,                 0,          15,          15,     1
             1,         1,             0,          1,            1,          0.33,                   0,              3,           1,                 0,          12,          12,     0
             0,         0,             0,          0,            1,          0.82,                   0,              3,           1,                 0,           8,           9,     1
             1,         1,             0,          0,            1,          0.47,                   0,              1,           0,                 0,          15,          15,     0
             1,         0,             1,          0,            0,          0.0 ,                  56,              3,           1,                 0,          13,          13,     0
             0,         0,             1,          0,            1,          0.95,                   0,              2,           0,                 0,          14,           7,     1
             1,         1,             1,          0,            1,          0.41,                   0,              4,           0,                 1,          10,          10,     1
             1,         1,             1,          0,            0,          0.0 ,                  69,              3,           1,                 0,           2,           2,     1
             0,         0,             0,          0,            1,          0.3 ,                   0,              3,           1,                 0,          10,           3,     0
             1,         1,             0,          1,            0,          0.0 ,                  26,              1,           0,                 0,           2,           2,     0
             0,         0,             1,          1,            0,          0.0 ,                  11,              3,           1,                 0,           4,           2,     0
             0,         0,             1,          1,            1,          0.29,                   0,              3,           1,                 0,           3,           2,     0
             0,         0,             1,          0,            0,          0.0 ,                  48,              3,           1,                 0,          10,           2,     0
             1,         0,             0,          0,            1,          0.79,                   0,              4,           0,                 1,           3,           3,     1
             1,         1,             1,          0,            0,          0.0 ,                  39,              2,           0,                 0,          10,          10,     0
             1,         1,             1,          1,            0,          0.0 ,                  54,              4,           0,                 1,           2,           2,     0
             1,         0,             1,          0,            0,          0.0 ,                  66,              3,           1,                 0,           1,           1,     0
             0,         0,             1,          0,            1,          0.79,                   0,              4,           0,                 1,           7,           3,     1
             1,         1,             0,          1,            0,          0.0 ,                   9,              4,           0,                 1,          14,          14,     0
             0,         0,             1,          1,            1,          0.2 ,                   0,              2,           0,                 0,          14,          11,     0
             0,         0,             0,          0,            1,          0.56,                   0,              3,           1,                 0,           9,           8,     1
             0,         0,             1,          1,            1,          0.37,                   0,              2,           0,                 0,           6,          11,     0
             1,         0,             0,          0,            1,          0.97,                   0,              3,           1,                 0,           3,           3,     1
             0,         0,             1,          0,            0,          0.0 ,                  90,              4,           0,                 1,          15,          11,     1
             0,         0,             0,          0,            1,          0.7 ,                   0,              3,           1,                 0,          11,           2,     1
             1,         0,             1,          0,            1,          0.75,                   0,              3,           1,                 0,           5,           5,     1
             1,         1,             1,          0,            1,          0.38,                   0,              3,           1,                 0,           7,           7,     1
             1,         1,             0,          0,            0,          0.0 ,                  71,              4,           0,                 1,          12,          12,     0
             1,         0,             0,          0,            0,          0.0 ,                   9,              3,           1,                 0,           6,           6,     0
             0,         0,             0,          0,            0,          0.0 ,                  71,              4,           0,                 1,           1,           2,     0
             1,         0,             1,          1,            1,          0.52,                   0,              4,           0,                 1,           6,           6,     1
             1,         1,             0,          1,            0,          0.0 ,                  53,              3,           1,                 0,          15,          15,     0
             1,         0,             0,          1,            1,          0.5 ,                   0,              3,           1,                 0,          10,          10,     0
             1,         0,             1,          1,            0,          0.0 ,                  82,              4,           0,                 1,          15,          15,     1
             0,         0,             0,          0,            0,          0.0 ,                  67,              3,           1,                 0,           1,           4,     0
             1,         1,             0,          1,            0,          0.0 ,                  51,              3,           1,                 0,           2,           2,     0
             0,         0,             0,          1,            0,          0.0 ,                  80,              4,           0,                 1,           2,           4,     0
             1,         1,             1,          1,            1,          0.51,                   0,              3,           1,                 0,           9,           9,     1
             0,         0,             1,          1,            0,          0.0 ,                  34,              3,           1,                 0,           1,           4,     0
             0,         0,             1,          1,            1,          0.31,                   0,              3,           1,                 0,          12,          10,     0
             0,         0,             1,          1,            1,          0.81,                   0,              1,           0,                 0,           1,           5,     1
             1,         1,             0,          1,            0,          0.0 ,                  23,              2,           0,                 0,           5,           5,     0
             0,         0,             0,          1,            1,          0.14,                   0,              3,           1,                 0,          13,           1,     0
             1,         1,             1,          1,            0,          0.0 ,                  24,              3,           1,                 0,          12,          12,     1
             0,         0,             1,          1,            1,          0.8 ,                   0,              4,           0,                 1,           4,           3,     1
             1,         0,             0,          0,            0,          0.0 ,                  81,              4,           0,                 1,           6,           6,     0
             0,         0,             1,          1,            0,          0.0 ,                  56,              4,           0,                 1,           7,          10,     1
             0,         0,             0,          1,            1,          0.92,                   0,              4,           0,                 1,          11,           6,     1
             1,         1,             1,          0,            1,          0.46,                   0,              3,           1,                 0,           7,           7,     1
             0,         0,             0,          0,            1,          0.22,                   0,              2,           0,                 0,           8,           9,     0
             1,         1,             1,          0,            0,          0.0 ,                  86,              3,           1,                 0,          13,          13,     1
             0,         0,             1,          0,            0,          0.0 ,                  46,              3,           1,                 0,          11,          12,     0
             1,         1,             1,          0,            0,          0.0 ,                   8,              3,           1,                 0,           9,           9,     1
             1,         0,             0,          0,            1,          0.43,                   0,              4,           0,                 1,          11,          11,     0
             1,         0,             1,          1,            0,          0.0 ,                  89,              4,           0,                 1,          13,          13,     1
             0,         0,             0,          0,            1,          0.41,                   0,              3,           1,                 0,          15,          13,     0
             0,         0,             0,          0,            0,          0.0 ,                  15,              3,           1,                 0,          11,           5,     0
             1,         1,             1,          0,            0,          0.0 ,                  56,              3,           1,                 0,           1,           1,     1
             0,         0,             1,          1,            0,          0.0 ,                  99,              1,           0,                 0,           3,           8,     0
             1,         1,             1,          1,            1,          0.87,                   0,              4,           0,                 1,           3,           3,     1
             0,         0,             1,          1,            0,          0.0 ,                  68,              3,           1,                 0,           8,          14,     0
             0,         0,             1,          0,            1,          0.99,                   0,              3,           1,                 0,          10,          14,     1
             0,         0,             1,          1,            1,          0.29,                   0,              3,           1,                 0,          12,           3,     0
             1,         0,             1,          0,            1,          0.95,                   0,              4,           0,                 1,          12,          12,     1
             1,         1,             0,          1,            0,          0.0 ,                  90,              2,           0,                 0,           5,           5,     0
             0,         0,             0,          1,            1,          0.65,                   0,              3,           1,                 0,          11,           5,     1
             1,         0,             1,          0,            1,          0.17,                   0,              1,           0,                 0,          15,          15,     0
             0,         0,             0,          0,            0,          0.0 ,                  82,              3,           1,                 0,          14,          14,     0
             0,         0,             0,          0,            1,          0.75,                   0,              2,           0,                 0,           3,          14,     1
             0,         0,             1,          1,            1,          0.22,                   0,              2,           0,                 0,          11,           3,     0
             1,         0,             0,          0,            1,          0.48,                   0,              4,           0,                 1,           7,           7,     0
             0,         0,             1,          0,            0,          0.0 ,                  78,              3,           1,                 0,           3,           5,     0
             1,         0,             0,          0,            1,          0.48,                   0,              4,           0,                 1,          14,          14,     0
             0,         0,             0,          0,            1,          0.48,                   0,              3,           1,                 0,           9,           2,     0
             0,         0,             0,          0,            0,          0.0 ,                  41,              4,           0,                 1,           1,          10,     0
             0,         0,             1,          1,            1,          0.37,                   0,              2,           0,                 0,           6,           3,     0
             0,         0,             0,          1,            0,          0.0 ,                  58,              1,           0,                 0,          13,           4,     0
             0,         0,             1,          1,            1,          0.24,                   0,              3,           1,                 0,           1,          15,     0
             1,         0,             1,          1,            1,          0.28,                   0,              4,           0,                 1,          10,          10,     1
             0,         0,             1,          0,            0,          0.0 ,                  31,              4,           0,                 1,           8,           8,     1
             0,         0,             1,          0,            0,          0.0 ,                  47,              3,           1,                 0,           7,           9,     0
             0,         0,             1,          1,            1,          0.16,                   0,              4,           0,                 1,           3,          15,     1
             1,         0,             0,          1,            0,          0.0 ,                  61,              2,           0,                 0,           6,           6,     0
             1,         1,             1,          0,            1,          0.41,                   0,              4,           0,                 1,           9,           9,     1
             1,         0,             1,          1,            1,          0.5 ,                   0,              3,           1,                 0,           1,           1,     0
             1,         0,             1,          1,            0,          0.0 ,                  52,              1,           0,                 0,           2,           2,     0
             1,         1,             0,          0,            1,          0.11,                   0,              3,           1,                 0,          10,          10,     1
             0,         0,             0,          1,            1,          0.6 ,                   0,              3,           1,                 0,           7,           6,     1
             1,         0,             0,          0,            0,          0.0 ,                  76,              3,           1,                 0,          14,          14,     0
             0,         0,             1,          0,            0,          0.0 ,                  64,              4,           0,                 1,          13,           4,     1
             1,         0,             0,          0,            0,          0.0 ,                  55,              4,           0,                 1,           1,           1,     0
             1,         1,             1,          1,            0,          0.0 ,                  40,              1,           0,                 0,           9,           9,     0
             0,         0,             0,          1,            1,          0.52,                   0,              3,           1,                 0,          13,           1,     1
             1,         0,             1,          1,            1,          0.87,                   0,              3,           1,                 0,           5,           5,     1
             0,         0,             1,          0,            0,          0.0 ,                  40,              3,           1,                 0,          15,           9,     0
             0,         0,             1,          1,            1,          0.54,                   0,              2,           0,                 0,           6,           1,     1
             1,         0,             1,          1,            1,          0.45,                   0,              2,           0,                 0,           5,           5,     1
             0,         0,             0,          1,            0,          0.0 ,                  37,              3,           1,                 0,           7,          15,     0
             0,         0,             1,          0,            1,          0.91,                   0,              4,           0,                 1,           6,           9,     1
             0,         0,             1,          0,            0,          0.0 ,                  47,              3,           1,                 0,           2,           2,     1
             1,         1,             0,          0,            1,          0.43,                   0,              3,           1,                 0,           1,           1,     0
             1,         1,             0,          0,            1,          0.44,                   0,              4,           0,                 1,          10,          10,     0
             0,         0,             1,          1,            0,          0.0 ,                  25,              2,           0,                 0,           4,           2,     0
             0,         0,             0,          1,            0,          0.0 ,                  53,              4,           0,                 1,           4,           1,     0
             0,         0,             1,          0,            1,          0.51,                   0,              3,           1,                 0,           6,           2,     1
             0,         0,             0,          1,            0,          0.0 ,                  10,              3,           1,                 0,          15,          13,     0
             1,         0,             0,          1,            1,          0.99,                   0,              4,           0,                 1,           5,           5,     1
             0,         0,             0,          0,            0,          0.0 ,                  16,              1,           0,                 0,          15,           7,     0
             1,         1,             0,          1,            0,          0.0 ,                  73,              3,           1,                 0,           2,           2,     0
             0,         0,             1,          1,            0,          0.0 ,                  86,              4,           0,                 1,          15,          12,     1
             1,         1,             1,          0,            1,          0.97,                   0,              3,           1,                 0,          15,          15,     1
             0,         0,             1,          0,            1,          0.92,                   0,              2,           0,                 0,          12,           4,     1
             1,         0,             1,          0,            0,          0.0 ,                   1,              4,           0,                 1,           9,           9,     1
             1,         1,             0,          0,            0,          0.0 ,                  63,              4,           0,                 1,           9,           9,     0
             1,         0,             0,          1,            0,          0.0 ,                  10,              2,           0,                 0,           4,           4,     0
             0,         0,             0,          1,            1,          0.44,                   0,              3,           1,                 0,           5,           3,     0
             1,         0,             0,          1,            1,          0.74,                   0,              3,           1,                 0,           7,           7,     1
             1,         1,             0,          0,            0,          0.0 ,                  24,              3,           1,                 0,          13,          13,     1
             0,         0,             1,          0,            1,          0.52,                   0,              3,           1,                 0,          13,           4,     1
             1,         0,             1,          0,            0,          0.0 ,                  19,              1,           0,                 0,           6,           6,     0
             0,         0,             1,          1,            0,          0.0 ,                  31,              1,           0,                 0,          11,          14,     1
             0,         0,             0,          0,            1,          0.43,                   0,              3,           1,                 0,           8,           5,     0
             1,         0,             1,          1,            0,          0.0 ,                  22,              4,           0,                 1,           2,           2,     1
             0,         0,             1,          0,            0,          0.0 ,                 100,              1,           0,                 0,          13,           2,     0
             0,         0,             1,          0,            0,          0.0 ,                  87,              3,           1,                 0,           9,           2,     0
             0,         0,             1,          1,            0,          0.0 ,                  40,              3,           1,                 0,           9,          15,     0
             1,         0,             0,          0,            1,          0.27,                   0,              2,           0,                 0,           6,           6,     0
             0,         0,             0,          1,            1,          0.78,                   0,              4,           0,                 1,           1,           8,     1
             0,         0,             1,          1,            0,          0.0 ,                  32,              3,           1,                 0,           3,           5,     0
             1,         1,             1,          0,            1,          0.86,                   0,              4,           0,                 1,          13,          13,     1
             0,         0,             1,          1,            1,          0.76,                   0,              3,           1,                 0,           9,           7,     1
             0,         0,             0,          0,            0,          0.0 ,                  54,              4,           0,                 1,          13,          13,     0
             0,         0,             1,          0,            1,          0.76,                   0,              3,           1,                 0,           1,          13,     1
             0,         0,             1,          0,            0,          0.0 ,                  78,              3,           1,                 0,           6,          13,     0
             0,         0,             0,          0,            1,          0.4 ,                   0,              1,           0,                 0,           7,          15,     0
             1,         0,             1,          0,            0,          0.0 ,                  38,              3,           1,                 0,           9,           9,     0
             1,         0,             1,          0,            0,          0.0 ,                  33,              1,           0,                 0,           3,           3,     0
             0,         0,             1,          1,            1,          0.14,                   0,              2,           0,                 0,           2,           3,     1
             0,         0,             1,          1,            1,          0.13,                   0,              3,           1,                 0,           2,          10,     0
             1,         0,             0,          0,            0,          0.0 ,                  52,              3,           1,                 0,           3,           3,     0
             1,         1,             0,          0,            0,          0.0 ,                  23,              3,           1,                 0,          15,          15,     0
             1,         0,             1,          0,            0,          0.0 ,                  90,              3,           1,                 0,          10,          10,     0
             0,         0,             0,          0,            0,          0.0 ,                  42,              2,           0,                 0,           7,           2,     0
             1,         0,             0,          1,            1,          0.48,                   0,              1,           0,                 0,           5,           5,     0
             1,         0,             0,          0,            0,          0.0 ,                  82,              4,           0,                 1,           7,           7,     0
             1,         0,             0,          0,            0,          0.0 ,                  10,              3,           1,                 0,          11,          11,     0
             0,         0,             1,          0,            0,          0.0 ,                  70,              2,           0,                 0,          10,           1,     0
             0,         0,             0,          1,            0,          0.0 ,                  16,              1,           0,                 0,           5,          15,     0
             1,         1,             1,          0,            0,          0.0 ,                  13,              3,           1,                 0,           7,           7,     1
             0,         0,             0,          0,            1,          0.97,                   0,              3,           1,                 0,           6,          11,     1
             1,         1,             1,          1,            0,          0.0 ,                  61,              4,           0,                 1,          13,          13,     1
             1,         1,             1,          1,            0,          0.0 ,                   4,              1,           0,                 0,           7,           7,     0
             0,         0,             1,          1,            0,          0.0 ,                  89,              3,           1,                 0,          12,           6,     0
             1,         0,             0,          1,            0,          0.0 ,                  97,              4,           0,                 1,           1,           1,     0
             1,         1,             1,          0,            0,          0.0 ,                  12,              4,           0,                 1,          11,          11,     1
             0,         0,             0,          1,            1,          0.77,                   0,              3,           1,                 0,           1,           1,     1
             1,         0,             0,          0,            0,          0.0 ,                  60,              3,           1,                 0,          10,          10,     0
             1,         1,             1,          0,            1,          0.3 ,                   0,              2,           0,                 0,          15,          15,     0
             1,         0,             0,          1,            0,          0.0 ,                  40,              4,           0,                 1,           2,           2,     0
             0,         0,             0,          1,            0,          0.0 ,                  31,              4,           0,                 1,           9,           2,     0
             1,         0,             1,          0,            0,          0.0 ,                  46,              4,           0,                 1,           3,           3,     1
             0,         0,             0,          0,            0,          0.0 ,                  28,              3,           1,                 0,           9,           5,     0
             1,         1,             1,          0,            0,          0.0 ,                  86,              2,           0,                 0,           3,           3,     0
             0,         0,             1,          1,            0,          0.0 ,                  54,              4,           0,                 1,           7,           5,     1
             1,         0,             1,          0,            1,          0.45,                   0,              3,           1,                 0,           3,           3,     0
             1,         0,             1,          0,            1,          0.29,                   0,              2,           0,                 0,           5,           5,     0
             0,         0,             0,          0,            1,          0.86,                   0,              4,           0,                 1,          11,          12,     1
             0,         0,             0,          1,            1,          0.22,                   0,              3,           1,                 0,           9,           7,     0
             0,         0,             0,          1,            1,          0.45,                   0,              4,           0,                 1,           3,          10,     0
             1,         1,             1,          0,            1,          0.82,                   0,              3,           1,                 0,           3,           3,     1
             0,         0,             1,          0,            0,          0.0 ,                  16,              3,           1,                 0,           2,          15,     0
             0,         0,             1,          1,            0,          0.0 ,                  30,              1,           0,                 0,           3,           4,     1
             1,         1,             1,          0,            1,          0.4 ,                   0,              3,           1,                 0,          10,          10,     1
             0,         0,             1,          0,            0,          0.0 ,                  17,              4,           0,                 1,          15,           2,     1
             1,         1,             0,          0,            0,          0.0 ,                  52,              3,           1,                 0,          10,          10,     0
             0,         0,             0,          0,            1,          0.68,                   0,              3,           1,                 0,          15,           8,     1
             0,         0,             0,          0,            1,          0.38,                   0,              1,           0,                 0,          14,          12,     0
             0,         0,             0,          1,            1,          0.21,                   0,              4,           0,                 1,          12,           2,     0
             0,         0,             0,          0,            0,          0.0 ,                  53,              4,           0,                 1,           1,          13,     0
             1,         1,             0,          0,            0,          0.0 ,                   6,              3,           1,                 0,          13,          13,     0
             0,         0,             0,          0,            0,          0.0 ,                   5,              3,           1,                 0,          10,           8,     0
             1,         1,             0,          1,            1,          0.68,                   0,              2,           0,                 0,           5,           5,     1
             0,         0,             1,          0,            0,          0.0 ,                  10,              3,           1,                 0,           5,           8,     1
             0,         0,             1,          1,            0,          0.0 ,                  45,              1,           0,                 0,          12,           9,     0
             0,         0,             1,          0,            0,          0.0 ,                  34,              1,           0,                 0,           4,           3,     0
             0,         0,             1,          0,            0,          0.0 ,                  20,              3,           1,                 0,           1,          15,     0
             1,         1,             1,          1,            1,          0.61,                   0,              1,           0,                 0,          10,          10,     1
             0,         0,             1,          1,            1,          0.88,                   0,              3,           1,                 0,           2,          10,     1
             1,         1,             1,          1,            0,          0.0 ,                  46,              2,           0,                 0,          12,          12,     0
             1,         1,             1,          1,            0,          0.0 ,                  88,              2,           0,                 0,           6,           6,     1
             1,         0,             0,          1,            0,          0.0 ,                  56,              3,           1,                 0,          11,          11,     0
             0,         0,             1,          1,            1,          0.62,                   0,              2,           0,                 0,           1,           9,     1
             0,         0,             1,          1,            0,          0.0 ,                  36,              3,           1,                 0,          15,          12,     0
             0,         0,             1,          1,            0,          0.0 ,                  81,              1,           0,                 0,          15,           3,     0
             0,         0,             1,          0,            1,          0.74,                   0,              3,           1,                 0,           6,           6,     1
             0,         0,             0,          0,            1,          0.73,                   0,              2,           0,                 0,          14,           9,     1
             1,         1,             0,          0,            0,          0.0 ,                   8,              3,           1,                 0,          15,          15,     0
             0,         0,             0,          1,            0,          0.0 ,                  42,              3,           1,                 0,          11,           6,     0
             1,         0,             0,          0,            0,          0.0 ,                  75,              3,           1,                 0,          13,          13,     0
             1,         1,             1,          1,            1,          0.44,                   0,              3,           1,                 0,           5,           5,     1
             1,         1,             1,          1,            1,          0.55,                   0,              3,           1,                 0,          15,          15,     1
             1,         0,             1,          1,            1,          0.61,                   0,              3,           1,                 0,          11,          11,     1
             0,         0,             0,          1,            1,          0.58,                   0,              1,           0,                 0,           3,          11,     1
             1,         1,             0,          1,            0,          0.0 ,                  42,              3,           1,                 0,           9,           9,     0
             0,         0,             1,          0,            0,          0.0 ,                  69,              1,           0,                 0,          13,           5,     0
             1,         0,             0,          0,            1,          0.64,                   0,              1,           0,                 0,           9,           9,     1
             0,         0,             1,          0,            1,          0.68,                   0,              4,           0,                 1,           1,          12,     1
             0,         0,             0,          0,            1,          0.42,                   0,              2,           0,                 0,           1,           7,     0
             1,         1,             1,          1,            1,          0.99,                   0,              2,           0,                 0,          10,          10,     1
             0,         0,             0,          1,            0,          0.0 ,                 100,              2,           0,                 0,          10,           1,     0
             0,         0,             1,          1,            0,          0.0 ,                  97,              4,           0,                 1,           5,           4,     1
             1,         0,             1,          0,            1,          0.79,                   0,              4,           0,                 1,           5,           5,     1
             1,         1,             0,          1,            0,          0.0 ,                  62,              3,           1,                 0,           7,           7,     0
             1,         1,             0,          1,            1,          0.5 ,                   0,              4,           0,                 1,          15,          15,     0
             1,         0,             1,          1,            1,          0.72,                   0,              3,           1,                 0,           2,           2,     1
             1,         0,             0,          1,            1,          0.88,                   0,              3,           1,                 0,           8,           8,     1
             1,         1,             1,          1,            1,          0.36,                   0,              3,           1,                 0,           8,           8,     1
             1,         1,             0,          1,            1,          0.38,                   0,              3,           1,                 0,           2,           2,     0
             1,         1,             1,          1,            0,          0.0 ,                   4,              4,           0,                 1,           7,           7,     1
             1,         0,             0,          1,            1,          0.28,                   0,              4,           0,                 1,           5,           5,     0
             0,         0,             1,          1,            1,          0.24,                   0,              3,           1,                 0,           8,           8,     0
             0,         0,             1,          0,            0,          0.0 ,                  66,              3,           1,                 0,          15,          15,     0
             0,         0,             1,          1,            1,          0.2 ,                   0,              4,           0,                 1,           7,           2,     1
             1,         0,             1,          0,            0,          0.0 ,                  38,              1,           0,                 0,           7,           7,     0
             0,         0,             1,          0,            1,          0.26,                   0,              4,           0,                 1,           8,          15,     1
             1,         1,             1,          0,            0,          0.0 ,                 100,              3,           1,                 0,           3,           3,     1
             0,         0,             1,          0,            1,          0.43,                   0,              1,           0,                 0,          10,           9,     0
             1,         0,             1,          0,            1,          0.48,                   0,              3,           1,                 0,          11,          11,     0
             0,         0,             1,          1,            1,          0.44,                   0,              3,           1,                 0,           1,           2,     0
             1,         0,             0,          0,            1,          0.33,                   0,              3,           1,                 0,           7,           7,     0
             0,         0,             1,          1,            0,          0.0 ,                  70,              4,           0,                 1,           2,           8,     1
             0,         0,             0,          0,            1,          0.6 ,                   0,              2,           0,                 0,          10,           7,     1
             0,         0,             1,          0,            0,          0.0 ,                  42,              3,           1,                 0,           6,           5,     0
             1,         1,             1,          1,            1,          0.61,                   0,              4,           0,                 1,           6,           6,     1
             1,         1,             0,          1,            1,          0.86,                   0,              3,           1,                 0,          11,          11,     1
             0,         0,             0,          0,            1,          0.75,                   0,              2,           0,                 0,          15,           2,     1
             0,         0,             1,          0,            0,          0.0 ,                  50,              3,           1,                 0,           9,          12,     0
             0,         0,             0,          0,            1,          0.94,                   0,              3,           1,                 0,           1,           7,     1
             1,         1,             0,          0,            0,          0.0 ,                  32,              4,           0,                 1,           9,           9,     0
             1,         1,             1,          0,            1,          0.96,                   0,              3,           1,                 0,           2,           2,     1
             0,         0,             1,          0,            1,          0.63,                   0,              3,           1,                 0,          15,           6,     1
             1,         0,             0,          0,            0,          0.0 ,                  36,              3,           1,                 0,          13,          13,     0
             0,         0,             1,          1,            1,          0.43,                   0,              4,           0,                 1,          12,          11,     1
             0,         0,             1,          1,            0,          0.0 ,                  76,              4,           0,                 1,           5,           9,     1
             0,         0,             1,          1,            1,          0.23,                   0,              4,           0,                 1,           4,          13,     1
             0,         0,             0,          1,            1,          0.94,                   0,              3,           1,                 0,           3,          11,     1
             0,         0,             1,          1,            1,          0.82,                   0,              1,           0,                 0,          14,          14,     1
             0,         0,             0,          0,            0,          0.0 ,                  74,              1,           0,                 0,          12,           8,     0
             0,         0,             0,          1,            0,          0.0 ,                  89,              3,           1,                 0,           8,          15,     0
             1,         0,             1,          0,            0,          0.0 ,                  43,              3,           1,                 0,          10,          10,     0
             0,         0,             1,          0,            0,          0.0 ,                  66,              3,           1,                 0,           6,           9,     0
             0,         0,             1,          0,            1,          0.56,                   0,              1,           0,                 0,           3,          10,     1
             0,         0,             1,          1,            0,          0.0 ,                  92,              3,           1,                 0,          13,          15,     0
             0,         0,             0,          0,            0,          0.0 ,                  31,              3,           1,                 0,          12,           7,     0
             0,         0,             1,          0,            0,          0.0 ,                  85,              3,           1,                 0,          11,           2,     0
             1,         1,             0,          1,            0,          0.0 ,                  76,              3,           1,                 0,           6,           6,     0
             1,         0,             1,          1,            1,          0.13,                   0,              3,           1,                 0,           2,           2,     0
             1,         0,             1,          0,            1,          0.91,                   0,              4,           0,                 1,           6,           6,     1
             1,         0,             0,          0,            0,          0.0 ,                  40,              3,           1,                 0,          12,          12,     0
             0,         0,             1,          0,            0,          0.0 ,                  12,              4,           0,                 1,          14,           3,     1
             1,         1,             1,          0,            1,          0.13,                   0,              3,           1,                 0,          14,          14,     1
             0,         0,             1,          0,            1,          0.26,                   0,              2,           0,                 0,          12,           6,     0
             1,         0,             0,          0,            1,          0.59,                   0,              3,           1,                 0,           5,           5,     1
             1,         0,             1,          1,            1,          0.61,                   0,              3,           1,                 0,           5,           5,     1
             1,         1,             0,          0,            0,          0.0 ,                  16,              3,           1,                 0,           8,           8,     0
             1,         0,             0,          0,            1,          0.47,                   0,              2,           0,                 0,          13,          13,     0
             0,         0,             0,          1,            1,          0.57,                   0,              3,           1,                 0,           2,          10,     1
             0,         0,             0,          0,            0,          0.0 ,                  50,              3,           1,                 0,           6,           7,     0
             1,         1,             0,          1,            1,          0.67,                   0,              4,           0,                 1,           3,           3,     1
             0,         0,             1,          1,            0,          0.0 ,                  65,              3,           1,                 0,           5,           8,     0
             1,         1,             1,          1,            1,          0.33,                   0,              1,           0,                 0,           2,           2,     0
             0,         0,             0,          0,            1,          0.37,                   0,              4,           0,                 1,          13,           9,     1
             1,         0,             1,          0,            0,          0.0 ,                  52,              4,           0,                 1,          15,          15,     1
             0,         0,             0,          1,            1,          0.62,                   0,              2,           0,                 0,           7,           2,     1
             1,         0,             0,          1,            0,          0.0 ,                  44,              3,           1,                 0,          15,          15,     0
             0,         0,             1,          1,            1,          0.59,                   0,              3,           1,                 0,           9,           1,     1
             1,         0,             1,          1,            0,          0.0 ,                  41,              4,           0,                 1,          13,          13,     1
             0,         0,             0,          1,            0,          0.0 ,                  88,              3,           1,                 0,           1,          13,     0
             1,         0,             0,          0,            0,          0.0 ,                  17,              3,           1,                 0,           4,           4,     0
             1,         0,             1,          1,            0,          0.0 ,                  81,              2,           0,                 0,          13,          13,     0
             0,         0,             0,          0,            1,          0.91,                   0,              3,           1,                 0,          14,           9,     1
             1,         0,             1,          0,            1,          0.54,                   0,              1,           0,                 0,          11,          11,     1
             1,         1,             0,          0,            1,          0.56,                   0,              3,           1,                 0,           7,           7,     1
             1,         0,             1,          1,            0,          0.0 ,                  15,              3,           1,                 0,           2,           2,     0
             0,         0,             1,          1,            1,          0.68,                   0,              4,           0,                 1,          12,           4,     1
             0,         0,             1,          0,            1,          0.87,                   0,              3,           1,                 0,           9,          10,     1
             0,         0,             0,          1,            1,          0.39,                   0,              3,           1,                 0,          13,           4,     0
             0,         0,             0,          0,            0,          0.0 ,                  22,              3,           1,                 0,           9,          11,     0
             0,         0,             0,          0,            0,          0.0 ,                  67,              4,           0,                 1,          13,          11,     0
             1,         1,             0,          1,            0,          0.0 ,                  26,              1,           0,                 0,           1,           1,     0
             0,         0,             1,          0,            1,          0.99,                   0,              3,           1,                 0,           7,           7,     1
             1,         1,             1,          0,            0,          0.0 ,                  47,              1,           0,                 0,           8,           8,     0
             0,         0,             1,          1,            1,          0.62,                   0,              3,           1,                 0,           4,           4,     1
             0,         0,             1,          1,            0,          0.0 ,                  87,              2,           0,                 0,          14,           4,     0
             0,         0,             1,          0,            0,          0.0 ,                  32,              3,           1,                 0,           2,          14,     0
             1,         1,             1,          1,            0,          0.0 ,                  67,              3,           1,                 0,           2,           2,     0
             1,         0,             1,          1,            0,          0.0 ,                  33,              2,           0,                 0,           2,           2,     1
             1,         0,             1,          1,            0,          0.0 ,                  97,              3,           1,                 0,          15,          15,     0
             0,         0,             0,          1,            0,          0.0 ,                  32,              4,           0,                 1,          11,          14,     0
             1,         1,             0,          0,            1,          0.28,                   0,              2,           0,                 0,           8,           8,     0
             0,         0,             0,          0,            1,          0.49,                   0,              4,           0,                 1,           1,           6,     1
             0,         0,             1,          1,            1,          0.56,                   0,              1,           0,                 0,          12,           3,     1
             0,         0,             1,          0,            0,          0.0 ,                  35,              4,           0,                 1,          15,           2,     1
             0,         0,             1,          0,            0,          0.0 ,                  71,              3,           1,                 0,          14,          15,     0
             0,         0,             0,          1,            0,          0.0 ,                  11,              3,           1,                 0,          15,           3,     0
             0,         0,             0,          0,            0,          0.0 ,                  77,              3,           1,                 0,           1,           1,     0
             0,         0,             1,          1,            0,          0.0 ,                  15,              2,           0,                 0,           3,           4,     0
             0,         0,             0,          0,            0,          0.0 ,                  59,              1,           0,                 0,          13,           7,     0
             1,         0,             0,          1,            0,          0.0 ,                  25,              3,           1,                 0,           8,           8,     0
             0,         0,             1,          0,            0,          0.0 ,                  73,              1,           0,                 0,           9,           1,     0
             0,         0,             1,          0,            1,          0.82,                   0,              3,           1,                 0,          13,          10,     1
             1,         1,             0,          0,            0,          0.0 ,                  82,              1,           0,                 0,          12,          12,     0
             1,         0,             1,          0,            1,          0.32,                   0,              3,           1,                 0,           7,           7,     1
             1,         0,             1,          1,            1,          0.35,                   0,              1,           0,                 0,          15,          15,     0
             1,         1,             0,          1,            0,          0.0 ,                  36,              3,           1,                 0,           9,           9,     0
             0,         0,             0,          0,            1,          0.6 ,                   0,              1,           0,                 0,          15,           6,     1
             1,         0,             1,          1,            1,          0.88,                   0,              3,           1,                 0,          15,          15,     1
             0,         0,             0,          0,            0,          0.0 ,                  27,              3,           1,                 0,          13,           5,     0
             0,         0,             1,          1,            0,          0.0 ,                  22,              4,           0,                 1,          14,           4,     1
             1,         0,             0,          0,            0,          0.0 ,                  55,              3,           1,                 0,           7,           7,     0
             0,         0,             0,          1,            1,          0.47,                   0,              3,           1,                 0,          12,           8,     0
             1,         0,             1,          1,            0,          0.0 ,                  71,              3,           1,                 0,           3,           3,     0
             1,         0,             0,          0,            0,          0.0 ,                  65,              3,           1,                 0,           7,           7,     0
             0,         0,             0,          0,            1,          0.75,                   0,              3,           1,                 0,           6,           6,     1
             0,         0,             1,          1,            1,          0.53,                   0,              2,           0,                 0,          15,           5,     1
             0,         0,             1,          1,            0,          0.0 ,                  25,              3,           1,                 0,          10,           1,     0
             1,         1,             0,          0,            0,          0.0 ,                  53,              4,           0,                 1,          15,          15,     0
             1,         1,             0,          1,            0,          0.0 ,                  95,              3,           1,                 0,           1,           1,     0
             0,         0,             1,          0,            1,          0.81,                   0,              1,           0,                 0,          12,          14,     1
             0,         0,             0,          0,            1,          0.29,                   0,              3,           1,                 0,          12,           7,     0
             0,         0,             0,          1,            1,          0.95,                   0,              3,           1,                 0,           4,           6,     1
             1,         0,             1,          0,            0,          0.0 ,                  35,              3,           1,                 0,           1,           1,     0
             0,         0,             1,          1,            0,          0.0 ,                  58,              3,           1,                 0,          10,          14,     0
             0,         0,             1,          1,            1,          0.4 ,                   0,              3,           1,                 0,           5,           7,     0
             1,         0,             0,          1,            0,          0.0 ,                  79,              1,           0,                 0,           9,           9,     0
             1,         1,             1,          1,            0,          0.0 ,                  63,              3,           1,                 0,           6,           6,     1
             1,         0,             0,          1,            0,          0.0 ,                  52,              3,           1,                 0,           8,           8,     0
             1,         0,             0,          0,            0,          0.0 ,                  88,              3,           1,                 0,           3,           3,     0
             0,         0,             1,          0,            1,          0.39,                   0,              3,           1,                 0,           2,           6,     0
             0,         0,             0,          0,            1,          0.62,                   0,              3,           1,                 0,           4,           5,     1
             0,         0,             0,          1,            1,          0.1 ,                   0,              4,           0,                 1,          14,           7,     0
             0,         0,             1,          0,            1,          0.96,                   0,              3,           1,                 0,           4,           5,     1
             0,         0,             0,          1,            0,          0.0 ,                  49,              3,           1,                 0,          11,           6,     0
             0,         0,             1,          1,            1,          0.71,                   0,              4,           0,                 1,          13,           2,     1
             1,         0,             0,          0,            1,          0.12,                   0,              1,           0,                 0,           2,           2,     0
             0,         0,             1,          1,            1,          0.16,                   0,              1,           0,                 0,          13,           2,     0
             0,         0,             0,          0,            1,          0.46,                   0,              3,           1,                 0,           7,          11,     0
             0,         0,             1,          1,            1,          0.94,                   0,              4,           0,                 1,          14,          10,     1
             0,         0,             1,          0,            1,          0.94,                   0,              1,           0,                 0,          14,          15,     1
             0,         0,             0,          1,            0,          0.0 ,                  28,              2,           0,                 0,           5,          12,     0
             0,         0,             0,          1,            1,          0.74,                   0,              3,           1,                 0,          14,           5,     1
             1,         0,             1,          1,            1,          0.14,                   0,              3,           1,                 0,           4,           4,     0
             0,         0,             1,          1,            1,          0.76,                   0,              4,           0,                 1,           8,           7,     1
             0,         0,             0,          1,            0,          0.0 ,                  10,              4,           0,                 1,          15,          14,     0
             1,         0,             1,          1,            1,          0.19,                   0,              3,           1,                 0,          13,          13,     0
             1,         0,             1,          0,            1,          0.87,                   0,              3,           1,                 0,           1,           1,     1
             1,         0,             1,          0,            0,          0.0 ,                   1,              2,           0,                 0,          10,          10,     0
             1,         1,             1,          0,            1,          0.43,                   0,              3,           1,                 0,           5,           5,     1
             1,         1,             1,          1,            0,          0.0 ,                  88,              3,           1,                 0,           2,           2,     1
             0,         0,             1,          0,            0,          0.0 ,                  11,              4,           0,                 1,          13,          12,     1
             0,         0,             1,          1,            0,          0.0 ,                  87,              3,           1,                 0,           8,          13,     0
             0,         0,             1,          0,            0,          0.0 ,                  83,              2,           0,                 0,           4,          12,     0
             0,         0,             1,          0,            1,          0.7 ,                   0,              3,           1,                 0,           9,           3,     1
             1,         1,             0,          1,            0,          0.0 ,                  74,              3,           1,                 0,          12,          12,     0
             1,         0,             1,          1,            0,          0.0 ,                  29,              2,           0,                 0,          12,          12,     0
             1,         1,             1,          0,            0,          0.0 ,                  48,              1,           0,                 0,          13,          13,     0
             0,         0,             0,          0,            0,          0.0 ,                  74,              1,           0,                 0,           6,           9,     0
             1,         0,             0,          0,            0,          0.0 ,                  85,              3,           1,                 0,          15,          15,     0
             0,         0,             0,          1,            0,          0.0 ,                 100,              3,           1,                 0,          13,           3,     0
             1,         0,             1,          0,            0,          0.0 ,                 100,              4,           0,                 1,           2,           2,     1
             0,         0,             1,          1,            0,          0.0 ,                  45,              3,           1,                 0,          13,          10,     0
             0,         0,             1,          0,            1,          0.46,                   0,              3,           1,                 0,           3,          13,     0
             1,         0,             0,          0,            1,          0.72,                   0,              1,           0,                 0,           4,           4,     1
             0,         0,             0,          0,            1,          0.3 ,                   0,              1,           0,                 0,           8,           2,     0
             1,         0,             0,          1,            0,          0.0 ,                  95,              4,           0,                 1,           6,           6,     0
             0,         0,             0,          0,            0,          0.0 ,                  17,              2,           0,                 0,           9,           4,     0
             1,         0,             0,          0,            0,          0.0 ,                  28,              3,           1,                 0,           8,           8,     0
             0,         0,             1,          0,            0,          0.0 ,                  87,              3,           1,                 0,          13,           7,     0
             0,         0,             0,          1,            0,          0.0 ,                  53,              4,           0,                 1,          13,           5,     0
             0,         0,             0,          1,            1,          0.76,                   0,              4,           0,                 1,          12,          11,     1
             1,         1,             1,          0,            0,          0.0 ,                  90,              4,           0,                 1,           4,           4,     1
             0,         0,             0,          1,            1,          0.31,                   0,              2,           0,                 0,           8,          13,     0
             0,         0,             1,          0,            0,          0.0 ,                  96,              1,           0,                 0,           9,          15,     0
             1,         0,             1,          1,            0,          0.0 ,                  78,              1,           0,                 0,           3,           3,     0
             0,         0,             0,          1,            0,          0.0 ,                  17,              3,           1,                 0,           4,          12,     0
             0,         0,             1,          1,            1,          0.68,                   0,              3,           1,                 0,           8,           2,     1
             0,         0,             1,          0,            1,          0.27,                   0,              4,           0,                 1,          15,           1,     1
             0,         0,             0,          1,            1,          0.55,                   0,              4,           0,                 1,          12,          11,     1
             0,         0,             1,          0,            1,          0.65,                   0,              3,           1,                 0,           8,          14,     1
             1,         0,             1,          1,            0,          0.0 ,                   5,              4,           0,                 1,           6,           6,     1
             0,         0,             0,          0,            1,          0.54,                   0,              2,           0,                 0,           3,          13,     1
             0,         0,             1,          1,            0,          0.0 ,                  11,              3,           1,                 0,           5,           7,     0
             1,         1,             0,          0,            1,          0.6 ,                   0,              3,           1,                 0,          10,          10,     1
             1,         1,             0,          1,            1,          0.83,                   0,              3,           1,                 0,           4,           4,     1
             0,         0,             0,          0,            0,          0.0 ,                  78,              1,           0,                 0,           7,           5,     0
             0,         0,             1,          0,            1,          0.6 ,                   0,              4,           0,                 1,          11,           1,     1
             0,         0,             1,          0,            1,          0.86,                   0,              4,           0,                 1,           4,          11,     1
             1,         0,             1,          0,            1,          0.66,                   0,              3,           1,                 0,           7,           7,     1
             0,         0,             1,          1,            0,          0.0 ,                  99,              4,           0,                 1,          12,          12,     1
             0,         0,             1,          0,            0,          0.0 ,                   1,              3,           1,                 0,          15,          13,     0
             0,         0,             1,          0,            0,          0.0 ,                   5,              1,           0,                 0,           1,          12,     1
             1,         0,             0,          0,            1,          0.75,                   0,              4,           0,                 1,           9,           9,     1
             0,         0,             1,          1,            0,          0.0 ,                  18,              3,           1,                 0,           5,           5,     0
             1,         1,             1,          1,            0,          0.0 ,                  57,              3,           1,                 0,          15,          15,     1
             1,         0,             1,          1,            1,          0.72,                   0,              3,           1,                 0,           1,           1,     1
             0,         0,             1,          0,            1,          0.28,                   0,              2,           0,                 0,           3,          12,     0
             0,         0,             0,          0,            1,          0.38,                   0,              3,           1,                 0,           9,           3,     0
             1,         0,             1,          1,            1,          0.25,                   0,              3,           1,                 0,          15,          15,     0
             0,         0,             0,          1,            1,          0.37,                   0,              4,           0,                 1,          10,          10,     0
             1,         1,             1,          0,            0,          0.0 ,                  75,              2,           0,                 0,          13,          13,     0
             1,         1,             1,          1,            1,          0.32,                   0,              2,           0,                 0,           8,           8,     0
             1,         1,             1,          0,            1,          0.36,                   0,              3,           1,                 0,           4,           4,     1
             0,         0,             0,          1,            0,          0.0 ,                  85,              3,           1,                 0,           5,          10,     0
             0,         0,             0,          1,            1,          0.81,                   0,              2,           0,                 0,           9,          13,     1
             1,         1,             0,          1,            0,          0.0 ,                  23,              4,           0,                 1,           7,           7,     0
             0,         0,             1,          0,            1,          0.54,                   0,              1,           0,                 0,          15,           7,     0
             0,         0,             1,          1,            0,          0.0 ,                  93,              4,           0,                 1,           5,          15,     1
             1,         1,             0,          0,            0,          0.0 ,                  63,              3,           1,                 0,           8,           8,     0
             1,         0,             0,          0,            0,          0.0 ,                  46,              2,           0,                 0,           2,           2,     0
             0,         0,             1,          0,            1,          0.9 ,                   0,              2,           0,                 0,          11,          12,     1
             1,         1,             1,          0,            1,          0.81,                   0,              3,           1,                 0,          13,          13,     0
             1,         0,             1,          0,            0,          0.0 ,                  66,              3,           1,                 0,           6,           6,     0
             0,         0,             0,          0,            0,          0.0 ,                  94,              3,           1,                 0,          12,           9,     0
             0,         0,             1,          1,            1,          0.37,                   0,              1,           0,                 0,          12,          13,     0
             0,         0,             1,          1,            1,          0.12,                   0,              3,           1,                 0,           5,          11,     0
             0,         0,             0,          1,            0,          0.0 ,                  44,              3,           1,                 0,           5,          15,     0
             0,         0,             1,          0,            0,          0.0 ,                  90,              4,           0,                 1,           1,           7,     1
             0,         0,             0,          1,            1,          0.44,                   0,              1,           0,                 0,           9,           4,     0
             0,         0,             1,          1,            1,          0.12,                   0,              3,           1,                 0,          14,           5,     0
             0,         0,             1,          1,            0,          0.0 ,                  32,              3,           1,                 0,          14,          11,     0
             0,         0,             1,          0,            1,          0.1 ,                   0,              4,           0,                 1,          11,          11,     1
             1,         0,             1,          1,            0,          0.0 ,                  25,              3,           1,                 0,           6,           6,     0
             0,         0,             1,          1,            1,          0.71,                   0,              2,           0,                 0,          15,          14,     1
             1,         1,             0,          0,            1,          0.53,                   0,              2,           0,                 0,          12,          12,     1
             1,         0,             1,          0,            0,          0.0 ,                  55,              3,           1,                 0,           1,           1,     0
             0,         0,             1,          1,            1,          0.42,                   0,              3,           1,                 0,           6,          11,     0
             0,         0,             0,          0,            0,          0.0 ,                  82,              4,           0,                 1,           4,          12,     0
             1,         0,             1,          1,            1,          0.21,                   0,              1,           0,                 0,           1,           1,     0
             1,         0,             0,          0,            1,          0.68,                   0,              3,           1,                 0,           2,           2,     1
             0,         0,             0,          0,            0,          0.0 ,                  64,              1,           0,                 0,           4,           3,     0
             0,         0,             0,          1,            0,          0.0 ,                  67,              2,           0,                 0,           2,           5,     0
             1,         1,             0,          0,            1,          0.56,                   0,              3,           1,                 0,           4,           4,     1
             0,         0,             0,          1,            0,          0.0 ,                  36,              4,           0,                 1,           7,           1,     1
             1,         1,             1,          1,            0,          0.0 ,                  84,              4,           0,                 1,          13,          13,     1
             0,         0,             0,          1,            0,          0.0 ,                  26,              3,           1,                 0,          10,           2,     0
             0,         0,             0,          0,            1,          0.49,                   0,              3,           1,                 0,          14,          15,     0
             0,         0,             1,          0,            0,          0.0 ,                  79,              4,           0,                 1,           1,           4,     0
             0,         0,             0,          0,            0,          0.0 ,                  43,              3,           1,                 0,           2,          14,     0
             1,         0,             1,          1,            1,          0.23,                   0,              4,           0,                 1,           6,           6,     1
             0,         0,             1,          1,            1,          0.26,                   0,              4,           0,                 1,           3,           5,     1
             0,         0,             1,          1,            1,          0.29,                   0,              3,           1,                 0,           3,           3,     0
             1,         1,             0,          1,            1,          0.35,                   0,              2,           0,                 0,          13,          13,     0
             1,         0,             1,          1,            1,          0.67,                   0,              4,           0,                 1,           2,           2,     1
             0,         0,             0,          0,            0,          0.0 ,                  19,              1,           0,                 0,          14,          13,     0
             1,         0,             1,          0,            1,          0.74,                   0,              2,           0,                 0,          10,          10,     1
             1,         0,             0,          1,            1,          0.38,                   0,              1,           0,                 0,          10,          10,     0
             0,         0,             1,          1,            1,          0.67,                   0,              2,           0,                 0,           7,           1,     1
             0,         0,             1,          1,            0,          0.0 ,                   1,              4,           0,                 1,          11,           7,     1
             0,         0,             1,          0,            1,          0.73,                   0,              3,           1,                 0,          11,           3,     1
             1,         1,             1,          0,            0,          0.0 ,                  62,              3,           1,                 0,          14,          14,     1
             0,         0,             1,          0,            0,          0.0 ,                  87,              4,           0,                 1,           3,           6,     1
             0,         0,             1,          0,            0,          0.0 ,                  39,              1,           0,                 0,          10,          13,     0
             0,         0,             1,          1,            1,          0.62,                   0,              2,           0,                 0,           7,           8,     1
             1,         0,             1,          1,            0,          0.0 ,                  32,              3,           1,                 0,          12,          12,     0
             1,         1,             0,          1,            1,          0.7 ,                   0,              3,           1,                 0,           1,           1,     1
             0,         0,             0,          1,            1,          0.68,                   0,              4,           0,                 1,           9,           8,     1
             1,         0,             0,          1,            1,          0.37,                   0,              2,           0,                 0,          12,          12,     0
             1,         1,             1,          1,            1,          0.56,                   0,              2,           0,                 0,           7,           7,     1
             1,         0,             1,          0,            0,          0.0 ,                  85,              4,           0,                 1,           3,           3,     1
             0,         0,             0,          0,            0,          0.0 ,                  44,              3,           1,                 0,           8,          13,     0
             1,         1,             0,          1,            1,          0.36,                   0,              3,           1,                 0,          13,          13,     0
             1,         0,             1,          1,            0,          0.0 ,                  33,              3,           1,                 0,          10,          10,     0
             0,         0,             1,          1,            1,          0.99,                   0,              3,           1,                 0,          11,          14,     1
             1,         1,             1,          1,            0,          0.0 ,                  75,              3,           1,                 0,           9,           9,     1
             0,         0,             0,          1,            1,          0.67,                   0,              3,           1,                 0,          15,          11,     1
             0,         0,             1,          1,            1,          0.72,                   0,              3,           1,                 0,          15,           5,     1
             1,         0,             1,          0,            0,          0.0 ,                  93,              3,           1,                 0,          13,          13,     0
             1,         0,             0,          0,            0,          0.0 ,                  32,              4,           0,                 1,           5,           5,     0
             1,         0,             0,          0,            1,          0.73,                   0,              4,           0,                 1,           5,           5,     1
             0,         0,             0,          1,            1,          0.54,                   0,              3,           1,                 0,           2,          14,     1
             1,         1,             0,          0,            1,          0.67,                   0,              3,           1,                 0,           8,           8,     1
             0,         0,             0,          0,            0,          0.0 ,                  85,              3,           1,                 0,           7,          12,     0
             0,         0,             0,          0,            0,          0.0 ,                  61,              3,           1,                 0,           3,          11,     0
             0,         0,             1,          1,            1,          0.13,                   0,              3,           1,                 0,           5,           3,     0
             1,         1,             1,          1,            0,          0.0 ,                  90,              1,           0,                 0,          13,          13,     0
             1,         1,             1,          0,            0,          0.0 ,                  41,              4,           0,                 1,           1,           1,     1
             1,         1,             1,          1,            1,          0.88,                   0,              4,           0,                 1,           7,           7,     1
             1,         0,             0,          0,            1,          0.18,                   0,              4,           0,                 1,          11,          11,     0
             0,         0,             0,          1,            1,          0.23,                   0,              2,           0,                 0,          14,           3,     0
             0,         0,             1,          1,            0,          0.0 ,                  86,              3,           1,                 0,          14,           5,     0
             0,         0,             0,          0,            1,          0.43,                   0,              3,           1,                 0,           4,           3,     0
             0,         0,             1,          0,            1,          0.45,                   0,              3,           1,                 0,          14,           5,     0
             1,         1,             1,          1,            0,          0.0 ,                  85,              4,           0,                 1,          14,          14,     1
             1,         0,             1,          1,            1,          0.11,                   0,              1,           0,                 0,           7,           7,     0
             0,         0,             0,          1,            1,          0.72,                   0,              3,           1,                 0,          13,           6,     1
             0,         0,             1,          1,            1,          0.17,                   0,              3,           1,                 0,          14,          10,     1
             1,         0,             0,          0,            0,          0.0 ,                  98,              2,           0,                 0,           6,           6,     0
             1,         1,             0,          0,            1,          0.19,                   0,              3,           1,                 0,           6,           6,     0
             1,         1,             0,          0,            1,          0.47,                   0,              3,           1,                 0,           3,           3,     0
             0,         0,             0,          1,            1,          0.77,                   0,              2,           0,                 0,           7,          14,     1
             1,         1,             0,          1,            0,          0.0 ,                  37,              2,           0,                 0,           2,           2,     0
             1,         0,             1,          1,            0,          0.0 ,                  42,              3,           1,                 0,           6,           6,     0
             1,         0,             0,          0,            1,          0.76,                   0,              3,           1,                 0,          10,          10,     1
             0,         0,             1,          1,            1,          0.93,                   0,              3,           1,                 0,           2,           1,     1
             1,         1,             1,          1,            0,          0.0 ,                  48,              3,           1,                 0,           5,           5,     1
             0,         0,             0,          0,            1,          0.48,                   0,              3,           1,                 0,          11,           8,     0
             1,         0,             0,          1,            0,          0.0 ,                  89,              1,           0,                 0,          15,          15,     0
             1,         1,             1,          0,            1,          0.64,                   0,              4,           0,                 1,           5,           5,     1
             0,         0,             1,          1,            0,          0.0 ,                  49,              3,           1,                 0,           9,           2,     0
             1,         0,             0,          0,            0,          0.0 ,                  26,              3,           1,                 0,           2,           2,     0
             0,         0,             0,          1,            1,          0.83,                   0,              3,           1,                 0,           6,          15,     1
             1,         0,             0,          1,            1,          0.87,                   0,              3,           1,                 0,          12,          12,     1
             1,         1,             0,          1,            0,          0.0 ,                  18,              3,           1,                 0,           3,           3,     0
             0,         0,             1,          0,            1,          0.95,                   0,              3,           1,                 0,          10,           8,     1
             1,         0,             1,          1,            1,          0.92,                   0,              3,           1,                 0,          15,          15,     1
             1,         0,             1,          1,            1,          0.51,                   0,              4,           0,                 1,          13,          13,     1
             0,         0,             0,          0,            0,          0.0 ,                  54,              3,           1,                 0,           9,          14,     0
             0,         0,             1,          1,            1,          0.14,                   0,              3,           1,                 0,          12,           5,     0
             1,         0,             1,          0,            0,          0.0 ,                  37,              3,           1,                 0,          13,          13,     0
             1,         0,             1,          0,            0,          0.0 ,                   4,              4,           0,                 1,           6,           6,     1
             1,         0,             0,          0,            1,          0.19,                   0,              3,           1,                 0,           9,           9,     0
             1,         1,             0,          0,            0,          0.0 ,                  80,              4,           0,                 1,           9,           9,     1
             1,         0,             0,          1,            0,          0.0 ,                  52,              4,           0,                 1,           7,           7,     0
             0,         0,             0,          1,            0,          0.0 ,                   3,              3,           1,                 0,          11,           9,     0
             1,         0,             1,          0,            0,          0.0 ,                   1,              4,           0,                 1,          11,          11,     0
             0,         0,             1,          1,            0,          0.0 ,                  12,              4,           0,                 1,           8,           4,     1
             1,         0,             1,          1,            1,          0.31,                   0,              4,           0,                 1,           2,           2,     1
             1,         1,             0,          1,            0,          0.0 ,                  14,              3,           1,                 0,           9,           9,     0
             0,         0,             0,          1,            0,          0.0 ,                  96,              4,           0,                 1,           6,           6,     0
             0,         0,             1,          0,            0,          0.0 ,                  42,              4,           0,                 1,          14,          14,     1
             0,         0,             0,          1,            0,          0.0 ,                  72,              2,           0,                 0,          12,           5,     1
             0,         0,             1,          1,            0,          0.0 ,                  15,              2,           0,                 0,           8,           1,     0
             0,         0,             1,          0,            1,          0.14,                   0,              3,           1,                 0,          10,          15,     0
             0,         0,             1,          0,            0,          0.0 ,                  60,              3,           1,                 0,           3,          15,     0
             0,         0,             1,          1,            0,          0.0 ,                  73,              3,           1,                 0,          14,           1,     0
             0,         0,             0,          1,            1,          0.33,                   0,              3,           1,                 0,           1,          11,     0
             1,         1,             1,          0,            0,          0.0 ,                  51,              2,           0,                 0,          13,          13,     0
             0,         0,             1,          1,            1,          0.39,                   0,              3,           1,                 0,           4,           2,     0
             0,         0,             0,          0,            0,          0.0 ,                  89,              3,           1,                 0,           3,           1,     0
             0,         0,             0,          1,            0,          0.0 ,                  56,              3,           1,                 0,          12,           4,     0
             1,         1,             0,          0,            1,          0.62,                   0,              4,           0,                 1,          14,          14,     1
             0,         0,             1,          0,            1,          0.11,                   0,              2,           0,                 0,          11,           3,     0
             0,         0,             1,          0,            1,          0.33,                   0,              2,           0,                 0,           3,           9,     0
             1,         1,             0,          0,            1,          0.62,                   0,              3,           1,                 0,           9,           9,     1
             1,         0,             1,          1,            1,          0.71,                   0,              1,           0,                 0,          12,          12,     1
             1,         0,             0,          0,            1,          0.62,                   0,              3,           1,                 0,           9,           9,     1
             0,         0,             1,          0,            1,          0.39,                   0,              3,           1,                 0,           1,           1,     0
             1,         1,             0,          0,            1,          0.98,                   0,              1,           0,                 0,          10,          10,     1
             0,         0,             1,          0,            1,          0.62,                   0,              3,           1,                 0,          11,           1,     1
             1,         0,             1,          1,            1,          0.36,                   0,              3,           1,                 0,           8,           8,     1
             1,         1,             0,          1,            0,          0.0 ,                  88,              3,           1,                 0,           5,           5,     0
             1,         1,             1,          0,            1,          0.77,                   0,              4,           0,                 1,           4,           4,     0
             1,         0,             1,          0,            1,          0.35,                   0,              2,           0,                 0,           7,           7,     0
             0,         0,             0,          1,            0,          0.0 ,                  49,              3,           1,                 0,          10,          13,     0
             1,         1,             1,          1,            1,          0.47,                   0,              3,           1,                 0,           3,           3,     1
             0,         0,             0,          1,            0,          0.0 ,                  10,              3,           1,                 0,           7,          14,     0
             1,         1,             0,          1,            0,          0.0 ,                  42,              4,           0,                 1,          14,          14,     0
             1,         0,             1,          1,            1,          0.3 ,                   0,              4,           0,                 1,           3,           3,     1
             0,         0,             0,          1,            0,          0.0 ,                  45,              3,           1,                 0,           2,          13,     0
             1,         0,             0,          1,            1,          0.54,                   0,              3,           1,                 0,           3,           3,     1
             0,         0,             0,          0,            0,          0.0 ,                  43,              3,           1,                 0,          12,           6,     0
             0,         0,             0,          1,            1,          0.34,                   0,              4,           0,                 1,           9,          15,     0
             0,         0,             0,          1,            1,          0.89,                   0,              4,           0,                 1,           6,           2,     1
             1,         0,             0,          1,            0,          0.0 ,                  57,              2,           0,                 0,           1,           1,     0
             1,         1,             1,          0,            1,          0.4 ,                   0,              4,           0,                 1,           8,           8,     1
             0,         0,             0,          1,            1,          0.41,                   0,              4,           0,                 1,           8,           1,     0
             1,         0,             1,          1,            1,          0.41,                   0,              3,           1,                 0,          12,          12,     0
             1,         1,             1,          1,            0,          0.0 ,                  57,              3,           1,                 0,          14,          14,     1
             1,         1,             0,          1,            0,          0.0 ,                  53,              3,           1,                 0,           4,           4,     0
             0,         0,             1,          0,            1,          0.9 ,                   0,              3,           1,                 0,          10,           1,     1
             0,         0,             1,          0,            1,          0.33,                   0,              4,           0,                 1,           4,          12,     1
             0,         0,             1,          1,            1,          0.52,                   0,              3,           1,                 0,          12,          14,     1
             1,         0,             1,          1,            0,          0.0 ,                  81,              3,           1,                 0,          10,          10,     0
             1,         0,             0,          0,            0,          0.0 ,                   4,              3,           1,                 0,           7,           7,     0
             1,         0,             1,          0,            1,          0.17,                   0,              3,           1,                 0,          11,          11,     0
             0,         0,             0,          0,            0,          0.0 ,                  21,              3,           1,                 0,           5,          12,     0
             1,         1,             1,          0,            1,          0.89,                   0,              4,           0,                 1,           3,           3,     1
             1,         0,             1,          0,            1,          0.58,                   0,              3,           1,                 0,           3,           3,     1
             0,         0,             1,          1,            1,          0.31,                   0,              3,           1,                 0,           8,           1,     0
             1,         0,             0,          0,            0,          0.0 ,                  96,              3,           1,                 0,           2,           2,     0
             0,         0,             0,          1,            1,          0.88,                   0,              2,           0,                 0,           6,          14,     1
             1,         0,             1,          0,            0,          0.0 ,                   3,              3,           1,                 0,           8,           8,     0
             1,         1,             0,          0,            0,          0.0 ,                  96,              3,           1,                 0,           3,           3,     1
             0,         0,             1,          1,            1,          0.55,                   0,              3,           1,                 0,          12,          11,     1
             1,         1,             1,          0,            0,          0.0 ,                  15,              1,           0,                 0,          10,          10,     0
             0,         0,             0,          1,            1,          0.83,                   0,              3,           1,                 0,          13,           5,     1
             0,         0,             0,          1,            1,          0.48,                   0,              3,           1,                 0,           6,           7,     0
             1,         1,             0,          0,            0,          0.0 ,                  38,              1,           0,                 0,           2,           2,     0
             0,         0,             0,          0,            1,          0.17,                   0,              3,           1,                 0,          11,          15,     0
             1,         1,             1,          0,            1,          0.84,                   0,              1,           0,                 0,           5,           5,     1
             1,         1,             1,          0,            1,          0.74,                   0,              3,           1,                 0,           9,           9,     1
             1,         0,             1,          1,            1,          0.29,                   0,              3,           1,                 0,          14,          14,     1
             1,         0,             0,          0,            1,          0.11,                   0,              3,           1,                 0,           6,           6,     0
             0,         0,             0,          0,            0,          0.0 ,                  37,              3,           1,                 0,          11,           9,     0
             0,         0,             1,          1,            1,          0.19,                   0,              1,           0,                 0,           7,           5,     0
             1,         1,             0,          1,            1,          0.68,                   0,              3,           1,                 0,           5,           5,     1
             0,         0,             1,          0,            1,          0.5 ,                   0,              3,           1,                 0,          15,          15,     0
             1,         1,             1,          1,            1,          0.28,                   0,              3,           1,                 0,          15,          15,     1
             0,         0,             0,          1,            1,          0.77,                   0,              4,           0,                 1,           1,          12,     1
             0,         0,             0,          0,            0,          0.0 ,                   9,              4,           0,                 1,           1,          14,     0
             0,         0,             1,          0,            0,          0.0 ,                  22,              3,           1,                 0,          14,           3,     0
             1,         1,             0,          1,            0,          0.0 ,                  77,              3,           1,                 0,           9,           9,     0
             1,         0,             1,          0,            0,          0.0 ,                  82,              3,           1,                 0,          11,          11,     0
             1,         1,             0,          0,            0,          0.0 ,                  36,              4,           0,                 1,           4,           4,     0
             1,         1,             1,          0,            1,          0.25,                   0,              4,           0,                 1,           7,           7,     1
             0,         0,             1,          1,            0,          0.0 ,                  61,              4,           0,                 1,          12,           3,     1
             0,         0,             0,          0,            1,          0.7 ,                   0,              3,           1,                 0,           4,           2,     0
             1,         0,             0,          1,            0,          0.0 ,                  31,              3,           1,                 0,           9,           9,     0
             0,         0,             1,          1,            1,          0.84,                   0,              3,           1,                 0,          15,           3,     1
             1,         1,             0,          0,            1,          0.59,                   0,              4,           0,                 1,           3,           3,     1
             0,         0,             1,          1,            1,          0.41,                   0,              3,           1,                 0,           6,           3,     0
             1,         0,             1,          0,            0,          0.0 ,                  85,              3,           1,                 0,          15,          15,     0
             0,         0,             0,          1,            0,          0.0 ,                   6,              1,           0,                 0,           4,          11,     0
             0,         0,             0,          1,            0,          0.0 ,                  43,              4,           0,                 1,           6,           8,     0
             0,         0,             1,          1,            0,          0.0 ,                  66,              1,           0,                 0,           2,          14,     0
             0,         0,             1,          1,            1,          0.85,                   0,              4,           0,                 1,          14,           4,     1
             1,         0,             1,          1,            0,          0.0 ,                  92,              4,           0,                 1,           9,           9,     0
             0,         0,             1,          0,            1,          0.69,                   0,              1,           0,                 0,           4,           8,     1
             1,         1,             1,          1,            0,          0.0 ,                  68,              4,           0,                 1,          15,          15,     1
             1,         1,             0,          1,            1,          0.71,                   0,              2,           0,                 0,           1,           1,     1
             0,         0,             1,          0,            0,          0.0 ,                  71,              4,           0,                 1,          13,           2,     1
             1,         0,             0,          1,            1,          0.24,                   0,              3,           1,                 0,          14,          14,     0
             0,         0,             0,          1,            1,          0.91,                   0,              1,           0,                 0,           5,           2,     1
             0,         0,             0,          0,            0,          0.0 ,                  80,              2,           0,                 0,          14,           7,     0
             0,         0,             1,          0,            1,          0.11,                   0,              1,           0,                 0,           9,          10,     0
             1,         1,             0,          1,            0,          0.0 ,                  36,              3,           1,                 0,           7,           7,     0
             1,         1,             1,          1,            1,          0.54,                   0,              3,           1,                 0,          10,          10,     1
             0,         0,             1,          0,            0,          0.0 ,                  88,              3,           1,                 0,          13,          10,     0
             0,         0,             1,          1,            0,          0.0 ,                  99,              3,           1,                 0,          10,          11,     0
             0,         0,             1,          1,            1,          0.52,                   0,              3,           1,                 0,           4,           6,     1
             0,         0,             0,          1,            1,          0.74,                   0,              3,           1,                 0,           3,          10,     1
             1,         1,             1,          0,            1,          0.29,                   0,              3,           1,                 0,           6,           6,     1
             0,         0,             1,          0,            0,          0.0 ,                  78,              3,           1,                 0,          15,           9,     0
             1,         1,             0,          1,            1,          0.38,                   0,              1,           0,                 0,           2,           2,     0
             1,         1,             1,          0,            1,          0.68,                   0,              3,           1,                 0,           8,           8,     1
             1,         1,             0,          1,            0,          0.0 ,                  86,              4,           0,                 1,           9,           9,     0
             0,         0,             0,          0,            0,          0.0 ,                  55,              4,           0,                 1,          14,          12,     0
             0,         0,             0,          1,            0,          0.0 ,                  39,              3,           1,                 0,           2,           4,     0
             0,         0,             0,          1,            0,          0.0 ,                  63,              3,           1,                 0,           5,           7,     0
             0,         0,             0,          0,            1,          0.58,                   0,              3,           1,                 0,          12,           9,     1
             1,         0,             0,          0,            0,          0.0 ,                  28,              3,           1,                 0,          12,          12,     0
             1,         1,             1,          0,            0,          0.0 ,                  56,              3,           1,                 0,           1,           1,     1
             1,         0,             0,          1,            1,          0.27,                   0,              3,           1,                 0,           9,           9,     0
             1,         1,             0,          0,            0,          0.0 ,                  75,              3,           1,                 0,          15,          15,     0
             1,         0,             1,          0,            1,          0.76,                   0,              4,           0,                 1,           3,           3,     1
             1,         1,             0,          1,            0,          0.0 ,                  24,              3,           1,                 0,          13,          13,     0
             1,         0,             0,          1,            0,          0.0 ,                   7,              3,           1,                 0,          15,          15,     0
             1,         1,             1,          0,            0,          0.0 ,                  67,              4,           0,                 1,           8,           8,     1
             1,         1,             1,          1,            1,          0.15,                   0,              4,           0,                 1,          11,          11,     1
             0,         0,             1,          1,            1,          0.59,                   0,              2,           0,                 0,           3,           6,     1
             1,         0,             1,          1,            0,          0.0 ,                  83,              1,           0,                 0,           7,           7,     0
             0,         0,             0,          0,            1,          0.29,                   0,              4,           0,                 1,          14,          11,     0
             0,         0,             1,          0,            0,          0.0 ,                  10,              3,           1,                 0,           4,           6,     0
             0,         0,             0,          0,            1,          0.17,                   0,              3,           1,                 0,           6,           1,     0
             0,         0,             0,          1,            0,          0.0 ,                  41,              3,           1,                 0,           2,           7,     1
             0,         0,             1,          0,            1,          0.48,                   0,              3,           1,                 0,           7,          11,     0
             1,         0,             1,          0,            0,          0.0 ,                  41,              4,           0,                 1,          11,          11,     0
             1,         0,             0,          1,            1,          0.7 ,                   0,              4,           0,                 1,           9,           9,     1
             0,         0,             1,          0,            1,          0.39,                   0,              4,           0,                 1,          12,          12,     1
             1,         0,             0,          0,            1,          0.97,                   0,              2,           0,                 0,          11,          11,     1
             0,         0,             1,          1,            1,          0.43,                   0,              3,           1,                 0,          11,           3,     0
             0,         0,             1,          1,            1,          0.34,                   0,              3,           1,                 0,           1,           3,     0
             0,         0,             1,          0,            1,          0.34,                   0,              3,           1,                 0,           8,           8,     0
             0,         0,             0,          0,            1,          0.32,                   0,              3,           1,                 0,           1,           7,     0
             0,         0,             1,          1,            1,          0.35,                   0,              3,           1,                 0,           5,           9,     0
             1,         0,             0,          1,            1,          0.14,                   0,              3,           1,                 0,           2,           2,     0
             1,         1,             0,          0,            0,          0.0 ,                  56,              4,           0,                 1,           2,           2,     0
             0,         0,             1,          1,            1,          0.71,                   0,              3,           1,                 0,          12,           5,     1
             0,         0,             1,          0,            0,          0.0 ,                  49,              3,           1,                 0,           2,           3,     0
             1,         0,             1,          1,            1,          0.78,                   0,              3,           1,                 0,          13,          13,     1
             1,         1,             1,          1,            0,          0.0 ,                  81,              3,           1,                 0,          11,          11,     1
             1,         1,             0,          0,            1,          0.24,                   0,              2,           0,                 0,          15,          15,     0
             0,         0,             0,          0,            0,          0.0 ,                  46,              2,           0,                 0,           7,          14,     0
             1,         0,             1,          0,            1,          0.81,                   0,              3,           1,                 0,          11,          11,     0
             1,         1,             1,          0,            1,          0.67,                   0,              4,           0,                 1,           2,           2,     1
             1,         0,             0,          1,            1,          0.98,                   0,              1,           0,                 0,           6,           6,     1
             0,         0,             1,          1,            0,          0.0 ,                  29,              1,           0,                 0,           8,          13,     0
             0,         0,             0,          1,            0,          0.0 ,                  21,              1,           0,                 0,           6,           4,     0
             1,         0,             0,          0,            1,          0.16,                   0,              3,           1,                 0,          11,          11,     0
             0,         0,             0,          0,            0,          0.0 ,                  53,              3,           1,                 0,          15,          15,     0
             0,         0,             1,          1,            0,          0.0 ,                  94,              3,           1,                 0,           8,           1,     0
             0,         0,             1,          0,            0,          0.0 ,                  76,              2,           0,                 0,           2,           6,     0
             0,         0,             0,          0,            1,          0.46,                   0,              1,           0,                 0,           8,           1,     0
             1,         0,             0,          1,            1,          0.27,                   0,              4,           0,                 1,           7,           7,     0
             0,         0,             0,          0,            1,          0.7 ,                   0,              3,           1,                 0,           2,           2,     1
             1,         0,             0,          0,            1,          0.76,                   0,              2,           0,                 0,           1,           1,     1
             0,         0,             0,          0,            1,          0.23,                   0,              4,           0,                 1,           6,           3,     0
             0,         0,             0,          0,            0,          0.0 ,                  46,              2,           0,                 0,           3,          15,     0
             1,         0,             1,          1,            1,          0.48,                   0,              3,           1,                 0,          12,          12,     0
             0,         0,             1,          0,            1,          0.51,                   0,              4,           0,                 1,          11,           2,     1
             0,         0,             0,          1,            0,          0.0 ,                  77,              3,           1,                 0,           5,           7,     0
             1,         1,             1,          1,            1,          0.74,                   0,              3,           1,                 0,           7,           7,     1
             1,         0,             0,          1,            0,          0.0 ,                  70,              1,           0,                 0,          11,          11,     0
             1,         0,             0,          0,            1,          0.23,                   0,              3,           1,                 0,           5,           5,     0
             1,         0,             1,          0,            0,          0.0 ,                  77,              4,           0,                 1,          15,          15,     1
             0,         0,             1,          0,            0,          0.0 ,                   2,              3,           1,                 0,           4,           3,     0
             1,         0,             0,          0,            1,          0.92,                   0,              1,           0,                 0,           7,           7,     1
             1,         0,             0,          1,            1,          0.7 ,                   0,              3,           1,                 0,           9,           9,     1
             1,         1,             0,          0,            0,          0.0 ,                  16,              3,           1,                 0,          12,          12,     0
             1,         1,             1,          0,            1,          0.61,                   0,              4,           0,                 1,           1,           1,     1
             0,         0,             1,          0,            0,          0.0 ,                  52,              4,           0,                 1,          13,           1,     1
             1,         0,             1,          0,            0,          0.0 ,                  43,              3,           1,                 0,          12,          12,     0
             1,         0,             0,          1,            0,          0.0 ,                  12,              4,           0,                 1,           4,           4,     0
             1,         0,             0,          1,            0,          0.0 ,                  36,              3,           1,                 0,           1,           1,     0
             0,         0,             0,          0,            1,          0.85,                   0,              4,           0,                 1,           9,           8,     1
             0,         0,             1,          0,            1,          0.83,                   0,              2,           0,                 0,           9,           7,     1
             1,         0,             1,          1,            0,          0.0 ,                  59,              4,           0,                 1,           5,           5,     1
             1,         0,             0,          0,            0,          0.0 ,                  17,              1,           0,                 0,          11,          11,     0
             1,         1,             0,          0,            0,          0.0 ,                  55,              4,           0,                 1,          14,          14,     0
             0,         0,             0,          0,            0,          0.0 ,                  88,              3,           1,                 0,          15,           7,     0
             1,         0,             1,          1,            1,          0.96,                   0,              1,           0,                 0,           3,           3,     1
             1,         0,             1,          1,            1,          0.75,                   0,              4,           0,                 1,           5,           5,     1
             1,         1,             0,          0,            1,          0.76,                   0,              1,           0,                 0,          10,          10,     1
             0,         0,             1,          1,            0,          0.0 ,                  41,              1,           0,                 0,           6,           5,     0
             1,         0,             1,          1,            1,          0.82,                   0,              4,           0,                 1,          14,          14,     1
             1,         1,             0,          1,            1,          0.74,                   0,              4,           0,                 1,           9,           9,     1
             0,         0,             1,          1,            1,          0.38,                   0,              3,           1,                 0,          13,           3,     0
             0,         0,             0,          0,            0,          0.0 ,                  21,              3,           1,                 0,           5,          12,     0
             1,         1,             1,          1,            1,          0.69,                   0,              3,           1,                 0,          12,          12,     1
             0,         0,             0,          0,            0,          0.0 ,                   6,              1,           0,                 0,          12,           4,     0
             1,         1,             1,          1,            1,          0.58,                   0,              3,           1,                 0,           7,           7,     1
             0,         0,             0,          1,            0,          0.0 ,                  72,              3,           1,                 0,           4,          13,     0
             1,         1,             1,          0,            1,          0.69,                   0,              3,           1,                 0,           8,           8,     1
             0,         0,             0,          1,            1,          0.33,                   0,              3,           1,                 0,           8,           6,     0
             0,         0,             1,          0,            0,          0.0 ,                  22,              3,           1,                 0,           4,           4,     0
             1,         1,             0,          0,            1,          0.69,                   0,              3,           1,                 0,          11,          11,     1
             1,         1,             0,          1,            1,          0.81,                   0,              3,           1,                 0,           3,           3,     1
             0,         0,             1,          1,            0,          0.0 ,                  93,              1,           0,                 0,           8,           1,     0
             1,         0,             0,          1,            0,          0.0 ,                  41,              2,           0,                 0,           6,           6,     0
             0,         0,             1,          0,            0,          0.0 ,                  58,              3,           1,                 0,           8,          15,     0
             1,         1,             1,          1,            0,          0.0 ,                  73,              3,           1,                 0,          15,          15,     1
             1,         1,             0,          0,            0,          0.0 ,                  76,              3,           1,                 0,          15,          15,     0
             0,         0,             1,          0,            1,          0.83,                   0,              3,           1,                 0,           4,           3,     1
             0,         0,             0,          0,            1,          0.55,                   0,              4,           0,                 1,           5,           7,     1
             1,         1,             0,          0,            1,          0.36,                   0,              4,           0,                 1,           9,           9,     0
             0,         0,             0,          1,            0,          0.0 ,                  87,              3,           1,                 0,           6,           3,     0
             1,         0,             0,          0,            1,          0.78,                   0,              3,           1,                 0,           6,           6,     1
             1,         1,             0,          1,            0,          0.0 ,                  16,              3,           1,                 0,           5,           5,     0
             1,         1,             0,          0,            0,          0.0 ,                  95,              3,           1,                 0,           7,           7,     0
             0,         0,             0,          1,            1,          0.38,                   0,              1,           0,                 0,          11,           8,     0
             1,         1,             0,          1,            0,          0.0 ,                  74,              2,           0,                 0,           8,           8,     0
             0,         0,             0,          1,            0,          0.0 ,                  70,              4,           0,                 1,           6,           8,     0
             1,         0,             1,          1,            1,          0.16,                   0,              2,           0,                 0,           7,           7,     0
             1,         1,             1,          0,            1,          0.55,                   0,              3,           1,                 0,          12,          12,     1
             1,         1,             0,          1,            0,          0.0 ,                  39,              4,           0,                 1,           7,           7,     0
             1,         0,             1,          1,            1,          0.9 ,                   0,              1,           0,                 0,          10,          10,     1
             1,         0,             0,          1,            1,          0.79,                   0,              3,           1,                 0,           1,           1,     1
             1,         1,             1,          1,            1,          0.1 ,                   0,              3,           1,                 0,          11,          11,     1
             1,         0,             0,          0,            0,          0.0 ,                  56,              3,           1,                 0,           9,           9,     0
             0,         0,             1,          1,            1,          0.56,                   0,              4,           0,                 1,           2,           1,     1
             1,         1,             0,          1,            1,          0.13,                   0,              4,           0,                 1,           7,           7,     0
             1,         1,             1,          0,            0,          0.0 ,                  18,              4,           0,                 1,           6,           6,     1
             1,         1,             1,          0,            1,          0.3 ,                   0,              3,           1,                 0,           4,           4,     1
             1,         0,             0,          0,            1,          0.98,                   0,              1,           0,                 0,           3,           3,     1
             1,         0,             0,          1,            0,          0.0 ,                  74,              1,           0,                 0,          11,          11,     0
             1,         1,             1,          0,            1,          0.89,                   0,              4,           0,                 1,           1,           1,     1
             1,         0,             0,          1,            1,          0.79,                   0,              2,           0,                 0,           5,           5,     1
             0,         0,             0,          1,            1,          0.54,                   0,              3,           1,                 0,           6,           4,     1
             1,         0,             0,          0,            0,          0.0 ,                  49,              3,           1,                 0,           9,           9,     0
             1,         1,             1,          1,            0,          0.0 ,                  97,              3,           1,                 0,          12,          12,     1
             0,         0,             0,          1,            0,          0.0 ,                  43,              4,           0,                 1,           4,          12,     0
             1,         0,             0,          0,            0,          0.0 ,                  82,              1,           0,                 0,           6,           6,     0
             0,         0,             0,          1,            1,          0.24,                   0,              3,           1,                 0,           6,          10,     0
             0,         0,             0,          1,            1,          0.54,                   0,              4,           0,                 1,          13,          14,     1
             0,         0,             0,          1,            0,          0.0 ,                  70,              4,           0,                 1,           6,          13,     0
             0,         0,             0,          1,            1,          0.39,                   0,              4,           0,                 1,          15,          12,     0
             1,         0,             1,          1,            0,          0.0 ,                  17,              2,           0,                 0,           5,           5,     0
             1,         1,             1,          0,            1,          0.32,                   0,              3,           1,                 0,           4,           4,     1
             0,         0,             0,          1,            1,          0.64,                   0,              3,           1,                 0,          11,          12,     0
             0,         0,             0,          1,            0,          0.0 ,                  61,              3,           1,                 0,           8,           4,     0
             0,         0,             0,          1,            0,          0.0 ,                  71,              4,           0,                 1,           3,           2,     0
             0,         0,             1,          1,            0,          0.0 ,                  48,              3,           1,                 0,          12,          13,     0
             1,         1,             0,          1,            1,          0.18,                   0,              4,           0,                 1,          10,          10,     0
             0,         0,             1,          0,            1,          0.58,                   0,              4,           0,                 1,          10,          11,     1
             0,         0,             0,          1,            1,          0.27,                   0,              3,           1,                 0,           5,           4,     0
             1,         1,             1,          1,            0,          0.0 ,                  15,              4,           0,                 1,           8,           8,     1
             0,         0,             1,          1,            0,          0.0 ,                 100,              4,           0,                 1,           1,          11,     1
             0,         0,             0,          0,            1,          0.49,                   0,              3,           1,                 0,          10,           2,     0
             0,         0,             0,          1,            0,          0.0 ,                  19,              1,           0,                 0,          12,          14,     0
             1,         1,             1,          0,            0,          0.0 ,                  84,              1,           0,                 0,          14,          14,     0
             1,         1,             1,          1,            1,          0.88,                   0,              3,           1,                 0,          15,          15,     1
             1,         0,             0,          1,            1,          0.58,                   0,              3,           1,                 0,           2,           2,     1
             1,         1,             1,          1,            1,          0.11,                   0,              4,           0,                 1,           4,           4,     1
             1,         1,             0,          0,            0,          0.0 ,                  95,              2,           0,                 0,          11,          11,     0
             1,         0,             0,          0,            1,          0.1 ,                   0,              4,           0,                 1,           5,           5,     0
             0,         0,             0,          0,            0,          0.0 ,                   5,              1,           0,                 0,           9,          13,     0
             0,         0,             1,          0,            1,          0.45,                   0,              3,           1,                 0,           2,           5,     0
             0,         0,             1,          0,            1,          0.15,                   0,              3,           1,                 0,           2,           9,     0
             0,         0,             1,          1,            1,          0.29,                   0,              4,           0,                 1,          14,           8,     1
             1,         0,             1,          0,            1,          0.25,                   0,              3,           1,                 0,           8,           8,     0
             1,         1,             1,          1,            1,          0.17,                   0,              3,           1,                 0,          14,          14,     1
             0,         0,             0,          0,            1,          0.11,                   0,              2,           0,                 0,          11,           4,     0
             1,         1,             0,          0,            1,          0.48,                   0,              3,           1,                 0,          11,          11,     0
             0,         0,             1,          1,            1,          0.49,                   0,              3,           1,                 0,           2,           3,     0
             1,         1,             1,          1,            0,          0.0 ,                   3,              4,           0,                 1,          14,          14,     1
             0,         0,             1,          1,            0,          0.0 ,                  92,              3,           1,                 0,          14,           5,     0
             0,         0,             1,          1,            0,          0.0 ,                  86,              3,           1,                 0,           1,           8,     0
             0,         0,             1,          0,            0,          0.0 ,                  59,              3,           1,                 0,           5,           1,     0
             1,         1,             0,          0,            0,          0.0 ,                  45,              1,           0,                 0,          15,          15,     0
             0,         0,             1,          0,            0,          0.0 ,                  34,              3,           1,                 0,           7,           4,     0
             0,         0,             0,          0,            0,          0.0 ,                  83,              2,           0,                 0,           2,           9,     0
             1,         1,             1,          0,            0,          0.0 ,                  59,              3,           1,                 0,           8,           8,     1
             0,         0,             1,          1,            0,          0.0 ,                  86,              4,           0,                 1,          11,           9,     1
             0,         0,             1,          1,            1,          0.22,                   0,              2,           0,                 0,           1,           4,     0
             1,         1,             1,          1,            1,          0.82,                   0,              4,           0,                 1,           7,           7,     1
             0,         0,             1,          1,            0,          0.0 ,                  31,              2,           0,                 0,           9,          11,     0
             1,         1,             0,          1,            1,          0.82,                   0,              3,           1,                 0,           8,           8,     0
             1,         0,             1,          1,            1,          0.15,                   0,              4,           0,                 1,           6,           6,     1
             0,         0,             0,          1,            1,          0.38,                   0,              3,           1,                 0,           8,          14,     0
             1,         1,             0,          0,            1,          0.6 ,                   0,              3,           1,                 0,           7,           7,     1
             1,         1,             1,          0,            1,          0.97,                   0,              3,           1,                 0,          11,          11,     1
             0,         0,             1,          1,            1,          0.11,                   0,              2,           0,                 0,           4,          13,     1
             0,         0,             1,          0,            0,          0.0 ,                  38,              3,           1,                 0,           2,           1,     0
             0,         0,             1,          0,            1,          0.89,                   0,              3,           1,                 0,          12,           9,     1
             0,         0,             1,          0,            1,          0.93,                   0,              4,           0,                 1,           3,           1,     1
             1,         0,             0,          0,            1,          0.47,                   0,              3,           1,                 0,          12,          12,     0
             0,         0,             0,          1,            1,          0.31,                   0,              1,           0,                 0,           6,          15,     0
             0,         0,             1,          0,            1,          0.84,                   0,              3,           1,                 0,          13,           2,     1
             1,         1,             1,          0,            0,          0.0 ,                  40,              4,           0,                 1,           8,           8,     1
             0,         0,             1,          0,            0,          0.0 ,                  98,              1,           0,                 0,          15,           7,     0
             0,         0,             0,          1,            0,          0.0 ,                  58,              4,           0,                 1,           1,           9,     0
             1,         0,             0,          0,            1,          0.47,                   0,              3,           1,                 0,          11,          11,     0
             1,         1,             0,          0,            1,          0.62,                   0,              3,           1,                 0,           5,           5,     1
             0,         0,             1,          0,            1,          0.97,                   0,              3,           1,                 0,          10,          11,     1
             1,         0,             1,          0,            0,          0.0 ,                   4,              3,           1,                 0,           8,           8,     1
             0,         0,             1,          1,            0,          0.0 ,                  84,              3,           1,                 0,           1,           4,     0
             0,         0,             0,          0,            0,          0.0 ,                  15,              3,           1,                 0,           9,           2,     0
             1,         1,             1,          1,            1,          0.33,                   0,              1,           0,                 0,           2,           2,     0
             0,         0,             0,          1,            1,          0.39,                   0,              3,           1,                 0,          10,           6,     0
             0,         0,             0,          1,            0,          0.0 ,                  76,              3,           1,                 0,          14,           1,     0
             1,         1,             0,          0,            0,          0.0 ,                  45,              4,           0,                 1,          12,          12,     0
             1,         0,             0,          0,            1,          0.8 ,                   0,              1,           0,                 0,           4,           4,     1
             1,         0,             0,          0,            0,          0.0 ,                  63,              4,           0,                 1,          11,          11,     0
             1,         0,             1,          1,            1,          0.38,                   0,              3,           1,                 0,          13,          13,     0
             1,         1,             0,          1,            1,          0.89,                   0,              4,           0,                 1,          11,          11,     1
             1,         1,             1,          0,            0,          0.0 ,                  63,              3,           1,                 0,          11,          11,     1
             1,         1,             1,          0,            1,          0.96,                   0,              3,           1,                 0,           2,           2,     1
             0,         0,             1,          1,            0,          0.0 ,                  71,              4,           0,                 1,          12,           9,     1
             0,         0,             0,          1,            0,          0.0 ,                  67,              3,           1,                 0,           9,           4,     1
             0,         0,             0,          0,            1,          0.91,                   0,              3,           1,                 0,           6,          15,     1
             1,         1,             0,          1,            1,          0.23,                   0,              2,           0,                 0,           9,           9,     0
             1,         0,             0,          0,            1,          0.29,                   0,              3,           1,                 0,          12,          12,     0
             0,         0,             0,          1,            1,          0.73,                   0,              3,           1,                 0,           8,          12,     1
             0,         0,             1,          0,            0,          0.0 ,                  72,              2,           0,                 0,           8,          15,     0
             1,         0,             1,          0,            0,          0.0 ,                  12,              1,           0,                 0,          15,          15,     0
             1,         0,             0,          1,            0,          0.0 ,                  38,              3,           1,                 0,          12,          12,     0
             1,         1,             0,          1,            1,          0.71,                   0,              3,           1,                 0,           7,           7,     1
             1,         1,             1,          1,            1,          0.55,                   0,              1,           0,                 0,           2,           2,     1
             1,         1,             0,          1,            1,          0.87,                   0,              4,           0,                 1,           3,           3,     1
             0,         0,             1,          0,            1,          0.44,                   0,              1,           0,                 0,           4,          15,     0
             1,         1,             0,          0,            1,          0.97,                   0,              3,           1,                 0,           2,           2,     1
             1,         0,             0,          1,            1,          0.16,                   0,              1,           0,                 0,          12,          12,     0
             1,         0,             0,          0,            1,          0.71,                   0,              3,           1,                 0,           9,           9,     1
             1,         0,             0,          0,            1,          0.18,                   0,              1,           0,                 0,           2,           2,     0
             1,         1,             1,          0,            0,          0.0 ,                  74,              3,           1,                 0,          12,          12,     1
             1,         1,             0,          1,            1,          0.5 ,                   0,              3,           1,                 0,           8,           8,     0
             1,         0,             1,          1,            1,          0.6 ,                   0,              2,           0,                 0,          12,          12,     1
             1,         0,             0,          0,            1,          0.23,                   0,              3,           1,                 0,          10,          10,     0
             1,         0,             1,          0,            1,          0.48,                   0,              2,           0,                 0,           2,           2,     0
             1,         1,             0,          1,            0,          0.0 ,                  16,              4,           0,                 1,           8,           8,     0
             1,         0,             1,          1,            1,          0.98,                   0,              4,           0,                 1,          15,          15,     1
             1,         1,             0,          1,            0,          0.0 ,                  56,              3,           1,                 0,          15,          15,     1
             0,         0,             1,          1,            1,          0.49,                   0,              4,           0,                 1,           9,           7,     1
             1,         1,             1,          1,            1,          0.63,                   0,              3,           1,                 0,           9,           9,     1
             0,         0,             0,          1,            0,          0.0 ,                  76,              2,           0,                 0,          10,           8,     1
             1,         1,             0,          1,            0,          0.0 ,                  34,              4,           0,                 1,           8,           8,     0
             0,         0,             0,          1,            0,          0.0 ,                  96,              4,           0,                 1,           9,           4,     0
             0,         0,             1,          0,            1,          0.23,                   0,              3,           1,                 0,          14,          13,     0
             1,         0,             0,          1,            0,          0.0 ,                  24,              3,           1,                 0,          15,          15,     0
             1,         0,             0,          1,            0,          0.0 ,                  29,              2,           0,                 0,          10,          10,     0
             0,         0,             0,          1,            0,          0.0 ,                  77,              3,           1,                 0,           8,           4,     0
             0,         0,             0,          0,            0,          0.0 ,                  67,              2,           0,                 0,          13,          10,     0
             1,         0,             1,          0,            1,          0.85,                   0,              3,           1,                 0,          12,          12,     1
             1,         1,             1,          0,            0,          0.0 ,                  56,              2,           0,                 0,           1,           1,     0
             1,         0,             0,          1,            1,          0.79,                   0,              3,           1,                 0,          15,          15,     1
             0,         0,             1,          1,            1,          0.89,                   0,              3,           1,                 0,           1,           9,     1
             1,         0,             0,          1,            1,          0.69,                   0,              3,           1,                 0,          10,          10,     1
             1,         0,             1,          1,            0,          0.0 ,                  53,              4,           0,                 1,          15,          15,     1
             0,         0,             1,          1,            1,          0.53,                   0,              3,           1,                 0,           6,          10,     1
             1,         1,             0,          0,            1,          0.56,                   0,              4,           0,                 1,          10,          10,     0
             1,         1,             0,          1,            1,          0.91,                   0,              4,           0,                 1,          13,          13,     1
             1,         1,             1,          0,            0,          0.0 ,                   3,              3,           1,                 0,          11,          11,     1
             1,         1,             0,          0,            1,          0.56,                   0,              4,           0,                 1,          15,          15,     1
             1,         0,             0,          1,            0,          0.0 ,                  56,              4,           0,                 1,           5,           5,     0
             0,         0,             0,          0,            1,          0.41,                   0,              4,           0,                 1,           4,           7,     0
             0,         0,             1,          1,            0,          0.0 ,                  92,              4,           0,                 1,           7,           8,     1
             1,         1,             1,          1,            0,          0.0 ,                  45,              2,           0,                 0,           2,           2,     0
             1,         0,             1,          0,            0,          0.0 ,                  10,              3,           1,                 0,           9,           9,     0
             1,         0,             0,          1,            1,          0.25,                   0,              3,           1,                 0,           7,           7,     1
             0,         0,             1,          0,            0,          0.0 ,                  76,              4,           0,                 1,          15,           1,     1
             0,         0,             0,          1,            1,          0.86,                   0,              4,           0,                 1,           9,           4,     1
             1,         0,             0,          1,            0,          0.0 ,                  32,              3,           1,                 0,           3,           3,     0
             1,         0,             1,          1,            1,          0.7 ,                   0,              4,           0,                 1,          15,          15,     1
             1,         0,             1,          0,            1,          0.11,                   0,              4,           0,                 1,          13,          13,     1
             0,         0,             1,          0,            0,          0.0 ,                   5,              3,           1,                 0,           2,           6,     1
             1,         0,             1,          0,            1,          0.21,                   0,              3,           1,                 0,          14,          14,     0
             1,         0,             0,          1,            0,          0.0 ,                  93,              2,           0,                 0,           1,           1,     0
             1,         0,             1,          0,            0,          0.0 ,                  63,              3,           1,                 0,           1,           1,     0
             1,         0,             1,          0,            0,          0.0 ,                  94,              4,           0,                 1,           6,           6,     1
             0,         0,             0,          0,            1,          0.74,                   0,              2,           0,                 0,           4,          11,     1
             1,         1,             1,          0,            1,          0.82,                   0,              3,           1,                 0,          12,          12,     0
             0,         0,             1,          1,            1,          0.98,                   0,              3,           1,                 0,           6,          11,     1
             1,         1,             1,          0,            0,          0.0 ,                  48,              3,           1,                 0,           3,           3,     1
             0,         0,             1,          0,            0,          0.0 ,                  67,              3,           1,                 0,          12,          13,     0
             0,         0,             1,          1,            1,          0.2 ,                   0,              1,           0,                 0,           9,           4,     1
             1,         1,             1,          1,            1,          0.98,                   0,              3,           1,                 0,           7,           7,     1
             0,         0,             1,          0,            1,          0.41,                   0,              3,           1,                 0,           4,           5,     0
             0,         0,             0,          0,            0,          0.0 ,                  68,              3,           1,                 0,           8,           6,     0
             1,         0,             1,          0,            0,          0.0 ,                  65,              2,           0,                 0,           2,           2,     0
             1,         1,             1,          0,            1,          0.64,                   0,              3,           1,                 0,           5,           5,     1
             0,         0,             0,          1,            1,          0.17,                   0,              3,           1,                 0,           4,           2,     0
             1,         1,             0,          1,            1,          0.34,                   0,              3,           1,                 0,           8,           8,     0
             1,         0,             0,          1,            0,          0.0 ,                  66,              3,           1,                 0,          13,          13,     0
             0,         0,             0,          0,            1,          0.43,                   0,              2,           0,                 0,          12,           8,     0
             1,         0,             0,          1,            0,          0.0 ,                  14,              3,           1,                 0,          13,          13,     0
             0,         0,             1,          0,            1,          0.25,                   0,              4,           0,                 1,          15,           9,     1
             1,         0,             0,          1,            0,          0.0 ,                  87,              2,           0,                 0,           3,           3,     0
             0,         0,             1,          1,            0,          0.0 ,                  95,              3,           1,                 0,           4,           3,     0
             1,         1,             1,          0,            0,          0.0 ,                   7,              3,           1,                 0,           8,           8,     1
             0,         0,             0,          1,            0,          0.0 ,                  89,              3,           1,                 0,          14,          15,     0
             1,         1,             0,          1,            1,          0.96,                   0,              3,           1,                 0,           3,           3,     1
             0,         0,             1,          0,            1,          0.95,                   0,              3,           1,                 0,           3,          10,     1
             0,         0,             0,          0,            1,          0.44,                   0,              3,           1,                 0,           8,           7,     0
             0,         0,             1,          0,            0,          0.0 ,                  15,              2,           0,                 0,           9,           9,     0
             0,         0,             1,          0,            1,          0.87,                   0,              3,           1,                 0,           7,           7,     1
             0,         0,             0,          1,            1,          0.52,                   0,              4,           0,                 1,          10,           2,     1
             1,         1,             0,          0,            0,          0.0 ,                  79,              4,           0,                 1,           6,           6,     0
             0,         0,             0,          1,            0,          0.0 ,                  30,              2,           0,                 0,           2,           5,     0
             1,         1,             0,          1,            1,          0.46,                   0,              3,           1,                 0,           2,           2,     0
             0,         0,             0,          1,            0,          0.0 ,                  86,              2,           0,                 0,          10,          15,     0
             1,         1,             0,          1,            0,          0.0 ,                  95,              1,           0,                 0,          14,          14,     0
             0,         0,             1,          0,            0,          0.0 ,                   2,              3,           1,                 0,           9,           3,     0
             0,         0,             1,          0,            0,          0.0 ,                   1,              3,           1,                 0,          11,          14,     0
             1,         1,             0,          0,            0,          0.0 ,                  33,              3,           1,                 0,           7,           7,     0
             0,         0,             1,          1,            1,          0.16,                   0,              4,           0,                 1,          14,          13,     0
             1,         1,             0,          1,            0,          0.0 ,                  39,              1,           0,                 0,           6,           6,     0
             0,         0,             0,          1,            0,          0.0 ,                  63,              1,           0,                 0,          10,          14,     0
             0,         0,             0,          1,            1,          0.25,                   0,              3,           1,                 0,          11,           6,     1
             0,         0,             0,          0,            0,          0.0 ,                  62,              4,           0,                 1,          11,           3,     1
             0,         0,             0,          1,            1,          0.13,                   0,              2,           0,                 0,           7,           4,     0
             0,         0,             1,          1,            0,          0.0 ,                  13,              3,           1,                 0,          11,           7,     1
             0,         0,             1,          0,            1,          0.36,                   0,              2,           0,                 0,           1,           4,     0
             0,         0,             1,          0,            0,          0.0 ,                   9,              4,           0,                 1,          11,           6,     1
             0,         0,             1,          1,            1,          0.24,                   0,              4,           0,                 1,          15,          10,     1
             1,         0,             1,          0,            1,          0.37,                   0,              4,           0,                 1,          10,          10,     1
             1,         0,             1,          0,            0,          0.0 ,                  96,              3,           1,                 0,          15,          15,     0
             0,         0,             1,          0,            0,          0.0 ,                  99,              3,           1,                 0,          15,          15,     0
             0,         0,             1,          0,            0,          0.0 ,                  24,              3,           1,                 0,           2,           6,     0
             1,         1,             0,          0,            1,          0.22,                   0,              1,           0,                 0,           4,           4,     0
             0,         0,             0,          1,            1,          0.19,                   0,              1,           0,                 0,          15,           8,     0
             1,         0,             0,          1,            0,          0.0 ,                  79,              3,           1,                 0,           8,           8,     0
             0,         0,             0,          0,            0,          0.0 ,                   3,              3,           1,                 0,          15,          12,     0
             1,         0,             0,          0,            1,          0.5 ,                   0,              3,           1,                 0,          15,          15,     0
             0,         0,             1,          1,            1,          0.95,                   0,              2,           0,                 0,          12,           4,     0
             1,         0,             1,          0,            0,          0.0 ,                 100,              1,           0,                 0,          12,          12,     0
             1,         1,             1,          0,            0,          0.0 ,                  88,              1,           0,                 0,           5,           5,     0
             0,         0,             0,          1,            0,          0.0 ,                   7,              3,           1,                 0,           5,          15,     0
             0,         0,             0,          1,            1,          0.46,                   0,              4,           0,                 1,           3,           7,     0
             0,         0,             1,          1,            1,          0.35,                   0,              3,           1,                 0,          12,           2,     0
             0,         0,             1,          0,            1,          0.15,                   0,              1,           0,                 0,           1,           8,     0
             0,         0,             1,          0,            0,          0.0 ,                  97,              2,           0,                 0,           2,           8,     0
             1,         0,             0,          1,            0,          0.0 ,                  54,              3,           1,                 0,           3,           3,     0
             0,         0,             1,          1,            0,          0.0 ,                  76,              3,           1,                 0,           3,           9,     0
             1,         1,             0,          0,            0,          0.0 ,                  21,              3,           1,                 0,          12,          12,     1
             1,         0,             1,          1,            0,          0.0 ,                  90,              4,           0,                 1,          12,          12,     1
             1,         1,             1,          0,            0,          0.0 ,                  18,              3,           1,                 0,          13,          13,     1
             1,         1,             1,          1,            0,          0.0 ,                  89,              4,           0,                 1,          10,          10,     1
             1,         0,             1,          0,            1,          0.26,                   0,              4,           0,                 1,           6,           6,     1
             0,         0,             0,          0,            0,          0.0 ,                   4,              3,           1,                 0,          10,          13,     0
             1,         0,             0,          0,            0,          0.0 ,                  29,              1,           0,                 0,           9,           9,     0
             1,         1,             1,          1,            1,          0.5 ,                   0,              3,           1,                 0,          11,          11,     1
             0,         0,             0,          1,            1,          0.95,                   0,              1,           0,                 0,          15,           6,     0
             1,         1,             1,          1,            1,          0.95,                   0,              3,           1,                 0,           1,           1,     1
             0,         0,             1,          1,            0,          0.0 ,                  33,              3,           1,                 0,           7,           9,     0
             0,         0,             0,          1,            0,          0.0 ,                  83,              4,           0,                 1,           8,           6,     0
             0,         0,             1,          0,            1,          0.73,                   0,              3,           1,                 0,          11,          10,     1
             1,         0,             0,          0,            0,          0.0 ,                  93,              4,           0,                 1,           9,           9,     0
             1,         0,             1,          1,            1,          0.7 ,                   0,              3,           1,                 0,          13,          13,     1
             1,         1,             0,          1,            1,          0.59,                   0,              4,           0,                 1,          14,          14,     1
             0,         0,             0,          1,            1,          0.13,                   0,              3,           1,                 0,          10,           3,     0
             0,         0,             0,          1,            1,          0.56,                   0,              3,           1,                 0,          12,           4,     1
             0,         0,             1,          0,            0,          0.0 ,                   1,              2,           0,                 0,           9,           9,     0
             0,         0,             1,          1,            1,          0.29,                   0,              1,           0,                 0,           8,           3,     0
             0,         0,             0,          0,            1,          0.54,                   0,              3,           1,                 0,          14,           9,     1
             1,         1,             1,          0,            0,          0.0 ,                  29,              4,           0,                 1,           2,           2,     1
             1,         1,             0,          1,            0,          0.0 ,                  30,              3,           1,                 0,           8,           8,     0
             1,         1,             0,          1,            1,          0.58,                   0,              1,           0,                 0,          13,          13,     1
             0,         0,             0,          1,            0,          0.0 ,                   6,              3,           1,                 0,          10,          15,     1
             0,         0,             1,          0,            0,          0.0 ,                  42,              3,           1,                 0,           4,           4,     0
             1,         0,             1,          0,            1,          0.27,                   0,              3,           1,                 0,           5,           5,     0
             0,         0,             0,          1,            0,          0.0 ,                  23,              4,           0,                 1,           5,           3,     0
             1,         1,             1,          1,            0,          0.0 ,                  22,              3,           1,                 0,           9,           9,     0
             0,         0,             1,          1,            0,          0.0 ,                  59,              3,           1,                 0,           9,           3,     0
             1,         0,             0,          1,            0,          0.0 ,                  63,              3,           1,                 0,          11,          11,     1
             0,         0,             0,          0,            1,          0.15,                   0,              3,           1,                 0,           3,          15,     0
             0,         0,             1,          0,            0,          0.0 ,                  37,              4,           0,                 1,           9,           6,     1
             0,         0,             1,          1,            0,          0.0 ,                  43,              1,           0,                 0,           1,          13,     1
             1,         0,             0,          0,            0,          0.0 ,                  31,              1,           0,                 0,           8,           8,     0
             1,         0,             1,          0,            1,          0.82,                   0,              3,           1,                 0,           2,           2,     1
             1,         0,             0,          0,            0,          0.0 ,                  46,              3,           1,                 0,           2,           2,     0
             1,         1,             1,          0,            0,          0.0 ,                   4,              3,           1,                 0,          13,          13,     1
             1,         1,             1,          0,            0,          0.0 ,                  14,              3,           1,                 0,           8,           8,     1
             1,         1,             1,          1,            1,          0.62,                   0,              4,           0,                 1,           3,           3,     1
             0,         0,             1,          0,            1,          0.62,                   0,              4,           0,                 1,           5,          12,     1
             0,         0,             1,          1,            1,          0.71,                   0,              2,           0,                 0,           5,           4,     1
             0,         0,             0,          0,            1,          0.42,                   0,              3,           1,                 0,          14,           4,     0
             1,         1,             0,          1,            1,          0.48,                   0,              3,           1,                 0,           1,           1,     0
             1,         0,             0,          0,            0,          0.0 ,                  15,              3,           1,                 0,           1,           1,     0
             0,         0,             0,          0,            0,          0.0 ,                  93,              3,           1,                 0,          15,           9,     0
             0,         0,             1,          0,            1,          0.99,                   0,              2,           0,                 0,           3,           2,     1
             0,         0,             1,          1,            0,          0.0 ,                  25,              3,           1,                 0,           8,           9,     0
             0,         0,             1,          0,            0,          0.0 ,                  58,              2,           0,                 0,           4,           5,     0
             0,         0,             1,          0,            0,          0.0 ,                  72,              3,           1,                 0,           3,          14,     0
             0,         0,             1,          0,            0,          0.0 ,                   9,              4,           0,                 1,           1,           5,     1
             0,         0,             1,          0,            1,          0.51,                   0,              3,           1,                 0,          15,          15,     1
             1,         1,             0,          0,            0,          0.0 ,                  89,              1,           0,                 0,           2,           2,     0
             0,         0,             0,          0,            1,          0.69,                   0,              3,           1,                 0,           2,          15,     1
             1,         1,             1,          0,            0,          0.0 ,                   6,              1,           0,                 0,           2,           2,     0
             0,         0,             0,          1,            0,          0.0 ,                  29,              4,           0,                 1,          12,          10,     0
             0,         0,             0,          1,            1,          0.92,                   0,              3,           1,                 0,          11,           1,     1
             0,         0,             0,          0,            0,          0.0 ,                  66,              3,           1,                 0,           4,          10,     0
             1,         1,             0,          1,            1,          0.13,                   0,              1,           0,                 0,           1,           1,     0
             1,         0,             0,          0,            1,          0.33,                   0,              1,           0,                 0,           5,           5,     0
             1,         1,             0,          1,            1,          0.22,                   0,              1,           0,                 0,          13,          13,     0
             1,         0,             1,          0,            0,          0.0 ,                  25,              4,           0,                 1,           8,           8,     1
             0,         0,             1,          1,            1,          0.32,                   0,              4,           0,                 1,           6,           7,     1
             1,         0,             0,          1,            0,          0.0 ,                  92,              3,           1,                 0,          12,          12,     0
             1,         1,             0,          0,            0,          0.0 ,                  61,              3,           1,                 0,           9,           9,     0
             0,         0,             1,          1,            0,          0.0 ,                  34,              2,           0,                 0,           9,          15,     0
             0,         0,             1,          0,            0,          0.0 ,                  47,              3,           1,                 0,           9,           1,     0
             1,         0,             1,          0,            1,          0.7 ,                   0,              1,           0,                 0,          10,          10,     1
             0,         0,             0,          1,            1,          0.69,                   0,              4,           0,                 1,           3,           4,     1
             1,         1,             0,          0,            0,          0.0 ,                   6,              1,           0,                 0,           8,           8,     0
             0,         0,             1,          0,            0,          0.0 ,                  14,              3,           1,                 0,           5,           3,     0
             0,         0,             1,          0,            1,          0.43,                   0,              4,           0,                 1,          11,          15,     1
             1,         0,             1,          1,            0,          0.0 ,                  21,              3,           1,                 0,           3,           3,     0
             0,         0,             1,          1,            0,          0.0 ,                  96,              4,           0,                 1,          12,           2,     1
             1,         1,             0,          0,            1,          1.0 ,                   0,              1,           0,                 0,           5,           5,     1
             1,         0,             1,          1,            0,          0.0 ,                  46,              3,           1,                 0,          12,          12,     0
             0,         0,             0,          0,            1,          0.43,                   0,              3,           1,                 0,           1,          12,     0
             1,         1,             1,          0,            1,          0.98,                   0,              3,           1,                 0,           8,           8,     1
             0,         0,             0,          1,            1,          0.12,                   0,              1,           0,                 0,          13,           7,     0
             1,         1,             0,          1,            1,          0.77,                   0,              3,           1,                 0,           6,           6,     1
             1,         1,             1,          0,            1,          0.61,                   0,              4,           0,                 1,          15,          15,     1
             0,         0,             1,          1,            1,          0.55,                   0,              1,           0,                 0,           9,           9,     1
             0,         0,             1,          1,            1,          0.56,                   0,              3,           1,                 0,          12,          13,     1
             1,         0,             1,          1,            0,          0.0 ,                  45,              4,           0,                 1,           2,           2,     1
             0,         0,             0,          0,            1,          0.28,                   0,              3,           1,                 0,           7,           5,     0
             0,         0,             1,          1,            0,          0.0 ,                  12,              4,           0,                 1,           6,           9,     1
             0,         0,             1,          1,            1,          0.53,                   0,              1,           0,                 0,          13,           6,     1
             0,         0,             0,          0,            1,          0.19,                   0,              4,           0,                 1,          15,           5,     0
             1,         0,             1,          0,            0,          0.0 ,                  35,              3,           1,                 0,           6,           6,     0
             0,         0,             1,          1,            1,          0.28,                   0,              4,           0,                 1,           4,          11,     1
             0,         0,             0,          0,            0,          0.0 ,                  98,              4,           0,                 1,           3,          15,     0
             0,         0,             0,          1,            1,          0.29,                   0,              2,           0,                 0,          14,           8,     0
             1,         0,             0,          0,            1,          0.28,                   0,              3,           1,                 0,           5,           5,     0
             1,         0,             1,          0,            0,          0.0 ,                  35,              1,           0,                 0,           7,           7,     0
             0,         0,             0,          0,            0,          0.0 ,                  37,              2,           0,                 0,          10,          13,     0
             1,         0,             1,          0,            0,          0.0 ,                   4,              4,           0,                 1,           9,           9,     1
             0,         0,             0,          0,            1,          0.15,                   0,              3,           1,                 0,           9,           5,     0
             1,         0,             1,          1,            1,          0.36,                   0,              4,           0,                 1,           9,           9,     1
             1,         1,             0,          1,            1,          0.81,                   0,              3,           1,                 0,           2,           2,     1
             0,         0,             1,          1,            0,          0.0 ,                  81,              3,           1,                 0,           7,          11,     0
             1,         0,             1,          0,            0,          0.0 ,                  46,              3,           1,                 0,          11,          11,     0
             1,         1,             1,          1,            0,          0.0 ,                  99,              3,           1,                 0,           1,           1,     1
             0,         0,             0,          1,            1,          0.74,                   0,              3,           1,                 0,           3,           6,     1
             1,         0,             0,          1,            1,          0.72,                   0,              1,           0,                 0,           8,           8,     1
             0,         0,             1,          1,            0,          0.0 ,                  20,              2,           0,                 0,           6,           1,     0
             0,         0,             0,          0,            0,          0.0 ,                  44,              3,           1,                 0,           1,          13,     0
             1,         1,             0,          0,            1,          0.9 ,                   0,              4,           0,                 1,           4,           4,     1
             1,         0,             0,          0,            1,          0.38,                   0,              3,           1,                 0,          12,          12,     0
             1,         0,             0,          1,            0,          0.0 ,                  17,              3,           1,                 0,          13,          13,     0
             0,         0,             1,          0,            0,          0.0 ,                  81,              3,           1,                 0,          12,          10,     0
             1,         1,             0,          1,            0,          0.0 ,                  63,              2,           0,                 0,          13,          13,     0
             1,         1,             0,          1,            0,          0.0 ,                  60,              3,           1,                 0,           3,           3,     0
             0,         0,             0,          0,            1,          0.26,                   0,              3,           1,                 0,           2,          13,     1
             0,         0,             1,          1,            0,          0.0 ,                  19,              3,           1,                 0,           5,           7,     0
             0,         0,             1,          0,            1,          0.81,                   0,              4,           0,                 1,           7,           7,     1
             0,         0,             0,          1,            0,          0.0 ,                  65,              1,           0,                 0,          12,          11,     0
             0,         0,             0,          1,            0,          0.0 ,                  47,              3,           1,                 0,          11,           3,     0
             1,         1,             1,          0,            0,          0.0 ,                  57,              3,           1,                 0,          15,          15,     1
             0,         0,             1,          0,            0,          0.0 ,                  12,              1,           0,                 0,          10,           2,     0
             0,         0,             0,          1,            0,          0.0 ,                  72,              3,           1,                 0,          15,           3,     0
             0,         0,             0,          1,            1,          0.69,                   0,              3,           1,                 0,          13,          15,     1
             0,         0,             1,          0,            1,          0.92,                   0,              3,           1,                 0,          11,          15,     1
             0,         0,             1,          0,            0,          0.0 ,                  26,              2,           0,                 0,          10,          14,     0
             1,         1,             0,          0,            0,          0.0 ,                  31,              3,           1,                 0,           4,           4,     0
             1,         1,             1,          0,            0,          0.0 ,                  18,              3,           1,                 0,           7,           7,     1
             0,         0,             1,          0,            1,          0.15,                   0,              4,           0,                 1,           9,           9,     1
             0,         0,             0,          0,            0,          0.0 ,                  67,              3,           1,                 0,           4,          13,     0
             0,         0,             1,          0,            0,          0.0 ,                  98,              3,           1,                 0,          10,           8,     0
             0,         0,             1,          1,            1,          0.14,                   0,              3,           1,                 0,          13,          15,     0
             1,         0,             0,          0,            1,          0.71,                   0,              1,           0,                 0,          11,          11,     1
             0,         0,             1,          1,            0,          0.0 ,                  85,              2,           0,                 0,          10,           5,     0
             0,         0,             0,          1,            1,          0.97,                   0,              3,           1,                 0,           4,           4,     1
             1,         1,             1,          0,            0,          0.0 ,                  44,              3,           1,                 0,          12,          12,     1
             1,         0,             1,          1,            1,          0.98,                   0,              4,           0,                 1,          11,          11,     1
             1,         0,             1,          1,            0,          0.0 ,                  25,              3,           1,                 0,           6,           6,     0
             1,         1,             1,          0,            0,          0.0 ,                  49,              2,           0,                 0,          10,          10,     0
             0,         0,             1,          1,            0,          0.0 ,                  21,              3,           1,                 0,           7,           1,     0
             0,         0,             1,          0,            1,          0.49,                   0,              1,           0,                 0,          11,           9,     0
             0,         0,             1,          0,            0,          0.0 ,                  43,              3,           1,                 0,           1,          14,     0
             1,         0,             1,          1,            0,          0.0 ,                  39,              1,           0,                 0,          12,          12,     0
             0,         0,             1,          0,            0,          0.0 ,                  43,              2,           0,                 0,           6,           7,     1
             1,         0,             1,          1,            0,          0.0 ,                  66,              1,           0,                 0,           4,           4,     0
             0,         0,             1,          1,            1,          0.73,                   0,              2,           0,                 0,           1,           9,     1
             1,         0,             1,          0,            1,          0.13,                   0,              3,           1,                 0,           1,           1,     0
             1,         0,             0,          1,            1,          0.99,                   0,              3,           1,                 0,           1,           1,     1
             0,         0,             0,          1,            1,          0.78,                   0,              4,           0,                 1,           4,          15,     1
             1,         0,             0,          0,            1,          0.48,                   0,              1,           0,                 0,           9,           9,     0
             0,         0,             1,          0,            0,          0.0 ,                   9,              4,           0,                 1,          13,          15,     1
             0,         0,             1,          0,            1,          0.58,                   0,              4,           0,                 1,           1,          11,     1
             0,         0,             1,          0,            0,          0.0 ,                  28,              3,           1,                 0,           1,           6,     0
             0,         0,             1,          1,            0,          0.0 ,                  59,              4,           0,                 1,           8,           4,     0
             0,         0,             1,          0,            1,          0.82,                   0,              3,           1,                 0,           4,          11,     1
             0,         0,             0,          0,            0,          0.0 ,                  21,              2,           0,                 0,           8,          10,     0
             0,         0,             0,          1,            0,          0.0 ,                   3,              3,           1,                 0,          13,          13,     0
             0,         0,             1,          0,            0,          0.0 ,                  16,              3,           1,                 0,          10,          10,     0
             1,         1,             0,          0,            0,          0.0 ,                  98,              3,           1,                 0,          10,          10,     0
             1,         0,             0,          1,            1,          0.17,                   0,              3,           1,                 0,           1,           1,     0
             1,         1,             0,          0,            0,          0.0 ,                  46,              1,           0,                 0,           2,           2,     0
             0,         0,             1,          1,            1,          0.32,                   0,              4,           0,                 1,          11,           9,     1
             0,         0,             0,          1,            1,          0.3 ,                   0,              3,           1,                 0,          13,           8,     1
             1,         0,             0,          0,            1,          0.12,                   0,              3,           1,                 0,          14,          14,     0
             0,         0,             0,          1,            0,          0.0 ,                  28,              2,           0,                 0,           1,           7,     0
             1,         1,             1,          0,            1,          0.18,                   0,              4,           0,                 1,           1,           1,     1
             0,         0,             1,          1,            0,          0.0 ,                  25,              3,           1,                 0,           6,           4,     0
             0,         0,             1,          0,            1,          0.15,                   0,              4,           0,                 1,          13,          13,     1
             1,         1,             1,          0,            0,          0.0 ,                  70,              4,           0,                 1,          10,          10,     1
             0,         0,             1,          0,            0,          0.0 ,                  91,              4,           0,                 1,           9,           3,     1
             1,         1,             1,          0,            0,          0.0 ,                  18,              3,           1,                 0,          12,          12,     1
             1,         0,             0,          1,            1,          0.32,                   0,              3,           1,                 0,           4,           4,     0
             1,         0,             1,          1,            1,          0.77,                   0,              3,           1,                 0,           8,           8,     1
             0,         0,             1,          0,            1,          0.99,                   0,              3,           1,                 0,          12,          10,     1
             0,         0,             0,          1,            0,          0.0 ,                  85,              3,           1,                 0,           7,           8,     0
             1,         1,             0,          0,            0,          0.0 ,                  99,              3,           1,                 0,           2,           2,     0
             1,         0,             1,          1,            1,          0.94,                   0,              2,           0,                 0,          13,          13,     1
             0,         0,             0,          0,            1,          0.5 ,                   0,              3,           1,                 0,           4,          11,     0
             1,         1,             0,          1,            1,          0.42,                   0,              2,           0,                 0,           4,           4,     0
             0,         0,             1,          1,            0,          0.0 ,                   8,              4,           0,                 1,           7,          13,     1
             0,         0,             1,          0,            1,          0.9 ,                   0,              3,           1,                 0,           9,           2,     1
             1,         1,             0,          0,            0,          0.0 ,                  53,              1,           0,                 0,          12,          12,     0
             1,         0,             1,          1,            0,          0.0 ,                  42,              3,           1,                 0,           4,           4,     0
             1,         0,             0,          1,            0,          0.0 ,                  32,              1,           0,                 0,          14,          14,     1
             0,         0,             1,          0,            0,          0.0 ,                  55,              4,           0,                 1,           3,           9,     1
             1,         0,             0,          1,            0,          0.0 ,                  71,              3,           1,                 0,           3,           3,     0
             1,         0,             0,          0,            0,          0.0 ,                  85,              3,           1,                 0,           4,           4,     0
             0,         0,             1,          1,            1,          0.72,                   0,              2,           0,                 0,           6,           4,     1
             0,         0,             0,          0,            0,          0.0 ,                  34,              3,           1,                 0,          13,          13,     0
             0,         0,             0,          1,            1,          0.42,                   0,              4,           0,                 1,           3,          14,     0
             1,         0,             1,          1,            0,          0.0 ,                  97,              2,           0,                 0,          10,          10,     0
             1,         1,             1,          1,            1,          0.62,                   0,              4,           0,                 1,           5,           5,     1
             1,         0,             0,          1,            0,          0.0 ,                  85,              3,           1,                 0,           7,           7,     0
             1,         0,             1,          1,            1,          0.39,                   0,              4,           0,                 1,           1,           1,     1
             1,         0,             0,          0,            1,          0.65,                   0,              2,           0,                 0,           3,           3,     1
             0,         0,             1,          1,            1,          0.41,                   0,              3,           1,                 0,          15,           4,     0
             1,         0,             0,          0,            0,          0.0 ,                  29,              4,           0,                 1,          10,          10,     0
             0,         0,             1,          0,            0,          0.0 ,                  43,              3,           1,                 0,           4,           9,     0
             0,         0,             1,          0,            1,          0.8 ,                   0,              2,           0,                 0,          15,           6,     1
             0,         0,             0,          1,            0,          0.0 ,                  81,              3,           1,                 0,           6,           6,     0
             0,         0,             1,          0,            1,          0.7 ,                   0,              4,           0,                 1,          14,           4,     1
             0,         0,             1,          0,            1,          0.95,                   0,              4,           0,                 1,          11,          10,     1
             0,         0,             0,          1,            1,          0.69,                   0,              3,           1,                 0,           5,          12,     1
             1,         1,             0,          0,            0,          0.0 ,                  77,              4,           0,                 1,          11,          11,     0
             0,         0,             1,          1,            1,          0.32,                   0,              4,           0,                 1,           3,           3,     1
             1,         1,             1,          1,            0,          0.0 ,                  60,              4,           0,                 1,          11,          11,     1
             1,         0,             1,          1,            1,          0.9 ,                   0,              3,           1,                 0,          11,          11,     1
             0,         0,             0,          0,            1,          0.2 ,                   0,              3,           1,                 0,           1,           9,     0
             1,         0,             1,          1,            1,          0.67,                   0,              2,           0,                 0,          14,          14,     1
             1,         0,             0,          1,            0,          0.0 ,                   7,              2,           0,                 0,          10,          10,     0
             1,         0,             0,          1,            0,          0.0 ,                  61,              3,           1,                 0,           4,           4,     0
             1,         1,             1,          1,            0,          0.0 ,                  81,              4,           0,                 1,           1,           1,     1
             0,         0,             1,          0,            1,          0.5 ,                   0,              2,           0,                 0,           4,          14,     0
             1,         1,             0,          1,            0,          0.0 ,                  28,              3,           1,                 0,          13,          13,     0
             0,         0,             0,          1,            0,          0.0 ,                  11,              4,           0,                 1,          13,          13,     0
             1,         1,             1,          1,            0,          0.0 ,                  78,              4,           0,                 1,           8,           8,     1
             0,         0,             0,          1,            1,          0.61,                   0,              1,           0,                 0,           5,           3,     1
             0,         0,             0,          1,            1,          0.56,                   0,              2,           0,                 0,           8,           2,     1
             0,         0,             0,          1,            1,          0.38,                   0,              3,           1,                 0,          12,           5,     0
             1,         1,             1,          1,            1,          0.71,                   0,              3,           1,                 0,           3,           3,     1
             0,         0,             1,          0,            0,          0.0 ,                  72,              3,           1,                 0,          10,           7,     0
             1,         1,             0,          0,            1,          0.83,                   0,              4,           0,                 1,           7,           7,     1
             1,         1,             1,          1,            1,          0.25,                   0,              1,           0,                 0,           7,           7,     1
             0,         0,             0,          0,            1,          0.5 ,                   0,              3,           1,                 0,           7,          12,     0
             1,         1,             0,          0,            1,          0.69,                   0,              2,           0,                 0,          11,          11,     1
             0,         0,             0,          1,            1,          0.85,                   0,              3,           1,                 0,          12,          14,     1
             0,         0,             0,          0,            1,          0.91,                   0,              1,           0,                 0,          15,          10,     1
             0,         0,             0,          1,            0,          0.0 ,                  95,              4,           0,                 1,           5,           9,     0
             0,         0,             1,          1,            1,          0.65,                   0,              1,           0,                 0,          13,          15,     1
             1,         1,             0,          1,            1,          0.59,                   0,              4,           0,                 1,          10,          10,     1
             0,         0,             1,          0,            1,          0.75,                   0,              1,           0,                 0,           5,           3,     1
             0,         0,             0,          0,            0,          0.0 ,                  17,              3,           1,                 0,           7,           4,     0
             1,         0,             0,          1,            1,          0.19,                   0,              4,           0,                 1,          15,          15,     0
             1,         0,             0,          1,            0,          0.0 ,                  51,              3,           1,                 0,          11,          11,     0
             0,         0,             1,          0,            0,          0.0 ,                  69,              3,           1,                 0,           7,          14,     0
             1,         1,             0,          0,            1,          0.95,                   0,              3,           1,                 0,          13,          13,     1
             1,         0,             0,          1,            1,          0.59,                   0,              1,           0,                 0,           1,           1,     1
             0,         0,             0,          0,            1,          0.48,                   0,              3,           1,                 0,          12,           1,     0
             0,         0,             1,          1,            0,          0.0 ,                  44,              3,           1,                 0,          12,           2,     0
             0,         0,             0,          0,            0,          0.0 ,                   5,              1,           0,                 0,          10,           4,     0
             1,         0,             0,          0,            1,          0.42,                   0,              3,           1,                 0,          10,          10,     0
             0,         0,             0,          1,            1,          0.87,                   0,              3,           1,                 0,          14,           6,     1
             0,         0,             0,          1,            1,          0.75,                   0,              2,           0,                 0,          11,           2,     1
             1,         1,             1,          1,            0,          0.0 ,                  69,              2,           0,                 0,           9,           9,     0
             0,         0,             0,          0,            1,          0.16,                   0,              4,           0,                 1,          12,           4,     0
             1,         1,             0,          1,            0,          0.0 ,                  70,              4,           0,                 1,           4,           4,     0
             0,         0,             0,          0,            0,          0.0 ,                  54,              3,           1,                 0,           4,          13,     0
             1,         0,             1,          0,            1,          0.12,                   0,              2,           0,                 0,           1,           1,     0
             0,         0,             0,          0,            0,          0.0 ,                  96,              3,           1,                 0,           9,          13,     0
             0,         0,             1,          1,            1,          0.7 ,                   0,              1,           0,                 0,          15,          12,     1
             0,         0,             1,          1,            1,          0.27,                   0,              3,           1,                 0,           1,           7,     0
             0,         0,             1,          1,            1,          0.43,                   0,              3,           1,                 0,          14,           1,     0
             1,         1,             1,          1,            1,          0.68,                   0,              4,           0,                 1,          12,          12,     1
             0,         0,             0,          0,            0,          0.0 ,                  23,              3,           1,                 0,           2,           5,     0
             1,         1,             1,          1,            0,          0.0 ,                  20,              4,           0,                 1,           3,           3,     1
             0,         0,             1,          0,            0,          0.0 ,                  47,              4,           0,                 1,          14,           5,     1
             1,         1,             0,          1,            0,          0.0 ,                   3,              3,           1,                 0,          11,          11,     0
             0,         0,             0,          0,            0,          0.0 ,                  54,              3,           1,                 0,          10,          12,     0
             1,         0,             0,          0,            0,          0.0 ,                   3,              4,           0,                 1,          15,          15,     0
             0,         0,             0,          0,            1,          0.98,                   0,              4,           0,                 1,           2,          10,     1
             0,         0,             0,          0,            0,          0.0 ,                 100,              4,           0,                 1,           7,          14,     0
             0,         0,             0,          0,            0,          0.0 ,                  10,              2,           0,                 0,           3,           4,     0
             0,         0,             1,          0,            0,          0.0 ,                  53,              4,           0,                 1,           2,          12,     1
             0,         0,             1,          0,            0,          0.0 ,                  20,              1,           0,                 0,          11,           5,     1
             1,         1,             1,          1,            0,          0.0 ,                  90,              3,           1,                 0,           1,           1,     1
             1,         1,             1,          1,            0,          0.0 ,                  17,              3,           1,                 0,          14,          14,     1
             1,         1,             1,          1,            0,          0.0 ,                  82,              3,           1,                 0,           6,           6,     1
             1,         1,             0,          0,            0,          0.0 ,                  11,              2,           0,                 0,           2,           2,     0
             1,         0,             1,          1,            0,          0.0 ,                  89,              4,           0,                 1,           7,           7,     1
             1,         0,             1,          0,            0,          0.0 ,                  88,              3,           1,                 0,          10,          10,     0
             0,         0,             0,          1,            0,          0.0 ,                 100,              3,           1,                 0,          12,           8,     0
             0,         0,             1,          0,            0,          0.0 ,                  36,              4,           0,                 1,          10,           2,     1
             0,         0,             0,          0,            1,          0.73,                   0,              3,           1,                 0,          15,           8,     1
             1,         1,             0,          1,            1,          0.81,                   0,              3,           1,                 0,           1,           1,     1
             0,         0,             1,          1,            1,          0.44,                   0,              4,           0,                 1,           3,          15,     1
             1,         0,             0,          1,            0,          0.0 ,                  90,              2,           0,                 0,           5,           5,     0
             0,         0,             0,          0,            1,          0.67,                   0,              3,           1,                 0,          11,           2,     1
             0,         0,             0,          0,            0,          0.0 ,                  15,              4,           0,                 1,          13,           6,     0
             1,         0,             0,          1,            1,          0.99,                   0,              3,           1,                 0,           1,           1,     1
             1,         1,             0,          0,            0,          0.0 ,                  29,              2,           0,                 0,           3,           3,     0
             0,         0,             1,          1,            1,          0.98,                   0,              3,           1,                 0,           1,          14,     1
             0,         0,             1,          1,            1,          0.79,                   0,              3,           1,                 0,           7,          15,     1
             0,         0,             0,          0,            1,          0.55,                   0,              3,           1,                 0,          14,           4,     1
             1,         1,             0,          0,            1,          0.46,                   0,              4,           0,                 1,           7,           7,     0
             1,         0,             1,          0,            1,          0.22,                   0,              3,           1,                 0,          10,          10,     0
             0,         0,             0,          0,            1,          0.49,                   0,              3,           1,                 0,           5,           4,     0
             0,         0,             1,          1,            1,          0.43,                   0,              3,           1,                 0,           8,           6,     0
             1,         1,             1,          1,            1,          0.12,                   0,              2,           0,                 0,           5,           5,     0
             0,         0,             1,          1,            0,          0.0 ,                  54,              3,           1,                 0,          12,           7,     0
             1,         0,             0,          0,            1,          0.11,                   0,              3,           1,                 0,          14,          14,     0
             0,         0,             0,          0,            0,          0.0 ,                   4,              4,           0,                 1,           2,           4,     0
             0,         0,             0,          0,            1,          0.35,                   0,              3,           1,                 0,          15,          15,     0
             1,         0,             0,          1,            1,          0.59,                   0,              3,           1,                 0,           1,           1,     1
             0,         0,             0,          0,            1,          0.99,                   0,              1,           0,                 0,          10,           4,     1
             1,         0,             1,          1,            0,          0.0 ,                  40,              3,           1,                 0,           3,           3,     0
             1,         0,             0,          0,            0,          0.0 ,                  79,              4,           0,                 1,          10,          10,     0
             1,         1,             1,          0,            0,          0.0 ,                  95,              3,           1,                 0,          11,          11,     1
             1,         1,             0,          0,            1,          0.13,                   0,              3,           1,                 0,           8,           8,     0
             0,         0,             1,          1,            0,          0.0 ,                  82,              3,           1,                 0,          13,          11,     0
             0,         0,             1,          1,            1,          0.55,                   0,              3,           1,                 0,           6,           4,     1
             1,         0,             0,          0,            0,          0.0 ,                  89,              3,           1,                 0,          10,          10,     0
             0,         0,             1,          1,            0,          0.0 ,                  70,              3,           1,                 0,          13,           3,     1
             0,         0,             1,          0,            0,          0.0 ,                  95,              3,           1,                 0,          10,          11,     0
             0,         0,             1,          0,            0,          0.0 ,                  86,              4,           0,                 1,           8,           8,     0
             1,         0,             0,          0,            1,          0.44,                   0,              3,           1,                 0,           8,           8,     0
             1,         1,             0,          1,            1,          0.27,                   0,              3,           1,                 0,           2,           2,     0
             0,         0,             0,          1,            0,          0.0 ,                  54,              4,           0,                 1,           2,           5,     0
             1,         0,             1,          0,            0,          0.0 ,                  52,              4,           0,                 1,          15,          15,     1
             1,         1,             1,          0,            0,          0.0 ,                  56,              3,           1,                 0,           1,           1,     1
             1,         0,             1,          0,            1,          0.51,                   0,              2,           0,                 0,           3,           3,     1
             1,         1,             1,          0,            1,          0.47,                   0,              4,           0,                 1,           6,           6,     1
             1,         0,             0,          0,            0,          0.0 ,                  55,              1,           0,                 0,           1,           1,     0
             0,         0,             0,          1,            0,          0.0 ,                  95,              2,           0,                 0,          15,           9,     0
             1,         0,             1,          0,            1,          0.72,                   0,              4,           0,                 1,           6,           6,     1
             0,         0,             0,          1,            1,          0.81,                   0,              3,           1,                 0,          11,           7,     1
             0,         0,             1,          1,            1,          0.25,                   0,              3,           1,                 0,          11,           1,     1
             0,         0,             1,          1,            1,          0.26,                   0,              4,           0,                 1,           7,          14,     0
             1,         0,             1,          1,            1,          0.84,                   0,              4,           0,                 1,           5,           5,     1
             0,         0,             0,          1,            0,          0.0 ,                  80,              3,           1,                 0,           1,          14,     0
             1,         1,             0,          0,            0,          0.0 ,                  35,              3,           1,                 0,           1,           1,     0
             1,         1,             0,          1,            1,          0.14,                   0,              3,           1,                 0,           7,           7,     0
             1,         1,             1,          1,            0,          0.0 ,                  32,              1,           0,                 0,           9,           9,     0
             1,         1,             0,          1,            0,          0.0 ,                  61,              4,           0,                 1,           2,           2,     0
             1,         1,             1,          0,            0,          0.0 ,                   9,              4,           0,                 1,           6,           6,     1
             1,         0,             1,          0,            1,          0.38,                   0,              3,           1,                 0,           2,           2,     0
             0,         0,             0,          0,            1,          0.58,                   0,              3,           1,                 0,           1,          15,     1
             1,         1,             0,          1,            1,          0.3 ,                   0,              2,           0,                 0,           2,           2,     0
             0,         0,             0,          1,            0,          0.0 ,                  60,              2,           0,                 0,           1,          12,     1
             1,         0,             0,          1,            0,          0.0 ,                  40,              3,           1,                 0,          10,          10,     0
             1,         0,             0,          1,            0,          0.0 ,                  53,              2,           0,                 0,           9,           9,     0
             1,         1,             1,          0,            1,          0.15,                   0,              3,           1,                 0,           9,           9,     1
             0,         0,             0,          1,            1,          0.69,                   0,              4,           0,                 1,          11,          10,     1
             1,         0,             0,          1,            0,          0.0 ,                 100,              3,           1,                 0,           5,           5,     0
             1,         1,             1,          0,            0,          0.0 ,                  56,              4,           0,                 1,           3,           3,     1
             0,         0,             0,          0,            0,          0.0 ,                  14,              1,           0,                 0,          13,           6,     0
             0,         0,             1,          0,            0,          0.0 ,                  90,              4,           0,                 1,           1,          10,     1
             1,         1,             1,          1,            0,          0.0 ,                  56,              2,           0,                 0,          15,          15,     0
             1,         1,             1,          0,            1,          0.14,                   0,              4,           0,                 1,           1,           1,     1
             1,         1,             0,          0,            0,          0.0 ,                  80,              3,           1,                 0,           5,           5,     0
             0,         0,             1,          1,            1,          0.52,                   0,              3,           1,                 0,           1,           2,     1
             0,         0,             0,          1,            0,          0.0 ,                  21,              4,           0,                 1,           6,          14,     1
             0,         0,             0,          0,            0,          0.0 ,                  26,              3,           1,                 0,           8,          15,     1
             0,         0,             0,          0,            1,          0.34,                   0,              2,           0,                 0,          10,           2,     0
             0,         0,             1,          0,            1,          0.91,                   0,              4,           0,                 1,          14,          15,     0
             0,         0,             1,          0,            0,          0.0 ,                  72,              3,           1,                 0,           6,          12,     0
             0,         0,             1,          1,            1,          0.14,                   0,              2,           0,                 0,           5,           5,     0
             0,         0,             1,          0,            0,          0.0 ,                  72,              3,           1,                 0,          10,           1,     0
             1,         1,             0,          0,            0,          0.0 ,                  45,              3,           1,                 0,           5,           5,     0
             0,         0,             1,          0,            1,          0.78,                   0,              4,           0,                 1,           7,          13,     1
             0,         0,             0,          1,            1,          0.47,                   0,              3,           1,                 0,           2,           3,     0
             1,         0,             0,          0,            0,          0.0 ,                  90,              4,           0,                 1,           5,           5,     0
             1,         1,             0,          1,            1,          0.45,                   0,              3,           1,                 0,           7,           7,     0
             1,         0,             0,          1,            0,          0.0 ,                  36,              2,           0,                 0,          15,          15,     0
             0,         0,             0,          1,            0,          0.0 ,                  49,              4,           0,                 1,           8,          13,     0
             1,         0,             1,          1,            0,          0.0 ,                  85,              3,           1,                 0,          11,          11,     0
             0,         0,             1,          1,            0,          0.0 ,                  64,              3,           1,                 0,           7,           3,     0
             0,         0,             0,          0,            1,          0.48,                   0,              4,           0,                 1,           5,           7,     0
             0,         0,             1,          1,            1,          0.6 ,                   0,              4,           0,                 1,           2,          14,     1
             0,         0,             1,          0,            1,          0.11,                   0,              3,           1,                 0,           1,           6,     0
             0,         0,             0,          0,            0,          0.0 ,                  35,              3,           1,                 0,           4,           3,     0
             0,         0,             0,          0,            1,          0.84,                   0,              2,           0,                 0,           6,           3,     1
             1,         0,             0,          1,            1,          0.97,                   0,              3,           1,                 0,           1,           1,     1
             1,         0,             0,          0,            1,          0.64,                   0,              4,           0,                 1,           2,           2,     1
             0,         0,             1,          1,            0,          0.0 ,                  39,              2,           0,                 0,           3,          10,     0
             0,         0,             1,          1,            0,          0.0 ,                  66,              3,           1,                 0,           9,          11,     0
             1,         1,             1,          0,            0,          0.0 ,                  56,              3,           1,                 0,           8,           8,     1
             1,         1,             0,          0,            0,          0.0 ,                  93,              3,           1,                 0,           6,           6,     0
             1,         0,             0,          0,            1,          0.37,                   0,              2,           0,                 0,           6,           6,     0
             0,         0,             1,          0,            0,          0.0 ,                  43,              3,           1,                 0,           7,          12,     0
             1,         0,             1,          1,            1,          0.77,                   0,              4,           0,                 1,          12,          12,     0
             1,         0,             1,          0,            1,          0.74,                   0,              3,           1,                 0,          13,          13,     1
             1,         1,             1,          0,            1,          0.16,                   0,              3,           1,                 0,          15,          15,     1
             0,         0,             1,          0,            0,          0.0 ,                  20,              4,           0,                 1,          12,           2,     1
             0,         0,             0,          0,            1,          0.58,                   0,              4,           0,                 1,          14,           2,     1
             1,         0,             0,          1,            1,          0.11,                   0,              1,           0,                 0,           7,           7,     0
             1,         1,             1,          0,            0,          0.0 ,                  18,              4,           0,                 1,          11,          11,     1
             1,         1,             1,          0,            1,          0.74,                   0,              4,           0,                 1,           2,           2,     0
             1,         0,             0,          0,            1,          0.13,                   0,              1,           0,                 0,          10,          10,     0
             1,         0,             1,          0,            0,          0.0 ,                   5,              3,           1,                 0,           4,           4,     0
             1,         1,             0,          1,            0,          0.0 ,                   8,              4,           0,                 1,           6,           6,     0
             1,         1,             1,          1,            1,          0.61,                   0,              1,           0,                 0,           9,           9,     1
             1,         0,             0,          1,            0,          0.0 ,                  55,              3,           1,                 0,           9,           9,     0
             1,         0,             1,          0,            0,          0.0 ,                  40,              1,           0,                 0,           6,           6,     0
             1,         0,             1,          1,            0,          0.0 ,                  83,              4,           0,                 1,           3,           3,     1
             1,         1,             1,          0,            1,          0.38,                   0,              2,           0,                 0,           3,           3,     0
             1,         1,             0,          0,            0,          0.0 ,                  27,              3,           1,                 0,           6,           6,     0
             0,         0,             0,          1,            1,          0.29,                   0,              3,           1,                 0,           6,           1,     0
             1,         1,             0,          1,            1,          0.88,                   0,              4,           0,                 1,           1,           1,     0
             1,         1,             1,          0,            0,          0.0 ,                  59,              3,           1,                 0,           9,           9,     1
             0,         0,             0,          0,            1,          0.86,                   0,              4,           0,                 1,          14,           1,     1
             0,         0,             0,          1,            0,          0.0 ,                  52,              4,           0,                 1,           1,           7,     0
             1,         0,             0,          1,            0,          0.0 ,                  26,              3,           1,                 0,           6,           6,     0
             0,         0,             0,          1,            1,          0.25,                   0,              4,           0,                 1,           3,          12,     1
             1,         0,             0,          1,            1,          0.25,                   0,              3,           1,                 0,          13,          13,     0
             1,         0,             0,          0,            1,          0.29,                   0,              3,           1,                 0,           6,           6,     0
             0,         0,             1,          1,            0,          0.0 ,                   8,              2,           0,                 0,           7,           7,     0
             0,         0,             1,          1,            1,          0.84,                   0,              2,           0,                 0,          11,           1,     1
             0,         0,             1,          0,            1,          0.29,                   0,              3,           1,                 0,          14,           7,     0
             0,         0,             0,          0,            0,          0.0 ,                  96,              3,           1,                 0,           9,          13,     0
             1,         1,             1,          1,            0,          0.0 ,                  68,              3,           1,                 0,           3,           3,     1
             1,         0,             0,          0,            0,          0.0 ,                   9,              3,           1,                 0,          15,          15,     0
             1,         0,             0,          1,            1,          0.74,                   0,              1,           0,                 0,           7,           7,     1
             0,         0,             0,          0,            0,          0.0 ,                  92,              4,           0,                 1,           9,           1,     0
             1,         0,             1,          1,            0,          0.0 ,                  76,              4,           0,                 1,          14,          14,     1
             0,         0,             0,          0,            1,          0.69,                   0,              3,           1,                 0,          15,          13,     1
             1,         1,             0,          0,            0,          0.0 ,                   1,              3,           1,                 0,          13,          13,     0
             1,         0,             1,          1,            1,          0.86,                   0,              2,           0,                 0,          10,          10,     1
             1,         0,             1,          1,            1,          0.37,                   0,              4,           0,                 1,           6,           6,     1
             1,         1,             1,          1,            0,          0.0 ,                  22,              3,           1,                 0,           7,           7,     1
             1,         1,             0,          1,            1,          0.35,                   0,              4,           0,                 1,          15,          15,     0
             1,         0,             1,          1,            1,          0.87,                   0,              4,           0,                 1,           7,           7,     1
             0,         0,             1,          0,            1,          0.31,                   0,              3,           1,                 0,          14,          10,     1
             1,         0,             1,          1,            0,          0.0 ,                  82,              2,           0,                 0,           7,           7,     0
             1,         1,             0,          0,            1,          0.75,                   0,              4,           0,                 1,          14,          14,     0
             0,         0,             0,          1,            0,          0.0 ,                  92,              4,           0,                 1,          10,           4,     0
             0,         0,             0,          0,            0,          0.0 ,                  57,              4,           0,                 1,          14,           5,     0
             1,         0,             0,          1,            0,          0.0 ,                  46,              3,           1,                 0,           7,           7,     0
             1,         0,             0,          0,            1,          0.91,                   0,              2,           0,                 0,           4,           4,     1
             1,         0,             0,          1,            0,          0.0 ,                  32,              1,           0,                 0,          13,          13,     0
             0,         0,             1,          1,            0,          0.0 ,                   3,              2,           0,                 0,           7,          13,     0
             0,         0,             1,          0,            1,          0.58,                   0,              1,           0,                 0,           2,           7,     1
             1,         0,             0,          1,            0,          0.0 ,                   8,              4,           0,                 1,          15,          15,     0
             1,         1,             0,          1,            0,          0.0 ,                  89,              4,           0,                 1,          13,          13,     0
             0,         0,             0,          0,            0,          0.0 ,                   9,              3,           1,                 0,          11,           1,     0
             0,         0,             1,          1,            1,          0.59,                   0,              3,           1,                 0,           4,           8,     1
             1,         1,             0,          1,            0,          0.0 ,                  67,              3,           1,                 0,           7,           7,     0
             0,         0,             0,          1,            1,          0.86,                   0,              4,           0,                 1,           1,          15,     1
             0,         0,             1,          0,            0,          0.0 ,                  93,              4,           0,                 1,           2,           9,     1
             1,         0,             1,          0,            0,          0.0 ,                  93,              3,           1,                 0,           1,           1,     0
             0,         0,             0,          0,            0,          0.0 ,                  46,              3,           1,                 0,           6,          10,     0
             0,         0,             0,          0,            0,          0.0 ,                  90,              3,           1,                 0,           9,          10,     0
             0,         0,             1,          0,            1,          0.69,                   0,              3,           1,                 0,          13,           8,     1
             1,         1,             0,          1,            1,          0.71,                   0,              1,           0,                 0,           2,           2,     1
             1,         0,             0,          0,            1,          0.44,                   0,              3,           1,                 0,          10,          10,     0
             1,         1,             0,          1,            1,          0.67,                   0,              3,           1,                 0,          14,          14,     1
             0,         0,             1,          0,            0,          0.0 ,                  14,              2,           0,                 0,           9,          15,     0
             0,         0,             1,          1,            0,          0.0 ,                  20,              3,           1,                 0,           8,          10,     0
             0,         0,             1,          0,            1,          0.98,                   0,              1,           0,                 0,          14,          10,     1
             0,         0,             0,          1,            0,          0.0 ,                  97,              1,           0,                 0,           4,          12,     0
             1,         1,             0,          1,            1,          0.43,                   0,              4,           0,                 1,           4,           4,     0
             0,         0,             0,          0,            0,          0.0 ,                  30,              2,           0,                 0,           3,          15,     0
             1,         0,             0,          1,            0,          0.0 ,                  95,              3,           1,                 0,           8,           8,     0
             1,         0,             0,          0,            0,          0.0 ,                  73,              2,           0,                 0,          12,          12,     0
             0,         0,             1,          1,            1,          0.73,                   0,              3,           1,                 0,           3,          14,     1
             1,         1,             1,          1,            0,          0.0 ,                  86,              3,           1,                 0,           7,           7,     1
             0,         0,             1,          1,            0,          0.0 ,                  13,              4,           0,                 1,           7,          10,     1
             1,         0,             0,          0,            0,          0.0 ,                 100,              1,           0,                 0,          10,          10,     0
             1,         0,             1,          0,            0,          0.0 ,                  36,              4,           0,                 1,           1,           1,     1
             0,         0,             1,          0,            0,          0.0 ,                  13,              4,           0,                 1,          12,           7,     1
             0,         0,             1,          1,            1,          0.71,                   0,              3,           1,                 0,          14,           1,     1
             1,         0,             1,          1,            1,          0.12,                   0,              4,           0,                 1,           4,           4,     1
             0,         0,             1,          1,            1,          0.99,                   0,              3,           1,                 0,          10,          14,     1
             1,         1,             0,          0,            1,          0.42,                   0,              3,           1,                 0,           1,           1,     0
             0,         0,             1,          1,            1,          0.23,                   0,              1,           0,                 0,          11,          10,     0
             1,         0,             0,          1,            1,          0.77,                   0,              1,           0,                 0,           6,           6,     1
             1,         1,             0,          1,            0,          0.0 ,                   8,              4,           0,                 1,           9,           9,     0
             1,         1,             1,          1,            0,          0.0 ,                  95,              3,           1,                 0,          15,          15,     1
             1,         1,             1,          0,            1,          0.55,                   0,              3,           1,                 0,          11,          11,     1
             1,         1,             0,          1,            1,          0.24,                   0,              2,           0,                 0,          14,          14,     0
             1,         0,             1,          0,            1,          0.59,                   0,              2,           0,                 0,           2,           2,     1
             0,         0,             0,          0,            1,          0.87,                   0,              3,           1,                 0,           7,           3,     1
             1,         1,             0,          1,            0,          0.0 ,                  13,              4,           0,                 1,          13,          13,     0
             0,         0,             0,          1,            0,          0.0 ,                  76,              3,           1,                 0,          10,          12,     0
             1,         0,             0,          1,            1,          0.61,                   0,              2,           0,                 0,          13,          13,     1
             0,         0,             1,          1,            0,          0.0 ,                   3,              2,           0,                 0,           8,          10,     0
             0,         0,             1,          0,            0,          0.0 ,                  55,              3,           1,                 0,           1,           7,     0
             1,         1,             1,          0,            0,          0.0 ,                  87,              1,           0,                 0,           1,           1,     0
             0,         0,             1,          0,            1,          0.73,                   0,              2,           0,                 0,           9,          14,     1
             1,         0,             0,          1,            1,          0.48,                   0,              3,           1,                 0,           7,           7,     0
             0,         0,             1,          0,            0,          0.0 ,                  80,              3,           1,                 0,           3,           9,     0
             1,         1,             1,          0,            1,          0.4 ,                   0,              3,           1,                 0,          10,          10,     1
             1,         1,             1,          0,            1,          0.71,                   0,              4,           0,                 1,           1,           1,     1
             0,         0,             0,          1,            1,          0.13,                   0,              1,           0,                 0,          10,           5,     0
             1,         1,             0,          1,            0,          0.0 ,                  38,              1,           0,                 0,           5,           5,     0
             1,         0,             0,          0,            0,          0.0 ,                   9,              4,           0,                 1,          11,          11,     0
             1,         1,             0,          1,            0,          0.0 ,                  31,              3,           1,                 0,           5,           5,     0
             0,         0,             1,          0,            0,          0.0 ,                  40,              1,           0,                 0,           2,           1,     0
             0,         0,             0,          1,            0,          0.0 ,                  55,              3,           1,                 0,           6,           8,     0
             0,         0,             0,          1,            0,          0.0 ,                  83,              4,           0,                 1,           4,           5,     0
             0,         0,             0,          1,            1,          0.24,                   0,              4,           0,                 1,          13,          12,     0
             0,         0,             1,          0,            0,          0.0 ,                  58,              2,           0,                 0,          10,           2,     0
             1,         0,             1,          0,            1,          0.38,                   0,              4,           0,                 1,          15,          15,     1
             1,         1,             1,          1,            1,          0.55,                   0,              3,           1,                 0,          13,          13,     1
             1,         1,             0,          1,            0,          0.0 ,                  30,              3,           1,                 0,          10,          10,     0
             0,         0,             1,          1,            0,          0.0 ,                  90,              3,           1,                 0,          15,          14,     0
             0,         0,             1,          1,            0,          0.0 ,                  53,              3,           1,                 0,           4,          11,     0
             0,         0,             0,          0,            0,          0.0 ,                  61,              3,           1,                 0,           7,          14,     0
             0,         0,             1,          0,            1,          0.91,                   0,              3,           1,                 0,          15,          14,     1
             0,         0,             0,          0,            0,          0.0 ,                  96,              4,           0,                 1,           4,           5,     0
             0,         0,             0,          0,            0,          0.0 ,                  16,              2,           0,                 0,           5,          12,     0
             1,         0,             0,          1,            1,          0.94,                   0,              3,           1,                 0,          10,          10,     1
             0,         0,             1,          1,            0,          0.0 ,                  42,              2,           0,                 0,           8,          11,     0
             0,         0,             0,          0,            0,          0.0 ,                  14,              4,           0,                 1,           6,          15,     0
             1,         0,             0,          1,            0,          0.0 ,                 100,              2,           0,                 0,           1,           1,     1
             1,         1,             1,          0,            0,          0.0 ,                  89,              2,           0,                 0,          10,          10,     0
             0,         0,             0,          1,            1,          0.29,                   0,              3,           1,                 0,           9,          12,     0
             0,         0,             1,          1,            0,          0.0 ,                  78,              3,           1,                 0,          13,          12,     0
             0,         0,             0,          1,            0,          0.0 ,                   6,              3,           1,                 0,           6,           1,     0
             0,         0,             1,          1,            0,          0.0 ,                  63,              2,           0,                 0,           3,          13,     0
             0,         0,             1,          0,            1,          0.37,                   0,              3,           1,                 0,           6,          11,     0
             0,         0,             1,          1,            1,          0.8 ,                   0,              3,           1,                 0,           3,           7,     1
             1,         0,             0,          0,            1,          0.79,                   0,              3,           1,                 0,           9,           9,     1
             0,         0,             0,          1,            1,          0.95,                   0,              2,           0,                 0,          12,          10,     1
             1,         0,             0,          1,            1,          0.12,                   0,              2,           0,                 0,          14,          14,     0
             0,         0,             1,          1,            1,          0.9 ,                   0,              1,           0,                 0,          15,          15,     1
             1,         1,             0,          0,            1,          0.75,                   0,              3,           1,                 0,          12,          12,     1
             0,         0,             1,          1,            1,          0.24,                   0,              2,           0,                 0,          10,           1,     0
             1,         0,             0,          1,            0,          0.0 ,                  77,              3,           1,                 0,          14,          14,     0
             0,         0,             1,          1,            1,          0.16,                   0,              4,           0,                 1,           4,          14,     1
             1,         0,             1,          0,            1,          0.53,                   0,              1,           0,                 0,           3,           3,     1
             0,         0,             1,          1,            0,          0.0 ,                  43,              3,           1,                 0,           9,           1,     0
             1,         0,             1,          0,            0,          0.0 ,                  62,              4,           0,                 1,          14,          14,     1
             0,         0,             0,          1,            0,          0.0 ,                  23,              4,           0,                 1,           2,           1,     0
             1,         0,             0,          0,            1,          0.39,                   0,              4,           0,                 1,           7,           7,     0
             1,         0,             0,          1,            0,          0.0 ,                  26,              3,           1,                 0,           5,           5,     0
             1,         0,             0,          1,            0,          0.0 ,                  75,              3,           1,                 0,          13,          13,     0
             1,         0,             0,          0,            1,          0.44,                   0,              4,           0,                 1,           6,           6,     0
             0,         0,             0,          0,            1,          0.67,                   0,              4,           0,                 1,           4,          12,     0
             0,         0,             0,          1,            1,          0.4 ,                   0,              2,           0,                 0,          13,           1,     0
             1,         1,             0,          0,            1,          0.65,                   0,              2,           0,                 0,          15,          15,     1
             1,         0,             0,          1,            1,          0.5 ,                   0,              3,           1,                 0,          13,          13,     0
             1,         0,             1,          1,            0,          0.0 ,                  73,              3,           1,                 0,          13,          13,     0
             1,         1,             0,          1,            0,          0.0 ,                  52,              3,           1,                 0,           5,           5,     0
             0,         0,             0,          1,            1,          0.9 ,                   0,              4,           0,                 1,          11,          11,     1
             0,         0,             0,          0,            0,          0.0 ,                  53,              4,           0,                 1,           9,          11,     0
             1,         1,             1,          1,            0,          0.0 ,                   9,              1,           0,                 0,          11,          11,     0
             1,         1,             0,          0,            1,          0.42,                   0,              4,           0,                 1,          11,          11,     0
             0,         0,             0,          1,            1,          0.8 ,                   0,              4,           0,                 1,           5,          11,     1
             1,         1,             1,          1,            0,          0.0 ,                  99,              4,           0,                 1,          15,          15,     1
             0,         0,             1,          1,            1,          0.82,                   0,              4,           0,                 1,          12,          15,     1
             0,         0,             0,          0,            1,          0.41,                   0,              3,           1,                 0,           1,           6,     0
             1,         1,             1,          0,            1,          0.48,                   0,              2,           0,                 0,          10,          10,     0
             1,         1,             1,          0,            1,          0.29,                   0,              3,           1,                 0,           3,           3,     1
             0,         0,             0,          0,            0,          0.0 ,                  16,              3,           1,                 0,           7,           1,     0
             0,         0,             1,          1,            1,          0.68,                   0,              4,           0,                 1,           5,          13,     1
             1,         0,             0,          0,            1,          0.92,                   0,              4,           0,                 1,          14,          14,     1
             0,         0,             1,          1,            1,          0.31,                   0,              3,           1,                 0,          14,           2,     0
             1,         0,             1,          0,            0,          0.0 ,                  90,              3,           1,                 0,           6,           6,     0
             1,         1,             1,          0,            0,          0.0 ,                  83,              4,           0,                 1,          14,          14,     1
             1,         0,             1,          1,            0,          0.0 ,                  52,              4,           0,                 1,          12,          12,     1
             1,         0,             0,          1,            0,          0.0 ,                  51,              3,           1,                 0,          10,          10,     0
             1,         0,             0,          0,            0,          0.0 ,                  52,              4,           0,                 1,           8,           8,     0
             1,         1,             0,          1,            1,          0.18,                   0,              2,           0,                 0,          12,          12,     0
             1,         0,             0,          0,            1,          0.66,                   0,              3,           1,                 0,          15,          15,     1
             1,         0,             0,          1,            1,          0.16,                   0,              3,           1,                 0,          11,          11,     0
             0,         0,             1,          0,            1,          0.4 ,                   0,              1,           0,                 0,           6,           8,     0
             1,         0,             1,          0,            0,          0.0 ,                  93,              3,           1,                 0,           7,           7,     0
             1,         0,             0,          1,            0,          0.0 ,                  71,              3,           1,                 0,           2,           2,     0
             1,         0,             0,          0,            0,          0.0 ,                  22,              3,           1,                 0,          13,          13,     0
             1,         1,             0,          1,            0,          0.0 ,                  48,              3,           1,                 0,           7,           7,     0
             1,         0,             1,          0,            1,          0.87,                   0,              3,           1,                 0,           1,           1,     1
             0,         0,             1,          1,            1,          0.87,                   0,              1,           0,                 0,           4,           5,     1
             0,         0,             0,          1,            0,          0.0 ,                  11,              3,           1,                 0,           1,          12,     1
             0,         0,             1,          0,            0,          0.0 ,                  84,              3,           1,                 0,          12,           1,     0
             0,         0,             1,          0,            1,          0.3 ,                   0,              3,           1,                 0,          11,           8,     0
             1,         1,             1,          0,            0,          0.0 ,                   1,              3,           1,                 0,          13,          13,     1
             1,         1,             0,          1,            1,          0.81,                   0,              3,           1,                 0,           9,           9,     0
             0,         0,             1,          1,            1,          0.77,                   0,              4,           0,                 1,          11,          12,     1
             0,         0,             1,          0,            0,          0.0 ,                  55,              4,           0,                 1,           6,           3,     1
             1,         0,             1,          1,            1,          0.98,                   0,              3,           1,                 0,          10,          10,     1
             0,         0,             0,          0,            1,          0.73,                   0,              3,           1,                 0,          14,          11,     1
             0,         0,             1,          1,            0,          0.0 ,                  90,              1,           0,                 0,          15,          12,     0
             1,         0,             0,          1,            0,          0.0 ,                  88,              4,           0,                 1,           3,           3,     0
             1,         0,             1,          0,            1,          0.91,                   0,              4,           0,                 1,           3,           3,     0
             0,         0,             0,          0,            1,          0.41,                   0,              4,           0,                 1,           6,          11,     0
             0,         0,             0,          0,            0,          0.0 ,                  60,              3,           1,                 0,           5,           3,     0
             1,         1,             1,          1,            1,          0.13,                   0,              3,           1,                 0,          11,          11,     1
             1,         1,             0,          1,            1,          0.91,                   0,              4,           0,                 1,           3,           3,     1
             0,         0,             0,          0,            1,          0.92,                   0,              3,           1,                 0,          11,           9,     1
             1,         1,             1,          1,            0,          0.0 ,                   3,              3,           1,                 0,           1,           1,     1
             1,         1,             0,          0,            1,          0.57,                   0,              4,           0,                 1,          14,          14,     1
             0,         0,             0,          1,            0,          0.0 ,                  44,              2,           0,                 0,          10,          12,     0
             1,         1,             0,          1,            1,          0.97,                   0,              3,           1,                 0,           5,           5,     1
             1,         1,             0,          1,            0,          0.0 ,                  39,              3,           1,                 0,           9,           9,     0
             0,         0,             0,          0,            0,          0.0 ,                  31,              1,           0,                 0,           3,           8,     0
             0,         0,             1,          0,            0,          0.0 ,                  70,              4,           0,                 1,           2,           5,     1
             1,         0,             1,          1,            1,          0.91,                   0,              2,           0,                 0,           2,           2,     1
             0,         0,             0,          0,            0,          0.0 ,                  15,              3,           1,                 0,          10,           7,     0
             1,         1,             0,          0,            0,          0.0 ,                  68,              4,           0,                 1,           1,           1,     0
             0,         0,             1,          0,            1,          0.18,                   0,              4,           0,                 1,          11,          14,     1
             0,         0,             1,          1,            0,          0.0 ,                  74,              2,           0,                 0,           2,          14,     0
             1,         0,             1,          0,            0,          0.0 ,                  14,              3,           1,                 0,           8,           8,     0
             1,         1,             0,          0,            1,          0.56,                   0,              2,           0,                 0,           7,           7,     1
             0,         0,             1,          1,            1,          0.39,                   0,              3,           1,                 0,          15,           9,     1
             1,         0,             0,          1,            0,          0.0 ,                  42,              2,           0,                 0,           9,           9,     0
             1,         1,             1,          0,            0,          0.0 ,                  14,              4,           0,                 1,          15,          15,     1
             0,         0,             1,          0,            1,          0.32,                   0,              4,           0,                 1,           7,          12,     1
             0,         0,             0,          1,            1,          0.93,                   0,              4,           0,                 1,          11,           3,     1
             0,         0,             0,          0,            1,          0.21,                   0,              3,           1,                 0,          13,           9,     0
             0,         0,             0,          1,            1,          0.16,                   0,              4,           0,                 1,           3,          10,     0
             0,         0,             0,          0,            1,          0.59,                   0,              3,           1,                 0,           2,          12,     1
             1,         1,             0,          0,            1,          0.76,                   0,              3,           1,                 0,          13,          13,     1
             1,         0,             0,          1,            0,          0.0 ,                   6,              1,           0,                 0,           8,           8,     0
             1,         0,             0,          0,            1,          0.68,                   0,              3,           1,                 0,           7,           7,     1
             0,         0,             0,          0,            1,          0.16,                   0,              4,           0,                 1,          15,          13,     0
             0,         0,             0,          0,            1,          0.11,                   0,              3,           1,                 0,           5,          13,     0
             1,         1,             0,          1,            1,          0.25,                   0,              4,           0,                 1,          13,          13,     0
             1,         0,             1,          1,            0,          0.0 ,                  44,              3,           1,                 0,          15,          15,     0
             0,         0,             0,          0,            0,          0.0 ,                  45,              3,           1,                 0,           7,           9,     0
             1,         0,             1,          1,            0,          0.0 ,                  12,              4,           0,                 1,           6,           6,     1
             0,         0,             0,          0,            1,          0.74,                   0,              4,           0,                 1,           7,          10,     1
             1,         1,             1,          1,            0,          0.0 ,                  71,              4,           0,                 1,           9,           9,     1
             0,         0,             0,          1,            0,          0.0 ,                  48,              4,           0,                 1,           9,           2,     0
             0,         0,             1,          1,            1,          0.2 ,                   0,              2,           0,                 0,          12,           6,     0
             1,         1,             1,          0,            0,          0.0 ,                  94,              1,           0,                 0,          12,          12,     0
             0,         0,             1,          1,            0,          0.0 ,                  98,              4,           0,                 1,           3,           5,     1
             1,         1,             0,          0,            0,          0.0 ,                  82,              4,           0,                 1,           7,           7,     0
             1,         0,             0,          1,            0,          0.0 ,                  12,              4,           0,                 1,          11,          11,     0
             1,         0,             1,          0,            0,          0.0 ,                  33,              4,           0,                 1,           2,           2,     1
             0,         0,             0,          1,            0,          0.0 ,                  84,              1,           0,                 0,           2,          13,     0
             1,         0,             1,          1,            1,          0.65,                   0,              2,           0,                 0,           1,           1,     1
             1,         1,             0,          0,            0,          0.0 ,                  47,              4,           0,                 1,           2,           2,     0
             0,         0,             0,          1,            1,          0.68,                   0,              3,           1,                 0,           8,          12,     1
             0,         0,             1,          1,            1,          0.9 ,                   0,              3,           1,                 0,          13,          14,     1
             0,         0,             0,          0,            0,          0.0 ,                  67,              2,           0,                 0,           7,           1,     1
             0,         0,             0,          1,            1,          0.31,                   0,              3,           1,                 0,           1,           9,     0
             1,         0,             0,          0,            1,          0.86,                   0,              2,           0,                 0,          12,          12,     1
             1,         0,             0,          0,            0,          0.0 ,                   7,              2,           0,                 0,           5,           5,     0
             1,         0,             0,          1,            0,          0.0 ,                  58,              3,           1,                 0,           8,           8,     0
             0,         0,             1,          1,            1,          0.49,                   0,              3,           1,                 0,           7,           1,     0
             0,         0,             1,          1,            0,          0.0 ,                  65,              4,           0,                 1,          13,          15,     1
             1,         1,             1,          0,            0,          0.0 ,                  62,              2,           0,                 0,          12,          12,     0
             0,         0,             1,          0,            0,          0.0 ,                  72,              4,           0,                 1,          10,           1,     1
             0,         0,             1,          1,            1,          0.15,                   0,              3,           1,                 0,          15,          12,     0
             0,         0,             0,          0,            0,          0.0 ,                  89,              1,           0,                 0,          11,          13,     0
             1,         1,             0,          1,            0,          0.0 ,                  46,              3,           1,                 0,           6,           6,     0
             0,         0,             0,          1,            1,          0.63,                   0,              3,           1,                 0,          11,           7,     1
             1,         0,             0,          1,            0,          0.0 ,                   6,              1,           0,                 0,          13,          13,     0
             0,         0,             0,          0,            1,          0.29,                   0,              3,           1,                 0,           4,           4,     0
             1,         1,             1,          0,            1,          0.85,                   0,              3,           1,                 0,          15,          15,     1
             1,         0,             0,          1,            0,          0.0 ,                  51,              3,           1,                 0,           6,           6,     1
             0,         0,             1,          1,            1,          0.29,                   0,              3,           1,                 0,          13,           2,     1
             1,         0,             1,          0,            0,          0.0 ,                  24,              2,           0,                 0,           2,           2,     0
             1,         0,             1,          0,            0,          0.0 ,                  50,              3,           1,                 0,          15,          15,     0
             1,         0,             0,          0,            0,          0.0 ,                  75,              4,           0,                 1,           8,           8,     1
             1,         1,             0,          0,            0,          0.0 ,                  71,              4,           0,                 1,          11,          11,     0
             0,         0,             1,          0,            0,          0.0 ,                  82,              3,           1,                 0,           9,           4,     0
             1,         1,             1,          1,            1,          0.41,                   0,              1,           0,                 0,           1,           1,     0
             0,         0,             0,          1,            0,          0.0 ,                  29,              4,           0,                 1,          13,          14,     0
             1,         0,             1,          0,            1,          0.19,                   0,              1,           0,                 0,          10,          10,     0
             0,         0,             0,          1,            1,          0.85,                   0,              3,           1,                 0,          15,          15,     1
             1,         0,             1,          0,            0,          0.0 ,                  93,              1,           0,                 0,           9,           9,     0
             0,         0,             1,          0,            1,          0.92,                   0,              1,           0,                 0,          13,           2,     1
             1,         1,             0,          0,            0,          0.0 ,                  77,              3,           1,                 0,          12,          12,     0
             1,         1,             1,          0,            1,          0.82,                   0,              4,           0,                 1,          10,          10,     1
             0,         0,             0,          0,            0,          0.0 ,                  50,              4,           0,                 1,          12,          13,     0
             0,         0,             0,          0,            1,          0.97,                   0,              4,           0,                 1,           4,           5,     1
             1,         1,             0,          1,            0,          0.0 ,                  29,              2,           0,                 0,          12,          12,     1
             0,         0,             0,          1,            0,          0.0 ,                  23,              3,           1,                 0,          15,           1,     0
             1,         1,             0,          1,            0,          0.0 ,                  96,              3,           1,                 0,           1,           1,     0
             0,         0,             1,          0,            0,          0.0 ,                   7,              2,           0,                 0,          12,           7,     0
             1,         0,             0,          0,            0,          0.0 ,                  29,              4,           0,                 1,          13,          13,     0
             0,         0,             0,          1,            0,          0.0 ,                  60,              3,           1,                 0,          11,          12,     0
             1,         1,             0,          0,            1,          0.88,                   0,              3,           1,                 0,           6,           6,     1
             1,         1,             1,          0,            0,          0.0 ,                  75,              2,           0,                 0,           4,           4,     0
             0,         0,             1,          1,            1,          0.69,                   0,              3,           1,                 0,           9,          10,     1
             1,         0,             1,          1,            0,          0.0 ,                  36,              3,           1,                 0,           6,           6,     0
             0,         0,             0,          1,            1,          0.44,                   0,              3,           1,                 0,           2,           8,     0
             0,         0,             1,          1,            0,          0.0 ,                  44,              1,           0,                 0,           2,           5,     0
             1,         1,             0,          1,            0,          0.0 ,                  23,              3,           1,                 0,           8,           8,     0
             0,         0,             0,          1,            1,          0.99,                   0,              3,           1,                 0,           5,          12,     1
             1,         1,             0,          1,            1,          0.58,                   0,              4,           0,                 1,          13,          13,     1
             1,         0,             0,          1,            1,          0.67,                   0,              4,           0,                 1,           4,           4,     1
             1,         0,             1,          0,            1,          0.9 ,                   0,              3,           1,                 0,           7,           7,     1
             0,         0,             1,          1,            0,          0.0 ,                  35,              3,           1,                 0,           2,          11,     0
             1,         1,             0,          0,            0,          0.0 ,                  64,              3,           1,                 0,           1,           1,     0
             1,         0,             0,          1,            1,          0.81,                   0,              4,           0,                 1,          15,          15,     1
             0,         0,             1,          1,            0,          0.0 ,                  24,              4,           0,                 1,          11,           6,     1
             1,         1,             0,          1,            1,          0.41,                   0,              2,           0,                 0,          13,          13,     0
             1,         1,             0,          0,            0,          0.0 ,                  75,              4,           0,                 1,          10,          10,     0
             0,         0,             1,          0,            1,          0.12,                   0,              3,           1,                 0,          11,           8,     0
             1,         1,             0,          0,            0,          0.0 ,                  80,              3,           1,                 0,          13,          13,     0
             1,         0,             0,          1,            0,          0.0 ,                  54,              3,           1,                 0,          11,          11,     0
             1,         0,             1,          0,            0,          0.0 ,                  21,              3,           1,                 0,           1,           1,     0
             0,         0,             0,          1,            0,          0.0 ,                  36,              3,           1,                 0,           7,          10,     0
             1,         1,             1,          1,            1,          0.6 ,                   0,              3,           1,                 0,           6,           6,     1
             1,         0,             1,          1,            0,          0.0 ,                  93,              4,           0,                 1,           6,           6,     1
             0,         0,             0,          1,            1,          0.2 ,                   0,              3,           1,                 0,          12,          11,     0
             0,         0,             1,          0,            0,          0.0 ,                  11,              4,           0,                 1,           6,          11,     1
             1,         0,             1,          0,            0,          0.0 ,                   5,              3,           1,                 0,          14,          14,     0
             0,         0,             0,          0,            1,          0.13,                   0,              4,           0,                 1,           1,          12,     0
             1,         0,             1,          0,            1,          0.31,                   0,              4,           0,                 1,           8,           8,     0
             0,         0,             1,          1,            1,          0.9 ,                   0,              3,           1,                 0,           1,          10,     1
             0,         0,             1,          0,            1,          0.31,                   0,              1,           0,                 0,           8,           4,     0
             1,         1,             0,          0,            1,          0.74,                   0,              4,           0,                 1,          11,          11,     1
             1,         0,             0,          1,            0,          0.0 ,                  83,              3,           1,                 0,           3,           3,     0
             1,         1,             1,          0,            0,          0.0 ,                  17,              3,           1,                 0,           3,           3,     1
             0,         0,             1,          1,            1,          0.98,                   0,              3,           1,                 0,          14,           9,     1
             0,         0,             0,          1,            0,          0.0 ,                  61,              3,           1,                 0,           3,           2,     0
             1,         0,             1,          1,            1,          0.28,                   0,              3,           1,                 0,           1,           1,     0
             0,         0,             1,          0,            0,          0.0 ,                  71,              3,           1,                 0,           4,           6,     1
             0,         0,             0,          0,            1,          0.54,                   0,              1,           0,                 0,          14,          11,     1
             1,         1,             0,          1,            1,          0.84,                   0,              3,           1,                 0,           8,           8,     1
             1,         0,             0,          0,            1,          0.27,                   0,              3,           1,                 0,          11,          11,     0
             0,         0,             1,          1,            1,          0.35,                   0,              3,           1,                 0,          14,           2,     0
             0,         0,             1,          1,            0,          0.0 ,                  65,              2,           0,                 0,          12,           7,     0
             1,         0,             1,          1,            1,          0.44,                   0,              3,           1,                 0,          10,          10,     0
             1,         0,             0,          1,            0,          0.0 ,                  34,              3,           1,                 0,          14,          14,     0
             1,         0,             1,          0,            1,          0.45,                   0,              1,           0,                 0,           2,           2,     0
             0,         0,             1,          0,            1,          0.36,                   0,              4,           0,                 1,           2,          13,     1
             1,         1,             0,          0,            1,          0.17,                   0,              3,           1,                 0,           9,           9,     0
             0,         0,             0,          1,            0,          0.0 ,                  39,              3,           1,                 0,          14,           6,     0
             1,         0,             1,          1,            1,          0.23,                   0,              2,           0,                 0,          12,          12,     0
             1,         0,             0,          0,            0,          0.0 ,                  96,              2,           0,                 0,           4,           4,     0
             0,         0,             0,          0,            1,          0.99,                   0,              4,           0,                 1,           5,           4,     1
             0,         0,             1,          0,            0,          0.0 ,                  69,              2,           0,                 0,           5,          15,     0
             0,         0,             1,          1,            0,          0.0 ,                  46,              3,           1,                 0,           4,          14,     0
             1,         0,             1,          0,            1,          0.76,                   0,              4,           0,                 1,           6,           6,     1
             0,         0,             0,          1,            0,          0.0 ,                  85,              2,           0,                 0,          15,           6,     0
             1,         1,             0,          1,            0,          0.0 ,                  94,              1,           0,                 0,           5,           5,     0
             1,         1,             0,          0,            0,          0.0 ,                   4,              2,           0,                 0,           2,           2,     0
             0,         0,             1,          0,            0,          0.0 ,                  28,              1,           0,                 0,           8,          10,     0
             0,         0,             1,          1,            0,          0.0 ,                  74,              2,           0,                 0,           8,           4,     0
             1,         1,             1,          1,            1,          0.63,                   0,              3,           1,                 0,           4,           4,     1
             1,         0,             0,          0,            1,          1.0 ,                   0,              3,           1,                 0,           8,           8,     0
             1,         0,             0,          0,            0,          0.0 ,                   4,              1,           0,                 0,          13,          13,     0
             0,         0,             0,          1,            0,          0.0 ,                  33,              3,           1,                 0,           6,          14,     0
             0,         0,             1,          0,            0,          0.0 ,                  63,              4,           0,                 1,           8,          11,     1
             1,         0,             1,          1,            0,          0.0 ,                   9,              3,           1,                 0,           8,           8,     0
             0,         0,             1,          0,            0,          0.0 ,                  62,              3,           1,                 0,          12,           4,     0
             1,         0,             1,          0,            0,          0.0 ,                  47,              4,           0,                 1,           6,           6,     0
             1,         0,             1,          0,            1,          0.33,                   0,              2,           0,                 0,           7,           7,     0
             0,         0,             0,          1,            1,          0.37,                   0,              3,           1,                 0,          12,          14,     0
             1,         1,             0,          0,            0,          0.0 ,                   7,              3,           1,                 0,           9,           9,     1
             0,         0,             0,          0,            1,          0.49,                   0,              3,           1,                 0,          11,           1,     0
             0,         0,             0,          1,            0,          0.0 ,                  23,              1,           0,                 0,          13,           4,     0
             1,         0,             1,          0,            1,          0.68,                   0,              4,           0,                 1,          15,          15,     1
             1,         1,             1,          0,            1,          0.1 ,                   0,              4,           0,                 1,          10,          10,     1
             0,         0,             0,          0,            0,          0.0 ,                  60,              3,           1,                 0,          11,          11,     0
             0,         0,             0,          0,            1,          0.93,                   0,              2,           0,                 0,           7,           3,     1
             0,         0,             1,          1,            1,          0.35,                   0,              1,           0,                 0,          10,          13,     0
             0,         0,             0,          1,            0,          0.0 ,                  66,              3,           1,                 0,           6,          10,     0
             0,         0,             0,          1,            1,          0.64,                   0,              2,           0,                 0,          12,           5,     0
             1,         0,             1,          1,            1,          0.71,                   0,              3,           1,                 0,           4,           4,     1
             0,         0,             0,          0,            0,          0.0 ,                  44,              1,           0,                 0,           2,           7,     0
             0,         0,             0,          0,            1,          0.28,                   0,              4,           0,                 1,          11,           9,     0
             1,         0,             0,          1,            0,          0.0 ,                  29,              3,           1,                 0,           2,           2,     0
             0,         0,             1,          1,            1,          0.27,                   0,              1,           0,                 0,           7,           6,     0
             0,         0,             1,          1,            0,          0.0 ,                  24,              3,           1,                 0,          13,           3,     0
             0,         0,             1,          1,            1,          0.4 ,                   0,              3,           1,                 0,           7,           1,     0
             0,         0,             1,          0,            0,          0.0 ,                  19,              3,           1,                 0,          13,          14,     0
             1,         1,             1,          0,            1,          0.81,                   0,              3,           1,                 0,           7,           7,     1
             1,         1,             0,          0,            0,          0.0 ,                  24,              4,           0,                 1,          14,          14,     1
             1,         0,             1,          1,            1,          0.48,                   0,              1,           0,                 0,           1,           1,     0
             0,         0,             0,          1,            1,          0.36,                   0,              3,           1,                 0,          13,          14,     0
             0,         0,             1,          0,            0,          0.0 ,                  18,              3,           1,                 0,           3,          12,     0
             1,         0,             0,          0,            1,          0.31,                   0,              4,           0,                 1,           7,           7,     0
             0,         0,             1,          1,            0,          0.0 ,                  21,              3,           1,                 0,          10,           6,     0
             0,         0,             1,          1,            1,          0.57,                   0,              3,           1,                 0,          12,          14,     0
             0,         0,             1,          0,            0,          0.0 ,                  54,              3,           1,                 0,          15,          15,     1
             1,         0,             0,          1,            1,          0.87,                   0,              3,           1,                 0,          14,          14,     1
             0,         0,             0,          0,            0,          0.0 ,                  51,              3,           1,                 0,           2,          10,     0
             0,         0,             1,          0,            0,          0.0 ,                  75,              3,           1,                 0,           4,          13,     0
             1,         0,             1,          1,            1,          0.26,                   0,              3,           1,                 0,          14,          14,     1
             0,         0,             0,          1,            0,          0.0 ,                  41,              3,           1,                 0,           6,           1,     0
             0,         0,             0,          0,            1,          0.21,                   0,              3,           1,                 0,           6,           8,     0
             1,         0,             1,          1,            1,          0.27,                   0,              4,           0,                 1,           7,           7,     1
             0,         0,             0,          0,            0,          0.0 ,                  45,              3,           1,                 0,           4,           1,     0
             1,         1,             0,          1,            0,          0.0 ,                  66,              2,           0,                 0,          13,          13,     0
             0,         0,             0,          0,            0,          0.0 ,                  95,              1,           0,                 0,          14,           7,     0
             1,         0,             1,          0,            0,          0.0 ,                  62,              4,           0,                 1,           3,           3,     1
             0,         0,             0,          0,            1,          0.45,                   0,              4,           0,                 1,           6,           5,     0
             1,         1,             0,          1,            1,          0.88,                   0,              1,           0,                 0,          14,          14,     1
             1,         0,             1,          1,            1,          0.59,                   0,              3,           1,                 0,           7,           7,     1
             0,         0,             1,          1,            1,          0.42,                   0,              2,           0,                 0,          12,           7,     0
             0,         0,             0,          0,            1,          0.97,                   0,              3,           1,                 0,           9,           7,     1
             1,         1,             0,          0,            1,          0.81,                   0,              2,           0,                 0,          11,          11,     0
             0,         0,             0,          0,            1,          0.86,                   0,              3,           1,                 0,           5,           5,     1
             0,         0,             0,          0,            0,          0.0 ,                   3,              1,           0,                 0,          15,          12,     0
             1,         1,             1,          1,            1,          0.75,                   0,              2,           0,                 0,          12,          12,     1
             0,         0,             0,          1,            1,          0.6 ,                   0,              3,           1,                 0,          15,           2,     1
             0,         0,             1,          1,            1,          0.13,                   0,              3,           1,                 0,           9,           5,     0
             0,         0,             1,          1,            1,          0.73,                   0,              3,           1,                 0,           2,           4,     1
             0,         0,             0,          1,            1,          0.23,                   0,              2,           0,                 0,           4,          13,     0
             1,         1,             0,          0,            0,          0.0 ,                  49,              1,           0,                 0,           5,           5,     0
             1,         1,             0,          0,            1,          0.31,                   0,              1,           0,                 0,          14,          14,     0
             1,         1,             0,          0,            0,          0.0 ,                  45,              3,           1,                 0,          11,          11,     0
             0,         0,             1,          1,            1,          0.85,                   0,              3,           1,                 0,          14,          11,     1
             1,         0,             0,          0,            0,          0.0 ,                  79,              3,           1,                 0,           2,           2,     0
             1,         1,             1,          1,            0,          0.0 ,                  91,              2,           0,                 0,           4,           4,     0
             0,         0,             0,          1,            1,          0.43,                   0,              3,           1,                 0,          11,          14,     0
             0,         0,             1,          0,            0,          0.0 ,                  16,              3,           1,                 0,           7,           7,     0
             0,         0,             0,          1,            0,          0.0 ,                  43,              3,           1,                 0,           7,           8,     0
             1,         0,             0,          1,            1,          0.26,                   0,              2,           0,                 0,           7,           7,     0
             0,         0,             1,          0,            0,          0.0 ,                  30,              1,           0,                 0,          10,          12,     0
             1,         1,             1,          1,            0,          0.0 ,                  14,              3,           1,                 0,           7,           7,     0
             0,         0,             0,          1,            0,          0.0 ,                  48,              2,           0,                 0,           3,          14,     0
             0,         0,             0,          0,            1,          0.19,                   0,              3,           1,                 0,           7,          11,     0
             0,         0,             0,          1,            1,          0.58,                   0,              3,           1,                 0,          10,           3,     1
             0,         0,             0,          1,            1,          0.13,                   0,              4,           0,                 1,           9,           1,     1
             0,         0,             1,          1,            0,          0.0 ,                  47,              3,           1,                 0,          14,          14,     0
             1,         0,             0,          1,            1,          0.1 ,                   0,              3,           1,                 0,          13,          13,     0
             0,         0,             0,          0,            0,          0.0 ,                  45,              1,           0,                 0,           2,          13,     0
             1,         1,             1,          0,            0,          0.0 ,                  89,              1,           0,                 0,           5,           5,     0
             1,         0,             1,          1,            0,          0.0 ,                  95,              3,           1,                 0,           8,           8,     0
             0,         0,             0,          1,            0,          0.0 ,                  87,              3,           1,                 0,          12,           4,     0
             1,         0,             0,          1,            1,          0.94,                   0,              3,           1,                 0,           2,           2,     1
             0,         0,             0,          1,            1,          0.75,                   0,              3,           1,                 0,          14,           8,     1
             0,         0,             0,          1,            1,          0.99,                   0,              3,           1,                 0,           3,          10,     1
             0,         0,             0,          1,            0,          0.0 ,                  98,              3,           1,                 0,           4,           3,     0
             1,         1,             0,          0,            0,          0.0 ,                  28,              3,           1,                 0,           8,           8,     0
             1,         0,             0,          1,            1,          0.75,                   0,              4,           0,                 1,          15,          15,     1
             0,         0,             1,          1,            1,          0.11,                   0,              3,           1,                 0,          12,          15,     0
             1,         1,             1,          0,            1,          0.63,                   0,              4,           0,                 1,           2,           2,     1
             0,         0,             1,          1,            0,          0.0 ,                  78,              4,           0,                 1,           4,           4,     1
             1,         1,             0,          1,            0,          0.0 ,                  50,              4,           0,                 1,          12,          12,     0
             0,         0,             1,          1,            1,          0.58,                   0,              3,           1,                 0,          12,          12,     1
             1,         1,             1,          1,            1,          0.6 ,                   0,              4,           0,                 1,           2,           2,     1
             1,         0,             1,          1,            0,          0.0 ,                  63,              3,           1,                 0,          12,          12,     0
             0,         0,             1,          1,            1,          0.71,                   0,              4,           0,                 1,           1,          13,     1
             1,         1,             1,          1,            1,          0.36,                   0,              4,           0,                 1,          13,          13,     1
             1,         1,             0,          1,            1,          0.29,                   0,              3,           1,                 0,          12,          12,     0
             0,         0,             0,          1,            1,          0.91,                   0,              4,           0,                 1,           5,          10,     1
             0,         0,             0,          1,            0,          0.0 ,                  58,              2,           0,                 0,           3,          11,     0
             0,         0,             0,          0,            0,          0.0 ,                   2,              3,           1,                 0,          15,           5,     0
             1,         1,             1,          1,            0,          0.0 ,                  79,              3,           1,                 0,           3,           3,     1
             0,         0,             0,          0,            0,          0.0 ,                  32,              3,           1,                 0,           8,           6,     0
             1,         0,             1,          0,            1,          0.48,                   0,              3,           1,                 0,          12,          12,     0
             0,         0,             0,          0,            1,          0.68,                   0,              4,           0,                 1,           8,          12,     1
             1,         0,             1,          1,            1,          0.39,                   0,              3,           1,                 0,           7,           7,     0
             1,         0,             0,          1,            0,          0.0 ,                   8,              4,           0,                 1,          11,          11,     0
             1,         0,             0,          0,            1,          0.69,                   0,              3,           1,                 0,           6,           6,     1
             0,         0,             0,          0,            1,          0.92,                   0,              3,           1,                 0,           8,          10,     1
             0,         0,             0,          0,            0,          0.0 ,                  78,              3,           1,                 0,          12,          14,     0
             1,         1,             1,          1,            1,          0.46,                   0,              3,           1,                 0,           4,           4,     1
             0,         0,             1,          0,            0,          0.0 ,                  10,              3,           1,                 0,          14,          12,     1
             0,         0,             0,          0,            0,          0.0 ,                  61,              3,           1,                 0,           2,           2,     1
             1,         1,             0,          1,            0,          0.0 ,                  43,              2,           0,                 0,           1,           1,     0
             1,         0,             0,          1,            0,          0.0 ,                  29,              2,           0,                 0,           9,           9,     0
             1,         1,             0,          1,            0,          0.0 ,                  96,              4,           0,                 1,          10,          10,     0
             0,         0,             1,          1,            1,          0.66,                   0,              3,           1,                 0,          10,           7,     1
             0,         0,             1,          0,            0,          0.0 ,                  33,              1,           0,                 0,           9,           7,     0
             1,         1,             0,          0,            0,          0.0 ,                  72,              3,           1,                 0,           4,           4,     0
             1,         0,             1,          0,            1,          0.63,                   0,              4,           0,                 1,           1,           1,     1
             0,         0,             1,          0,            1,          0.44,                   0,              3,           1,                 0,           2,           7,     0
             1,         0,             1,          0,            1,          0.35,                   0,              4,           0,                 1,           4,           4,     1
             1,         0,             1,          1,            1,          0.34,                   0,              3,           1,                 0,           3,           3,     0
             1,         0,             0,          1,            1,          0.95,                   0,              3,           1,                 0,           9,           9,     1
             1,         0,             1,          0,            1,          0.74,                   0,              1,           0,                 0,           3,           3,     1
             1,         0,             1,          0,            1,          0.75,                   0,              4,           0,                 1,          10,          10,     1
             1,         1,             1,          1,            1,          0.5 ,                   0,              3,           1,                 0,          10,          10,     1
             0,         0,             0,          1,            1,          0.78,                   0,              2,           0,                 0,           9,           8,     1
             0,         0,             0,          1,            0,          0.0 ,                 100,              4,           0,                 1,          13,          12,     0
             0,         0,             0,          1,            1,          0.15,                   0,              4,           0,                 1,          11,           6,     0
             1,         0,             1,          1,            1,          0.34,                   0,              3,           1,                 0,           8,           8,     0
             0,         0,             0,          1,            0,          0.0 ,                  77,              3,           1,                 0,           7,           7,     0
             0,         0,             0,          0,            0,          0.0 ,                  99,              3,           1,                 0,          15,           6,     0
             1,         0,             0,          0,            1,          0.92,                   0,              1,           0,                 0,          12,          12,     1
             1,         1,             0,          0,            1,          0.28,                   0,              3,           1,                 0,           8,           8,     0
             0,         0,             1,          1,            0,          0.0 ,                  60,              2,           0,                 0,          12,           4,     0
             0,         0,             1,          0,            1,          0.82,                   0,              3,           1,                 0,           9,          10,     1
             1,         0,             0,          1,            0,          0.0 ,                  59,              4,           0,                 1,           2,           2,     0
             1,         0,             0,          0,            1,          0.51,                   0,              3,           1,                 0,           7,           7,     1
             0,         0,             1,          1,            0,          0.0 ,                  88,              3,           1,                 0,           5,          14,     0
             0,         0,             1,          0,            0,          0.0 ,                  41,              4,           0,                 1,           1,           8,     1
             1,         1,             0,          0,            1,          0.42,                   0,              3,           1,                 0,          12,          12,     1
             0,         0,             1,          1,            1,          0.21,                   0,              4,           0,                 1,          11,           3,     1
             1,         1,             1,          1,            1,          0.58,                   0,              3,           1,                 0,           7,           7,     1
             1,         0,             1,          1,            0,          0.0 ,                  17,              3,           1,                 0,          14,          14,     0
             0,         0,             0,          0,            1,          0.74,                   0,              3,           1,                 0,           5,           3,     1
             0,         0,             1,          0,            1,          0.35,                   0,              3,           1,                 0,          13,          14,     0
             1,         0,             1,          1,            1,          0.68,                   0,              2,           0,                 0,           1,           1,     1
             1,         0,             0,          1,            1,          0.82,                   0,              4,           0,                 1,          15,          15,     1
             0,         0,             1,          1,            0,          0.0 ,                  90,              2,           0,                 0,           5,           6,     0
             1,         1,             1,          1,            1,          0.95,                   0,              3,           1,                 0,           8,           8,     1
             1,         1,             0,          0,            0,          0.0 ,                  88,              3,           1,                 0,           6,           6,     0
             0,         0,             1,          1,            1,          0.59,                   0,              2,           0,                 0,          14,           6,     1
             1,         0,             0,          1,            1,          0.76,                   0,              2,           0,                 0,           1,           1,     1
             0,         0,             1,          1,            0,          0.0 ,                  80,              3,           1,                 0,           9,           6,     0
             1,         1,             1,          1,            1,          0.29,                   0,              2,           0,                 0,          15,          15,     0
             0,         0,             0,          0,            0,          0.0 ,                  42,              3,           1,                 0,           2,           1,     0
             0,         0,             1,          1,            1,          0.75,                   0,              1,           0,                 0,           5,           8,     1
             1,         0,             1,          1,            1,          0.36,                   0,              3,           1,                 0,           4,           4,     0
             0,         0,             0,          0,            0,          0.0 ,                   6,              4,           0,                 1,           5,          10,     0
             0,         0,             0,          0,            1,          0.72,                   0,              1,           0,                 0,           1,           4,     1
             0,         0,             1,          0,            1,          0.26,                   0,              4,           0,                 1,           5,           2,     1
             0,         0,             1,          1,            1,          0.93,                   0,              2,           0,                 0,          14,          13,     1
             1,         1,             1,          0,            0,          0.0 ,                  25,              2,           0,                 0,          10,          10,     0
             1,         0,             1,          1,            1,          0.39,                   0,              3,           1,                 0,           9,           9,     0
             1,         1,             1,          1,            1,          0.47,                   0,              2,           0,                 0,           5,           5,     0
             1,         1,             1,          1,            0,          0.0 ,                  76,              3,           1,                 0,          10,          10,     1
             1,         0,             0,          1,            0,          0.0 ,                  26,              4,           0,                 1,           8,           8,     0
             0,         0,             1,          1,            1,          0.91,                   0,              2,           0,                 0,           1,           3,     1
             0,         0,             0,          0,            1,          0.9 ,                   0,              3,           1,                 0,          12,           6,     1
             1,         0,             1,          1,            1,          0.6 ,                   0,              1,           0,                 0,          10,          10,     1
             1,         0,             0,          0,            1,          0.21,                   0,              4,           0,                 1,          11,          11,     0
             0,         0,             1,          1,            1,          0.21,                   0,              4,           0,                 1,           3,           2,     1
             0,         0,             1,          1,            1,          0.48,                   0,              4,           0,                 1,           4,           9,     1
             0,         0,             1,          1,            0,          0.0 ,                  39,              3,           1,                 0,           1,          15,     0
             1,         0,             0,          1,            1,          0.73,                   0,              3,           1,                 0,          13,          13,     1
             0,         0,             0,          1,            1,          0.31,                   0,              2,           0,                 0,           8,           1,     0
             0,         0,             0,          0,            0,          0.0 ,                  67,              3,           1,                 0,          10,           7,     0
             0,         0,             1,          1,            0,          0.0 ,                  24,              2,           0,                 0,          12,           5,     0
             1,         0,             0,          0,            1,          0.37,                   0,              4,           0,                 1,           6,           6,     0
             1,         1,             0,          1,            1,          0.15,                   0,              1,           0,                 0,           6,           6,     0
             0,         0,             0,          0,            0,          0.0 ,                  19,              3,           1,                 0,           6,           9,     0
             1,         0,             0,          0,            0,          0.0 ,                  70,              1,           0,                 0,          10,          10,     0
             1,         1,             1,          1,            0,          0.0 ,                  57,              3,           1,                 0,           9,           9,     1
             1,         1,             1,          1,            0,          0.0 ,                  58,              4,           0,                 1,          11,          11,     1
             0,         0,             0,          1,            1,          0.72,                   0,              1,           0,                 0,           1,           2,     1
             1,         1,             1,          0,            0,          0.0 ,                   3,              3,           1,                 0,          15,          15,     1
             0,         0,             1,          1,            0,          0.0 ,                  31,              4,           0,                 1,           4,          10,     1
             0,         0,             1,          1,            1,          0.29,                   0,              2,           0,                 0,           8,          15,     0
             1,         1,             0,          0,            1,          0.31,                   0,              1,           0,                 0,          14,          14,     0
             0,         0,             1,          0,            0,          0.0 ,                   9,              4,           0,                 1,           7,           4,     1
             1,         0,             0,          1,            0,          0.0 ,                   4,              4,           0,                 1,           4,           4,     1
             1,         1,             1,          0,            1,          0.89,                   0,              3,           1,                 0,          12,          12,     1
             0,         0,             0,          0,            1,          0.92,                   0,              4,           0,                 1,           7,           8,     1
             1,         0,             1,          1,            1,          0.96,                   0,              3,           1,                 0,           1,           1,     1
             1,         1,             0,          0,            0,          0.0 ,                  51,              2,           0,                 0,           3,           3,     0
             0,         0,             0,          0,            1,          0.54,                   0,              1,           0,                 0,           4,          15,     1
             0,         0,             1,          0,            0,          0.0 ,                  30,              3,           1,                 0,          15,          14,     0
             0,         0,             0,          0,            1,          0.13,                   0,              3,           1,                 0,          12,          15,     0
             0,         0,             0,          1,            1,          0.48,                   0,              4,           0,                 1,          13,          11,     1
             0,         0,             0,          0,            0,          0.0 ,                   8,              3,           1,                 0,           1,           5,     0
             1,         0,             0,          0,            0,          0.0 ,                  64,              4,           0,                 1,           8,           8,     0
             0,         0,             0,          0,            0,          0.0 ,                  65,              3,           1,                 0,          11,          14,     0
             1,         1,             1,          0,            0,          0.0 ,                 100,              3,           1,                 0,          12,          12,     1
             0,         0,             1,          0,            0,          0.0 ,                  99,              1,           0,                 0,           7,           9,     0
             0,         0,             1,          1,            1,          0.42,                   0,              3,           1,                 0,          11,          12,     0
             0,         0,             0,          0,            1,          0.38,                   0,              3,           1,                 0,           6,          10,     0
             0,         0,             0,          0,            0,          0.0 ,                  80,              4,           0,                 1,          13,           1,     0
             1,         1,             0,          0,            0,          0.0 ,                  32,              4,           0,                 1,           4,           4,     0
             1,         1,             1,          0,            0,          0.0 ,                   3,              3,           1,                 0,           9,           9,     1
             1,         1,             0,          1,            1,          0.49,                   0,              4,           0,                 1,           5,           5,     0
             0,         0,             1,          0,            0,          0.0 ,                  99,              3,           1,                 0,           5,           5,     0
             1,         0,             0,          0,            1,          0.77,                   0,              3,           1,                 0,          15,          15,     1
             1,         0,             1,          1,            1,          0.22,                   0,              1,           0,                 0,           4,           4,     0
             0,         0,             1,          1,            1,          0.6 ,                   0,              3,           1,                 0,          14,          11,     1
             1,         0,             1,          1,            0,          0.0 ,                  97,              1,           0,                 0,           4,           4,     0
             0,         0,             0,          1,            0,          0.0 ,                  98,              3,           1,                 0,           8,           4,     0
             1,         0,             0,          1,            0,          0.0 ,                  85,              1,           0,                 0,           8,           8,     0
             1,         1,             1,          0,            0,          0.0 ,                  29,              3,           1,                 0,          15,          15,     1
             1,         0,             0,          0,            1,          0.45,                   0,              4,           0,                 1,           1,           1,     0
             0,         0,             0,          0,            0,          0.0 ,                  65,              2,           0,                 0,           8,           3,     0
             1,         1,             1,          1,            1,          0.85,                   0,              3,           1,                 0,           9,           9,     1
             1,         0,             1,          0,            0,          0.0 ,                  46,              3,           1,                 0,           5,           5,     0
             0,         0,             0,          1,            0,          0.0 ,                  36,              1,           0,                 0,          15,           1,     0
             0,         0,             1,          0,            1,          0.24,                   0,              3,           1,                 0,          13,           3,     0
             0,         0,             1,          1,            0,          0.0 ,                  25,              3,           1,                 0,           9,           8,     0
             1,         1,             0,          0,            0,          0.0 ,                  38,              3,           1,                 0,           5,           5,     0
             0,         0,             0,          1,            1,          0.27,                   0,              3,           1,                 0,           8,           7,     0
             1,         0,             0,          0,            1,          0.96,                   0,              3,           1,                 0,          13,          13,     1
             1,         0,             1,          1,            0,          0.0 ,                  27,              3,           1,                 0,          15,          15,     0
             1,         0,             1,          0,            1,          0.14,                   0,              3,           1,                 0,           8,           8,     0
             1,         1,             1,          1,            1,          0.14,                   0,              3,           1,                 0,          14,          14,     1
             0,         0,             0,          0,            0,          0.0 ,                  57,              3,           1,                 0,          10,          15,     0
             1,         0,             0,          1,            1,          0.38,                   0,              3,           1,                 0,           7,           7,     0
             0,         0,             1,          0,            1,          0.4 ,                   0,              4,           0,                 1,           7,           1,     1
             1,         1,             1,          1,            0,          0.0 ,                  48,              3,           1,                 0,           4,           4,     1
             0,         0,             1,          0,            0,          0.0 ,                  78,              2,           0,                 0,           6,           8,     0
             1,         0,             1,          1,            1,          0.42,                   0,              3,           1,                 0,          11,          11,     0
             1,         1,             1,          1,            1,          0.89,                   0,              3,           1,                 0,           2,           2,     1
             1,         0,             1,          0,            0,          0.0 ,                  48,              2,           0,                 0,          11,          11,     0
             1,         1,             1,          0,            1,          0.5 ,                   0,              3,           1,                 0,           2,           2,     1
             0,         0,             1,          1,            1,          0.91,                   0,              3,           1,                 0,           8,          15,     1
             1,         1,             1,          1,            0,          0.0 ,                  89,              4,           0,                 1,           9,           9,     1
             0,         0,             1,          1,            0,          0.0 ,                  77,              3,           1,                 0,          11,           9,     0
             0,         0,             0,          0,            0,          0.0 ,                  12,              2,           0,                 0,          12,           5,     0
             0,         0,             1,          1,            0,          0.0 ,                  41,              4,           0,                 1,          10,           7,     1
             1,         1,             0,          1,            1,          0.75,                   0,              3,           1,                 0,           4,           4,     0
             1,         1,             0,          0,            0,          0.0 ,                  48,              3,           1,                 0,           8,           8,     0
             0,         0,             1,          0,            1,          0.57,                   0,              3,           1,                 0,           8,           9,     1
             1,         0,             0,          0,            0,          0.0 ,                  30,              3,           1,                 0,           2,           2,     0
             0,         0,             1,          0,            1,          0.52,                   0,              4,           0,                 1,           9,           5,     1
             1,         1,             1,          0,            1,          0.27,                   0,              3,           1,                 0,           2,           2,     1
             0,         0,             1,          1,            1,          0.82,                   0,              3,           1,                 0,          13,           2,     0
             0,         0,             0,          1,            0,          0.0 ,                  43,              1,           0,                 0,           6,          10,     0
             1,         0,             0,          1,            0,          0.0 ,                  33,              3,           1,                 0,           5,           5,     0
             0,         0,             0,          1,            1,          0.54,                   0,              1,           0,                 0,           3,           3,     1
             1,         1,             1,          1,            0,          0.0 ,                  98,              1,           0,                 0,           8,           8,     1
             1,         0,             1,          1,            1,          0.86,                   0,              2,           0,                 0,           2,           2,     1
             0,         0,             0,          1,            1,          0.21,                   0,              4,           0,                 1,          12,          13,     0
             0,         0,             0,          1,            0,          0.0 ,                  87,              4,           0,                 1,           4,          10,     0
             0,         0,             1,          0,            0,          0.0 ,                  41,              3,           1,                 0,           1,          12,     0
             0,         0,             1,          0,            1,          0.44,                   0,              3,           1,                 0,           4,           8,     0
             1,         1,             0,          0,            0,          0.0 ,                  47,              3,           1,                 0,           4,           4,     0
             0,         0,             0,          1,            1,          0.36,                   0,              3,           1,                 0,           5,           8,     0
             1,         0,             0,          1,            0,          0.0 ,                  92,              3,           1,                 0,           2,           2,     0
             1,         1,             0,          0,            0,          0.0 ,                  47,              2,           0,                 0,          10,          10,     0
             0,         0,             0,          1,            1,          0.84,                   0,              1,           0,                 0,           2,           6,     1
             0,         0,             1,          1,            0,          0.0 ,                  36,              3,           1,                 0,           4,           1,     0
             1,         1,             1,          1,            0,          0.0 ,                  88,              4,           0,                 1,          14,          14,     1
             0,         0,             1,          1,            1,          0.73,                   0,              3,           1,                 0,           5,          15,     1
             1,         0,             0,          1,            0,          0.0 ,                  31,              1,           0,                 0,           1,           1,     0
             1,         0,             0,          0,            1,          0.59,                   0,              4,           0,                 1,          14,          14,     0
             0,         0,             0,          1,            0,          0.0 ,                  88,              4,           0,                 1,          12,           5,     0
             1,         1,             1,          1,            1,          1.0 ,                   0,              1,           0,                 0,           2,           2,     1
             0,         0,             1,          0,            0,          0.0 ,                   9,              1,           0,                 0,          14,           3,     0
             1,         1,             1,          0,            1,          0.51,                   0,              3,           1,                 0,          12,          12,     1
             1,         0,             0,          0,            0,          0.0 ,                  99,              3,           1,                 0,          10,          10,     0
             1,         0,             1,          1,            0,          0.0 ,                  44,              4,           0,                 1,          10,          10,     1
             0,         0,             1,          1,            0,          0.0 ,                  73,              3,           1,                 0,           9,           7,     0
             0,         0,             1,          0,            1,          0.93,                   0,              4,           0,                 1,           4,           7,     1
             1,         1,             1,          1,            0,          0.0 ,                  12,              2,           0,                 0,          11,          11,     0
             0,         0,             0,          0,            0,          0.0 ,                  70,              4,           0,                 1,           3,          11,     0
             1,         1,             1,          0,            0,          0.0 ,                   9,              1,           0,                 0,           7,           7,     0
             0,         0,             1,          0,            0,          0.0 ,                 100,              3,           1,                 0,           5,           2,     0
             0,         0,             0,          0,            1,          0.51,                   0,              4,           0,                 1,           9,          10,     1
             0,         0,             1,          0,            0,          0.0 ,                  83,              3,           1,                 0,          10,           7,     0
             0,         0,             1,          0,            1,          0.74,                   0,              3,           1,                 0,           3,           5,     1
             0,         0,             1,          1,            1,          0.94,                   0,              3,           1,                 0,          14,           8,     1
             0,         0,             1,          1,            0,          0.0 ,                  32,              3,           1,                 0,           2,           7,     0
             1,         0,             1,          0,            1,          0.35,                   0,              4,           0,                 1,           5,           5,     1
             0,         0,             0,          0,            0,          0.0 ,                  36,              1,           0,                 0,           9,           7,     1
             1,         1,             1,          1,            1,          0.41,                   0,              1,           0,                 0,           2,           2,     0
             1,         1,             0,          1,            0,          0.0 ,                  75,              3,           1,                 0,           4,           4,     0
             1,         0,             0,          1,            1,          0.33,                   0,              4,           0,                 1,          11,          11,     0
             0,         0,             0,          1,            1,          0.25,                   0,              2,           0,                 0,           1,           2,     0
             1,         0,             1,          0,            0,          0.0 ,                   2,              4,           0,                 1,           7,           7,     1
             1,         1,             1,          0,            0,          0.0 ,                   5,              4,           0,                 1,          10,          10,     1
             1,         1,             1,          0,            1,          0.83,                   0,              3,           1,                 0,           7,           7,     0
             0,         0,             0,          1,            1,          1.0 ,                   0,              2,           0,                 0,           9,           9,     1
             1,         1,             1,          0,            0,          0.0 ,                  63,              3,           1,                 0,           7,           7,     1
             1,         0,             0,          0,            1,          0.87,                   0,              1,           0,                 0,           8,           8,     1
             0,         0,             1,          0,            0,          0.0 ,                  99,              3,           1,                 0,           9,          12,     0
             0,         0,             0,          0,            0,          0.0 ,                  81,              3,           1,                 0,           2,          10,     0
             1,         0,             0,          0,            1,          0.34,                   0,              4,           0,                 1,           5,           5,     0
             0,         0,             0,          0,            1,          0.44,                   0,              3,           1,                 0,           6,           4,     0
             0,         0,             1,          0,            1,          0.14,                   0,              3,           1,                 0,          12,          10,     0
             1,         1,             1,          0,            1,          0.4 ,                   0,              1,           0,                 0,           1,           1,     0
             0,         0,             0,          0,            1,          0.6 ,                   0,              1,           0,                 0,           4,           3,     1
             1,         0,             0,          0,            0,          0.0 ,                  71,              1,           0,                 0,          10,          10,     0
             1,         1,             0,          1,            0,          0.0 ,                  53,              3,           1,                 0,          12,          12,     0
             0,         0,             1,          0,            1,          0.18,                   0,              4,           0,                 1,           9,          10,     1
             0,         0,             1,          0,            1,          0.37,                   0,              3,           1,                 0,           2,          13,     0
             1,         0,             1,          0,            0,          0.0 ,                  71,              1,           0,                 0,          12,          12,     1
             1,         0,             1,          0,            0,          0.0 ,                   1,              1,           0,                 0,          12,          12,     0
             1,         1,             1,          1,            0,          0.0 ,                  78,              2,           0,                 0,           9,           9,     0
             0,         0,             0,          0,            1,          0.13,                   0,              3,           1,                 0,          11,           7,     0
             1,         0,             0,          1,            0,          0.0 ,                 100,              4,           0,                 1,           4,           4,     0
             1,         0,             1,          1,            0,          0.0 ,                   6,              2,           0,                 0,           3,           3,     0
             1,         0,             0,          1,            0,          0.0 ,                  39,              4,           0,                 1,           9,           9,     0
             1,         1,             1,          0,            0,          0.0 ,                   6,              3,           1,                 0,          12,          12,     1
             1,         0,             0,          0,            0,          0.0 ,                  37,              1,           0,                 0,           8,           8,     0
             0,         0,             1,          0,            0,          0.0 ,                  86,              3,           1,                 0,          10,          14,     0
             0,         0,             1,          0,            0,          0.0 ,                  17,              4,           0,                 1,          10,           8,     1
             1,         0,             1,          0,            0,          0.0 ,                  57,              2,           0,                 0,           6,           6,     0
             1,         1,             0,          0,            1,          0.76,                   0,              3,           1,                 0,           8,           8,     1
             0,         0,             0,          1,            0,          0.0 ,                  20,              3,           1,                 0,          11,           7,     0
             1,         1,             0,          0,            1,          0.82,                   0,              1,           0,                 0,           9,           9,     1
             1,         1,             1,          0,            1,          0.78,                   0,              1,           0,                 0,          11,          11,     1
             1,         0,             1,          0,            1,          0.15,                   0,              3,           1,                 0,           9,           9,     0
             0,         0,             0,          1,            0,          0.0 ,                  56,              3,           1,                 0,          15,          14,     0
             1,         1,             1,          0,            1,          0.3 ,                   0,              1,           0,                 0,           3,           3,     0
             0,         0,             0,          1,            0,          0.0 ,                  56,              3,           1,                 0,          10,          13,     1
             0,         0,             0,          0,            0,          0.0 ,                  67,              3,           1,                 0,           4,          12,     0
             1,         0,             0,          0,            1,          0.5 ,                   0,              4,           0,                 1,           5,           5,     0
             1,         1,             0,          0,            1,          0.18,                   0,              4,           0,                 1,          10,          10,     0
             1,         1,             0,          0,            1,          0.77,                   0,              4,           0,                 1,          15,          15,     1
             0,         0,             1,          1,            0,          0.0 ,                  74,              4,           0,                 1,           6,           1,     1
             1,         0,             0,          0,            0,          0.0 ,                  93,              4,           0,                 1,          13,          13,     0
             0,         0,             0,          1,            1,          0.14,                   0,              3,           1,                 0,          13,          10,     0
             1,         0,             1,          0,            0,          0.0 ,                  30,              4,           0,                 1,           4,           4,     1
             1,         1,             1,          1,            0,          0.0 ,                  43,              2,           0,                 0,           2,           2,     1
             1,         1,             0,          1,            1,          0.46,                   0,              3,           1,                 0,          10,          10,     0
             0,         0,             0,          0,            0,          0.0 ,                  18,              1,           0,                 0,           1,           6,     0
             0,         0,             0,          1,            0,          0.0 ,                  82,              3,           1,                 0,          14,           1,     0
             1,         0,             0,          0,            0,          0.0 ,                  90,              4,           0,                 1,          10,          10,     0
             1,         0,             1,          0,            0,          0.0 ,                  71,              4,           0,                 1,          10,          10,     1
             0,         0,             0,          1,            1,          0.18,                   0,              2,           0,                 0,          11,           3,     0
             1,         1,             0,          0,            0,          0.0 ,                  86,              1,           0,                 0,           7,           7,     0
             1,         1,             1,          1,            0,          0.0 ,                  51,              3,           1,                 0,           8,           8,     1
             1,         0,             0,          1,            1,          0.55,                   0,              4,           0,                 1,           2,           2,     1
             1,         1,             0,          1,            1,          0.25,                   0,              4,           0,                 1,           4,           4,     0
             0,         0,             1,          1,            0,          0.0 ,                  84,              3,           1,                 0,           2,           8,     0
             1,         1,             0,          0,            1,          0.62,                   0,              3,           1,                 0,          10,          10,     1
             0,         0,             0,          1,            1,          0.89,                   0,              3,           1,                 0,           6,           7,     1
             1,         1,             1,          1,            1,          0.89,                   0,              2,           0,                 0,           5,           5,     1
             0,         0,             0,          1,            0,          0.0 ,                  51,              3,           1,                 0,           4,           4,     0
             0,         0,             1,          1,            1,          0.39,                   0,              4,           0,                 1,           8,           8,     1
             1,         0,             0,          1,            1,          0.48,                   0,              3,           1,                 0,           2,           2,     0
             1,         1,             1,          1,            1,          0.94,                   0,              3,           1,                 0,          14,          14,     1
             0,         0,             1,          1,            0,          0.0 ,                  60,              3,           1,                 0,           7,          12,     0
             0,         0,             1,          0,            0,          0.0 ,                  10,              3,           1,                 0,           9,           1,     0
             0,         0,             0,          0,            1,          0.93,                   0,              3,           1,                 0,           8,           3,     1
             0,         0,             1,          0,            1,          0.46,                   0,              3,           1,                 0,           4,          15,     0
             1,         1,             1,          1,            1,          0.49,                   0,              1,           0,                 0,           2,           2,     0
             0,         0,             1,          1,            0,          0.0 ,                  58,              4,           0,                 1,          10,           6,     1
             0,         0,             1,          0,            1,          0.72,                   0,              4,           0,                 1,           7,           3,     0
             0,         0,             1,          1,            1,          0.26,                   0,              3,           1,                 0,          11,          14,     0
             1,         1,             1,          1,            1,          0.82,                   0,              4,           0,                 1,           7,           7,     1
             0,         0,             1,          0,            1,          0.11,                   0,              3,           1,                 0,          11,           8,     0
             1,         0,             1,          0,            1,          0.33,                   0,              3,           1,                 0,          14,          14,     0
             0,         0,             0,          0,            1,          0.71,                   0,              4,           0,                 1,           7,           1,     1
             0,         0,             0,          0,            0,          0.0 ,                  93,              3,           1,                 0,           6,           7,     0
             1,         0,             0,          1,            1,          0.54,                   0,              1,           0,                 0,           6,           6,     1
             0,         0,             0,          1,            1,          0.41,                   0,              4,           0,                 1,           7,           3,     0
             1,         1,             1,          0,            0,          0.0 ,                  28,              3,           1,                 0,           1,           1,     1
             1,         1,             0,          1,            1,          0.24,                   0,              3,           1,                 0,           4,           4,     0
             0,         0,             0,          0,            1,          0.12,                   0,              4,           0,                 1,          14,          10,     0
             0,         0,             0,          0,            1,          0.93,                   0,              3,           1,                 0,          11,          13,     0
             1,         1,             0,          1,            1,          0.84,                   0,              3,           1,                 0,          14,          14,     1
             0,         0,             0,          1,            0,          0.0 ,                  74,              3,           1,                 0,          13,          13,     0
             0,         0,             0,          1,            1,          0.55,                   0,              3,           1,                 0,          12,           7,     1
             0,         0,             1,          1,            1,          0.5 ,                   0,              3,           1,                 0,          15,          11,     0
             1,         1,             0,          0,            0,          0.0 ,                  95,              3,           1,                 0,           9,           9,     0
             0,         0,             0,          0,            1,          0.14,                   0,              4,           0,                 1,           1,          12,     0
             0,         0,             0,          0,            1,          0.47,                   0,              3,           1,                 0,           9,          15,     1
             0,         0,             1,          1,            0,          0.0 ,                  57,              4,           0,                 1,           9,          10,     1
             0,         0,             0,          1,            0,          0.0 ,                  38,              4,           0,                 1,           9,           7,     0
             1,         0,             0,          0,            0,          0.0 ,                  73,              3,           1,                 0,           4,           4,     0
             0,         0,             0,          1,            1,          0.28,                   0,              3,           1,                 0,          10,           4,     0
             0,         0,             1,          0,            1,          0.28,                   0,              1,           0,                 0,           7,           5,     0
             1,         1,             0,          0,            0,          0.0 ,                   2,              3,           1,                 0,           2,           2,     0
             0,         0,             1,          1,            1,          0.46,                   0,              3,           1,                 0,           8,          13,     0
             0,         0,             0,          1,            1,          0.64,                   0,              3,           1,                 0,          12,           9,     1
             1,         0,             1,          1,            1,          0.68,                   0,              3,           1,                 0,           7,           7,     1
             0,         0,             0,          1,            1,          0.3 ,                   0,              1,           0,                 0,          12,           1,     0
             0,         0,             0,          1,            1,          0.26,                   0,              1,           0,                 0,          15,          14,     0
             0,         0,             1,          1,            0,          0.0 ,                   3,              3,           1,                 0,          14,          12,     0
             0,         0,             0,          0,            1,          0.42,                   0,              4,           0,                 1,          12,           2,     0
             1,         1,             0,          0,            1,          0.37,                   0,              3,           1,                 0,           5,           5,     0
             1,         1,             0,          1,            1,          0.38,                   0,              3,           1,                 0,           4,           4,     0
             1,         0,             0,          1,            0,          0.0 ,                  29,              2,           0,                 0,           1,           1,     0
             1,         0,             1,          0,            0,          0.0 ,                  51,              3,           1,                 0,           4,           4,     0
             0,         0,             1,          1,            0,          0.0 ,                  62,              4,           0,                 1,          10,           8,     1
             0,         0,             0,          0,            1,          0.8 ,                   0,              1,           0,                 0,           2,           4,     0
             0,         0,             1,          0,            1,          0.73,                   0,              3,           1,                 0,          15,           7,     1
             1,         1,             0,          0,            1,          0.3 ,                   0,              3,           1,                 0,          12,          12,     0
             1,         0,             0,          0,            0,          0.0 ,                   4,              1,           0,                 0,           1,           1,     0
             0,         0,             0,          1,            0,          0.0 ,                  12,              3,           1,                 0,           6,          12,     0
             0,         0,             0,          1,            1,          0.29,                   0,              4,           0,                 1,           1,           7,     0
             1,         1,             1,          1,            0,          0.0 ,                  62,              4,           0,                 1,           8,           8,     1
             1,         0,             1,          1,            1,          0.65,                   0,              4,           0,                 1,          10,          10,     1
             1,         0,             1,          0,            1,          0.5 ,                   0,              4,           0,                 1,          11,          11,     1
             1,         0,             1,          0,            1,          0.22,                   0,              3,           1,                 0,          12,          12,     0
             1,         1,             1,          1,            1,          0.69,                   0,              3,           1,                 0,           5,           5,     1
             0,         0,             1,          0,            1,          0.8 ,                   0,              3,           1,                 0,           7,           2,     1
             1,         0,             1,          1,            0,          0.0 ,                  70,              1,           0,                 0,           4,           4,     0
             0,         0,             0,          0,            1,          0.53,                   0,              1,           0,                 0,          10,           9,     1
             1,         1,             0,          0,            0,          0.0 ,                  12,              3,           1,                 0,           8,           8,     0
             0,         0,             0,          1,            0,          0.0 ,                  65,              4,           0,                 1,           6,           3,     0
             0,         0,             0,          1,            1,          0.33,                   0,              3,           1,                 0,           8,           5,     0
             1,         0,             0,          1,            0,          0.0 ,                  55,              2,           0,                 0,          12,          12,     0
             0,         0,             0,          0,            0,          0.0 ,                  73,              4,           0,                 1,          15,           1,     0
             1,         0,             0,          0,            0,          0.0 ,                  11,              4,           0,                 1,          13,          13,     0
             1,         1,             1,          1,            1,          0.63,                   0,              4,           0,                 1,          15,          15,     1
             1,         0,             1,          1,            1,          0.51,                   0,              3,           1,                 0,           3,           3,     1
             1,         1,             0,          0,            1,          0.93,                   0,              3,           1,                 0,          11,          11,     1
             1,         1,             1,          1,            1,          0.41,                   0,              4,           0,                 1,           9,           9,     1
             0,         0,             0,          1,            1,          0.23,                   0,              2,           0,                 0,          14,           5,     0
             0,         0,             0,          1,            1,          0.16,                   0,              3,           1,                 0,          13,           7,     0
             1,         0,             1,          1,            1,          0.85,                   0,              2,           0,                 0,          12,          12,     1
             1,         1,             0,          1,            0,          0.0 ,                  83,              3,           1,                 0,           8,           8,     0
             0,         0,             1,          1,            1,          0.55,                   0,              3,           1,                 0,          14,          14,     1
             0,         0,             1,          1,            1,          0.12,                   0,              2,           0,                 0,          10,           4,     0
             0,         0,             0,          0,            0,          0.0 ,                  66,              3,           1,                 0,          13,           3,     0
             0,         0,             0,          1,            0,          0.0 ,                  90,              4,           0,                 1,          13,           6,     0
             0,         0,             1,          0,            0,          0.0 ,                  16,              3,           1,                 0,           2,           4,     0
             0,         0,             0,          1,            1,          0.18,                   0,              3,           1,                 0,           9,           2,     0
             1,         0,             1,          1,            1,          0.72,                   0,              3,           1,                 0,          12,          12,     1
             0,         0,             0,          1,            1,          0.12,                   0,              3,           1,                 0,          12,          13,     0
             0,         0,             0,          0,            0,          0.0 ,                  28,              1,           0,                 0,           9,           3,     0
             1,         0,             1,          1,            0,          0.0 ,                   2,              4,           0,                 1,           1,           1,     1
             0,         0,             0,          1,            1,          0.78,                   0,              1,           0,                 0,          15,          15,     1
             0,         0,             0,          0,            0,          0.0 ,                  22,              3,           1,                 0,          13,          11,     0
             1,         0,             1,          1,            1,          0.51,                   0,              3,           1,                 0,          11,          11,     1
             0,         0,             0,          0,            0,          0.0 ,                  43,              3,           1,                 0,          10,           9,     0
             1,         0,             1,          1,            1,          0.55,                   0,              3,           1,                 0,           2,           2,     1
             0,         0,             0,          1,            1,          0.61,                   0,              4,           0,                 1,           3,          13,     1
             0,         0,             0,          0,            1,          0.74,                   0,              3,           1,                 0,          10,           9,     1
             0,         0,             0,          1,            1,          0.71,                   0,              2,           0,                 0,           4,          15,     1
             0,         0,             0,          0,            1,          0.84,                   0,              3,           1,                 0,           4,           5,     1
             0,         0,             0,          0,            0,          0.0 ,                  14,              3,           1,                 0,           4,          10,     0
             1,         0,             0,          1,            1,          0.1 ,                   0,              4,           0,                 1,           8,           8,     0
             1,         1,             0,          0,            1,          0.48,                   0,              3,           1,                 0,          13,          13,     0
             1,         0,             0,          0,            0,          0.0 ,                  75,              4,           0,                 1,           9,           9,     0
             0,         0,             1,          1,            0,          0.0 ,                  42,              2,           0,                 0,           9,           7,     1
             1,         1,             1,          1,            0,          0.0 ,                  70,              2,           0,                 0,          13,          13,     0
             0,         0,             0,          0,            1,          0.87,                   0,              3,           1,                 0,          11,          15,     1
             0,         0,             0,          0,            1,          0.8 ,                   0,              3,           1,                 0,           2,           5,     1
             1,         0,             1,          1,            0,          0.0 ,                  20,              4,           0,                 1,          10,          10,     1
             1,         0,             0,          1,            1,          0.78,                   0,              2,           0,                 0,           8,           8,     1
             0,         0,             1,          1,            0,          0.0 ,                  31,              3,           1,                 0,          12,           8,     0
             1,         1,             0,          0,            1,          0.18,                   0,              3,           1,                 0,          10,          10,     0
             1,         1,             0,          0,            1,          0.22,                   0,              3,           1,                 0,           6,           6,     0
             1,         0,             0,          0,            1,          0.17,                   0,              3,           1,                 0,          10,          10,     0
             0,         0,             0,          0,            0,          0.0 ,                  19,              4,           0,                 1,          12,           3,     0
             0,         0,             1,          1,            1,          0.92,                   0,              3,           1,                 0,           7,           2,     1
             0,         0,             0,          1,            0,          0.0 ,                  21,              4,           0,                 1,           6,          15,     0
             0,         0,             0,          1,            0,          0.0 ,                   1,              2,           0,                 0,          14,          10,     0
             1,         0,             0,          0,            1,          0.87,                   0,              4,           0,                 1,           4,           4,     1
             0,         0,             0,          0,            1,          0.88,                   0,              1,           0,                 0,           9,           1,     0
             1,         1,             1,          1,            0,          0.0 ,                  27,              3,           1,                 0,           5,           5,     1
             0,         0,             1,          1,            0,          0.0 ,                  73,              4,           0,                 1,           8,          11,     0
             1,         1,             0,          1,            0,          0.0 ,                  88,              4,           0,                 1,           4,           4,     0
             1,         1,             0,          0,            1,          0.54,                   0,              3,           1,                 0,           9,           9,     1
             1,         0,             1,          0,            1,          0.77,                   0,              3,           1,                 0,           3,           3,     1
             0,         0,             1,          1,            1,          0.43,                   0,              4,           0,                 1,          11,          10,     1
             0,         0,             1,          0,            0,          0.0 ,                  76,              4,           0,                 1,          13,           4,     1
             1,         0,             1,          1,            1,          0.81,                   0,              3,           1,                 0,           4,           4,     1
             1,         1,             0,          1,            1,          0.76,                   0,              3,           1,                 0,           2,           2,     1
             1,         1,             1,          0,            0,          0.0 ,                  59,              3,           1,                 0,          15,          15,     1
             0,         0,             0,          1,            0,          0.0 ,                  84,              3,           1,                 0,           2,           6,     1
             1,         1,             0,          0,            1,          0.51,                   0,              4,           0,                 1,          11,          11,     1
             1,         1,             1,          1,            1,          0.56,                   0,              3,           1,                 0,           7,           7,     1
             0,         0,             1,          0,            1,          0.38,                   0,              3,           1,                 0,           6,          15,     0
             0,         0,             0,          0,            0,          0.0 ,                  82,              4,           0,                 1,           6,          15,     0
             0,         0,             0,          0,            0,          0.0 ,                  52,              3,           1,                 0,           2,          11,     0
             0,         0,             1,          0,            1,          1.0 ,                   0,              3,           1,                 0,           7,          11,     1
             0,         0,             0,          1,            0,          0.0 ,                  69,              3,           1,                 0,           1,           7,     0
             1,         1,             1,          1,            0,          0.0 ,                  13,              3,           1,                 0,           5,           5,     1
             1,         1,             1,          0,            1,          0.19,                   0,              3,           1,                 0,          10,          10,     1
             1,         1,             0,          1,            0,          0.0 ,                  16,              4,           0,                 1,           2,           2,     0
             1,         0,             1,          0,            1,          0.12,                   0,              3,           1,                 0,           3,           3,     0
             1,         0,             0,          0,            1,          0.22,                   0,              1,           0,                 0,           9,           9,     0
             0,         0,             0,          1,            1,          0.35,                   0,              4,           0,                 1,          12,           1,     1
             1,         1,             1,          0,            1,          0.96,                   0,              2,           0,                 0,          11,          11,     1
             0,         0,             1,          0,            1,          0.71,                   0,              2,           0,                 0,          11,           4,     1
             1,         1,             0,          0,            0,          0.0 ,                  68,              4,           0,                 1,           1,           1,     0
             0,         0,             1,          1,            0,          0.0 ,                  43,              2,           0,                 0,           8,          14,     0
             1,         1,             0,          0,            0,          0.0 ,                  42,              4,           0,                 1,          11,          11,     0
             0,         0,             1,          0,            0,          0.0 ,                  57,              4,           0,                 1,          14,           4,     1
             1,         0,             0,          1,            0,          0.0 ,                  75,              3,           1,                 0,           3,           3,     0
             0,         0,             1,          0,            0,          0.0 ,                  22,              3,           1,                 0,           5,           4,     0
             1,         1,             1,          1,            0,          0.0 ,                  17,              3,           1,                 0,          14,          14,     1
             0,         0,             0,          1,            0,          0.0 ,                  40,              2,           0,                 0,           3,          15,     0
             0,         0,             0,          0,            0,          0.0 ,                  62,              2,           0,                 0,          10,          12,     0
             0,         0,             0,          0,            1,          0.27,                   0,              3,           1,                 0,          10,           9,     0
             0,         0,             0,          1,            1,          0.93,                   0,              3,           1,                 0,          13,          15,     1
             1,         1,             1,          0,            1,          0.13,                   0,              3,           1,                 0,          15,          15,     1
             1,         0,             0,          0,            1,          0.59,                   0,              1,           0,                 0,           4,           4,     1
             0,         0,             1,          1,            0,          0.0 ,                  99,              4,           0,                 1,          14,           2,     1
             1,         0,             0,          0,            0,          0.0 ,                  67,              2,           0,                 0,          11,          11,     0
             1,         1,             0,          1,            0,          0.0 ,                  29,              3,           1,                 0,           9,           9,     0
             0,         0,             0,          0,            0,          0.0 ,                   9,              2,           0,                 0,           1,          12,     0
             0,         0,             0,          1,            1,          0.93,                   0,              3,           1,                 0,           4,           4,     1
             0,         0,             0,          0,            0,          0.0 ,                  60,              3,           1,                 0,           4,           4,     0
             0,         0,             0,          0,            0,          0.0 ,                  45,              3,           1,                 0,          12,          12,     0
             1,         1,             0,          0,            1,          0.14,                   0,              3,           1,                 0,          12,          12,     0
             0,         0,             0,          0,            0,          0.0 ,                  79,              4,           0,                 1,           7,          14,     0
             0,         0,             0,          0,            1,          0.45,                   0,              4,           0,                 1,          11,          15,     0
             0,         0,             1,          0,            1,          0.53,                   0,              4,           0,                 1,          10,           4,     1
             0,         0,             1,          0,            1,          0.75,                   0,              1,           0,                 0,           9,          15,     1
             0,         0,             1,          1,            1,          0.36,                   0,              4,           0,                 1,           6,           3,     1
             0,         0,             0,          1,            1,          0.36,                   0,              3,           1,                 0,          13,           1,     0
             0,         0,             0,          1,            1,          0.97,                   0,              3,           1,                 0,           2,           2,     1
             0,         0,             0,          1,            0,          0.0 ,                  11,              2,           0,                 0,           8,           4,     0
             0,         0,             1,          1,            0,          0.0 ,                   5,              4,           0,                 1,          12,           4,     1
             1,         0,             0,          0,            0,          0.0 ,                  55,              3,           1,                 0,           5,           5,     0
             1,         1,             1,          1,            0,          0.0 ,                  23,              3,           1,                 0,          11,          11,     1
             0,         0,             0,          1,            0,          0.0 ,                  41,              3,           1,                 0,           9,          12,     0
             0,         0,             1,          0,            1,          0.59,                   0,              2,           0,                 0,           2,           4,     1
             1,         0,             1,          0,            0,          0.0 ,                  42,              3,           1,                 0,          14,          14,     0
             0,         0,             0,          0,            1,          0.31,                   0,              1,           0,                 0,           5,           3,     0
             0,         0,             0,          0,            0,          0.0 ,                   1,              3,           1,                 0,          13,          11,     0
             1,         1,             0,          1,            1,          0.29,                   0,              3,           1,                 0,           7,           7,     0
             1,         1,             1,          1,            0,          0.0 ,                  10,              1,           0,                 0,          14,          14,     0
             0,         0,             0,          1,            0,          0.0 ,                  81,              3,           1,                 0,          13,          11,     0
             1,         1,             0,          1,            1,          0.24,                   0,              3,           1,                 0,           1,           1,     0
             0,         0,             0,          0,            0,          0.0 ,                  98,              3,           1,                 0,           5,           5,     0
             1,         0,             1,          0,            1,          0.14,                   0,              3,           1,                 0,          11,          11,     0
             1,         1,             0,          0,            0,          0.0 ,                  76,              4,           0,                 1,           1,           1,     0
             1,         1,             0,          0,            0,          0.0 ,                 100,              3,           1,                 0,          13,          13,     0
             1,         1,             1,          1,            0,          0.0 ,                  28,              1,           0,                 0,          15,          15,     0
             0,         0,             1,          1,            0,          0.0 ,                  40,              3,           1,                 0,          13,           1,     0
             0,         0,             1,          0,            1,          0.76,                   0,              3,           1,                 0,           5,           3,     1
             1,         0,             0,          1,            1,          1.0 ,                   0,              4,           0,                 1,           5,           5,     1
             1,         1,             1,          1,            0,          0.0 ,                  37,              4,           0,                 1,           1,           1,     1
             0,         0,             0,          0,            0,          0.0 ,                  69,              3,           1,                 0,          13,           2,     0
             0,         0,             1,          1,            1,          0.34,                   0,              4,           0,                 1,          14,          12,     1
             1,         1,             0,          1,            1,          0.79,                   0,              3,           1,                 0,           2,           2,     1
             0,         0,             0,          0,            0,          0.0 ,                  87,              1,           0,                 0,          14,           9,     0
             0,         0,             0,          0,            0,          0.0 ,                  54,              4,           0,                 1,          15,          14,     0
             1,         0,             1,          1,            0,          0.0 ,                  72,              1,           0,                 0,          12,          12,     1
             0,         0,             1,          1,            0,          0.0 ,                  62,              3,           1,                 0,           9,          12,     0
             1,         0,             1,          0,            1,          0.25,                   0,              4,           0,                 1,           8,           8,     1
             0,         0,             0,          0,            1,          0.52,                   0,              3,           1,                 0,          14,          15,     1
             0,         0,             0,          1,            0,          0.0 ,                  46,              3,           1,                 0,          11,          11,     0
             0,         0,             0,          0,            0,          0.0 ,                  18,              3,           1,                 0,           7,          15,     0
             1,         0,             0,          0,            1,          0.27,                   0,              3,           1,                 0,          10,          10,     0
             1,         0,             1,          1,            1,          0.12,                   0,              4,           0,                 1,           9,           9,     1
             0,         0,             1,          0,            1,          0.59,                   0,              4,           0,                 1,           7,          12,     1
             1,         0,             0,          0,            0,          0.0 ,                  65,              4,           0,                 1,          15,          15,     0
             1,         0,             1,          0,            0,          0.0 ,                   1,              3,           1,                 0,           4,           4,     1
             1,         0,             1,          0,            1,          0.42,                   0,              4,           0,                 1,           9,           9,     1
             1,         1,             1,          0,            1,          0.59,                   0,              4,           0,                 1,          13,          13,     1
             1,         0,             1,          1,            0,          0.0 ,                  79,              3,           1,                 0,           9,           9,     0
             0,         0,             1,          1,            0,          0.0 ,                  20,              2,           0,                 0,           5,          13,     0
             1,         1,             1,          1,            0,          0.0 ,                  73,              3,           1,                 0,          12,          12,     1
             0,         0,             0,          0,            0,          0.0 ,                   3,              3,           1,                 0,          10,           4,     0
             1,         1,             1,          1,            0,          0.0 ,                  58,              3,           1,                 0,           4,           4,     1
             1,         1,             0,          0,            0,          0.0 ,                  76,              3,           1,                 0,          14,          14,     0
             0,         0,             0,          1,            0,          0.0 ,                  78,              3,           1,                 0,          10,          11,     0
             1,         0,             0,          1,            1,          0.43,                   0,              3,           1,                 0,           3,           3,     0
             0,         0,             0,          0,            0,          0.0 ,                  52,              4,           0,                 1,          15,           8,     0
             0,         0,             0,          0,            0,          0.0 ,                  42,              3,           1,                 0,          10,           8,     0
             0,         0,             1,          1,            1,          0.84,                   0,              4,           0,                 1,           9,          11,     1
             0,         0,             1,          0,            0,          0.0 ,                  17,              3,           1,                 0,           3,           8,     0
             0,         0,             0,          0,            0,          0.0 ,                  73,              3,           1,                 0,           3,           1,     0
             0,         0,             1,          1,            0,          0.0 ,                  20,              3,           1,                 0,           3,           9,     0
             0,         0,             0,          0,            1,          0.71,                   0,              2,           0,                 0,          12,          14,     1
             1,         0,             0,          1,            1,          0.79,                   0,              3,           1,                 0,           3,           3,     1
             0,         0,             0,          0,            0,          0.0 ,                  85,              4,           0,                 1,           4,           6,     0
             1,         1,             0,          0,            1,          0.71,                   0,              1,           0,                 0,           8,           8,     1
             0,         0,             0,          1,            0,          0.0 ,                  52,              3,           1,                 0,          14,           7,     0
             0,         0,             0,          0,            0,          0.0 ,                  34,              3,           1,                 0,          11,          14,     0
             0,         0,             1,          0,            0,          0.0 ,                  95,              1,           0,                 0,           5,           3,     0
             1,         0,             1,          1,            1,          0.35,                   0,              3,           1,                 0,           9,           9,     0
             0,         0,             0,          1,            1,          0.89,                   0,              2,           0,                 0,          10,           7,     1
             1,         0,             1,          0,            1,          0.46,                   0,              4,           0,                 1,           1,           1,     1
             0,         0,             0,          1,            0,          0.0 ,                  32,              3,           1,                 0,           7,           2,     0
             0,         0,             1,          0,            1,          0.46,                   0,              3,           1,                 0,           8,           3,     0
             1,         1,             1,          0,            1,          0.32,                   0,              2,           0,                 0,          12,          12,     0
             1,         0,             0,          1,            1,          0.29,                   0,              4,           0,                 1,          10,          10,     0
             1,         1,             0,          0,            1,          0.58,                   0,              1,           0,                 0,          15,          15,     1
             0,         0,             1,          0,            1,          0.32,                   0,              2,           0,                 0,           4,          10,     0
             1,         1,             0,          0,            1,          0.42,                   0,              3,           1,                 0,           2,           2,     0
             0,         0,             1,          0,            1,          0.26,                   0,              3,           1,                 0,          11,          11,     0
             1,         1,             1,          0,            1,          0.35,                   0,              2,           0,                 0,           3,           3,     0
             1,         0,             0,          1,            1,          0.88,                   0,              4,           0,                 1,          13,          13,     1
             1,         0,             0,          0,            0,          0.0 ,                  91,              4,           0,                 1,          15,          15,     0
             0,         0,             1,          1,            0,          0.0 ,                  25,              3,           1,                 0,           6,          10,     0
             1,         1,             1,          0,            1,          0.28,                   0,              4,           0,                 1,           1,           1,     1
             0,         0,             1,          0,            1,          0.43,                   0,              3,           1,                 0,           2,          10,     0
             0,         0,             1,          0,            1,          0.51,                   0,              3,           1,                 0,           4,          14,     1
             1,         0,             1,          0,            1,          0.72,                   0,              2,           0,                 0,           2,           2,     1
             0,         0,             0,          1,            0,          0.0 ,                  68,              3,           1,                 0,          11,           3,     0
             1,         1,             0,          0,            0,          0.0 ,                  66,              2,           0,                 0,           9,           9,     0
             0,         0,             0,          1,            0,          0.0 ,                  57,              3,           1,                 0,           4,           1,     0
             1,         0,             1,          1,            0,          0.0 ,                  91,              4,           0,                 1,           2,           2,     1
             0,         0,             0,          1,            1,          0.48,                   0,              2,           0,                 0,          14,          14,     0
             1,         1,             1,          0,            0,          0.0 ,                   8,              3,           1,                 0,           3,           3,     0
             1,         0,             1,          0,            1,          0.18,                   0,              3,           1,                 0,           9,           9,     0
             1,         0,             0,          1,            0,          0.0 ,                  66,              2,           0,                 0,           7,           7,     0
             0,         0,             1,          0,            0,          0.0 ,                  28,              3,           1,                 0,          10,           9,     0
             1,         1,             0,          1,            1,          0.81,                   0,              1,           0,                 0,           5,           5,     1
             0,         0,             1,          1,            0,          0.0 ,                  70,              3,           1,                 0,          14,          10,     0
             0,         0,             1,          1,            0,          0.0 ,                   4,              2,           0,                 0,          15,           3,     0
             0,         0,             1,          0,            0,          0.0 ,                  87,              3,           1,                 0,           6,          15,     0
             1,         0,             1,          0,            0,          0.0 ,                  58,              3,           1,                 0,           2,           2,     0
             0,         0,             1,          0,            1,          0.77,                   0,              3,           1,                 0,           5,           5,     0
             1,         0,             0,          1,            0,          0.0 ,                  33,              3,           1,                 0,           3,           3,     0
             1,         1,             1,          1,            1,          0.9 ,                   0,              3,           1,                 0,          11,          11,     1
             0,         0,             0,          0,            1,          0.32,                   0,              3,           1,                 0,          10,          14,     0
             1,         1,             1,          1,            0,          0.0 ,                  45,              2,           0,                 0,          15,          15,     0
             0,         0,             1,          1,            1,          0.97,                   0,              1,           0,                 0,          11,           5,     1
             0,         0,             1,          1,            1,          0.21,                   0,              4,           0,                 1,           5,           6,     1
             1,         1,             1,          0,            1,          0.82,                   0,              2,           0,                 0,           7,           7,     1
             1,         1,             1,          1,            1,          0.68,                   0,              1,           0,                 0,          15,          15,     1
             0,         0,             1,          1,            0,          0.0 ,                  43,              3,           1,                 0,           1,          14,     0
             0,         0,             1,          0,            0,          0.0 ,                  32,              4,           0,                 1,          14,          13,     1
             1,         0,             1,          0,            1,          0.76,                   0,              3,           1,                 0,           3,           3,     1
             1,         0,             0,          0,            1,          0.1 ,                   0,              3,           1,                 0,           4,           4,     0
             1,         1,             0,          1,            1,          0.85,                   0,              3,           1,                 0,          14,          14,     1
             1,         0,             1,          1,            1,          0.59,                   0,              3,           1,                 0,          14,          14,     1
             0,         0,             0,          0,            0,          0.0 ,                  39,              3,           1,                 0,          12,          10,     0
             0,         0,             0,          0,            1,          0.53,                   0,              3,           1,                 0,          15,           6,     1
             0,         0,             0,          1,            1,          0.22,                   0,              4,           0,                 1,           2,           4,     0
             1,         1,             1,          0,            0,          0.0 ,                  43,              4,           0,                 1,           3,           3,     1
             1,         1,             1,          1,            1,          0.77,                   0,              1,           0,                 0,           9,           9,     1
             1,         0,             1,          0,            1,          0.48,                   0,              4,           0,                 1,          14,          14,     1
             0,         0,             1,          1,            1,          0.64,                   0,              3,           1,                 0,           4,           6,     1
             1,         0,             1,          1,            0,          0.0 ,                  26,              3,           1,                 0,           9,           9,     0
             1,         1,             1,          0,            0,          0.0 ,                  22,              4,           0,                 1,           3,           3,     1
             1,         1,             1,          1,            0,          0.0 ,                  95,              3,           1,                 0,           6,           6,     1
             1,         1,             0,          1,            1,          0.18,                   0,              3,           1,                 0,           9,           9,     0
             1,         1,             0,          0,            1,          0.85,                   0,              3,           1,                 0,           5,           5,     1
             0,         0,             0,          1,            0,          0.0 ,                  43,              1,           0,                 0,           8,           9,     0
             0,         0,             0,          1,            1,          0.85,                   0,              4,           0,                 1,           9,          13,     1
             1,         1,             1,          1,            1,          0.99,                   0,              2,           0,                 0,           8,           8,     1
             1,         0,             1,          1,            1,          0.17,                   0,              1,           0,                 0,           5,           5,     0
             1,         1,             1,          0,            1,          0.5 ,                   0,              4,           0,                 1,          10,          10,     1
             0,         0,             1,          1,            0,          0.0 ,                  81,              1,           0,                 0,           2,          15,     0
             0,         0,             1,          0,            1,          0.32,                   0,              2,           0,                 0,          11,           8,     1
             1,         1,             1,          1,            1,          0.27,                   0,              3,           1,                 0,           8,           8,     1
             0,         0,             1,          1,            0,          0.0 ,                  17,              3,           1,                 0,           4,          14,     0
             1,         1,             1,          1,            1,          0.75,                   0,              1,           0,                 0,           2,           2,     1
             0,         0,             1,          1,            0,          0.0 ,                  15,              3,           1,                 0,          15,          13,     0
             1,         1,             1,          1,            0,          0.0 ,                  75,              3,           1,                 0,           1,           1,     1
             1,         0,             0,          1,            1,          0.51,                   0,              3,           1,                 0,          10,          10,     1
             1,         1,             1,          1,            0,          0.0 ,                  87,              3,           1,                 0,           4,           4,     1
             0,         0,             1,          1,            0,          0.0 ,                  46,              4,           0,                 1,           2,           7,     1
             1,         0,             0,          0,            0,          0.0 ,                  44,              3,           1,                 0,           6,           6,     0
             1,         1,             1,          1,            1,          0.79,                   0,              4,           0,                 1,          14,          14,     1
             1,         1,             1,          0,            1,          0.5 ,                   0,              3,           1,                 0,          15,          15,     1
             1,         0,             1,          0,            1,          0.71,                   0,              4,           0,                 1,          11,          11,     1
             1,         0,             0,          0,            0,          0.0 ,                  56,              2,           0,                 0,          15,          15,     0
             0,         0,             1,          1,            1,          0.18,                   0,              2,           0,                 0,          15,          15,     0
             1,         1,             1,          0,            0,          0.0 ,                   2,              3,           1,                 0,          13,          13,     1
             0,         0,             0,          0,            0,          0.0 ,                  97,              3,           1,                 0,           6,          11,     0
             0,         0,             1,          0,            1,          0.99,                   0,              3,           1,                 0,           5,           2,     1
             1,         1,             0,          1,            1,          0.13,                   0,              2,           0,                 0,           7,           7,     0
             1,         0,             1,          1,            1,          0.45,                   0,              1,           0,                 0,           9,           9,     0
             1,         0,             0,          1,            1,          0.45,                   0,              3,           1,                 0,          13,          13,     0
             0,         0,             0,          1,            0,          0.0 ,                  88,              3,           1,                 0,           7,          13,     0
             1,         1,             1,          1,            1,          0.2 ,                   0,              2,           0,                 0,           7,           7,     0
             0,         0,             0,          1,            0,          0.0 ,                  73,              2,           0,                 0,           2,          13,     1
             1,         1,             0,          0,            0,          0.0 ,                  77,              2,           0,                 0,          10,          10,     0
             1,         0,             0,          0,            1,          0.13,                   0,              3,           1,                 0,           3,           3,     0
             1,         0,             1,          0,            0,          0.0 ,                   8,              1,           0,                 0,           2,           2,     0
             0,         0,             0,          1,            0,          0.0 ,                  86,              3,           1,                 0,          11,          10,     0
             0,         0,             1,          0,            0,          0.0 ,                  55,              3,           1,                 0,           9,          14,     0
             0,         0,             0,          0,            1,          0.93,                   0,              2,           0,                 0,           8,           8,     1
             1,         1,             0,          1,            0,          0.0 ,                  73,              2,           0,                 0,          13,          13,     0
             1,         1,             0,          0,            1,          0.65,                   0,              3,           1,                 0,           9,           9,     1
             1,         0,             1,          0,            0,          0.0 ,                  31,              1,           0,                 0,          12,          12,     0
             1,         1,             1,          0,            1,          0.53,                   0,              3,           1,                 0,          10,          10,     1
             1,         0,             1,          0,            1,          0.3 ,                   0,              3,           1,                 0,           7,           7,     0
             0,         0,             0,          0,            0,          0.0 ,                  48,              4,           0,                 1,          14,           4,     0
             0,         0,             1,          0,            1,          0.44,                   0,              1,           0,                 0,           7,           5,     0
             1,         0,             1,          0,            0,          0.0 ,                  63,              3,           1,                 0,           3,           3,     0
             0,         0,             1,          0,            0,          0.0 ,                  10,              4,           0,                 1,          11,           3,     1
             1,         1,             0,          0,            1,          0.9 ,                   0,              3,           1,                 0,          13,          13,     1
             0,         0,             1,          0,            1,          0.72,                   0,              3,           1,                 0,           7,          14,     1
             1,         0,             1,          1,            1,          0.84,                   0,              3,           1,                 0,          10,          10,     1
             1,         1,             1,          0,            1,          0.55,                   0,              3,           1,                 0,          10,          10,     1
             0,         0,             0,          0,            0,          0.0 ,                  12,              3,           1,                 0,           5,           7,     0
             0,         0,             0,          1,            1,          0.75,                   0,              4,           0,                 1,           6,           9,     1
             1,         0,             1,          1,            1,          0.34,                   0,              3,           1,                 0,           2,           2,     0
             1,         1,             1,          1,            0,          0.0 ,                  51,              1,           0,                 0,           4,           4,     0
             0,         0,             0,          1,            0,          0.0 ,                  76,              4,           0,                 1,          12,           4,     0
             1,         1,             1,          1,            0,          0.0 ,                   5,              1,           0,                 0,           9,           9,     0
             1,         1,             0,          0,            1,          0.36,                   0,              3,           1,                 0,           2,           2,     0
             0,         0,             1,          0,            0,          0.0 ,                  59,              4,           0,                 1,           1,           7,     1
             1,         1,             1,          1,            0,          0.0 ,                  79,              3,           1,                 0,           4,           4,     1
             0,         0,             1,          0,            1,          0.41,                   0,              3,           1,                 0,           4,          13,     0
             1,         0,             0,          1,            1,          0.18,                   0,              4,           0,                 1,          11,          11,     0
             0,         0,             0,          1,            0,          0.0 ,                  34,              3,           1,                 0,          15,           7,     0
             0,         0,             1,          1,            1,          0.5 ,                   0,              4,           0,                 1,           2,          11,     1
             1,         1,             1,          0,            1,          0.67,                   0,              3,           1,                 0,          10,          10,     1
             0,         0,             1,          1,            1,          0.13,                   0,              3,           1,                 0,           4,          15,     0
             1,         0,             0,          0,            1,          0.69,                   0,              3,           1,                 0,          14,          14,     1
             0,         0,             1,          0,            0,          0.0 ,                  39,              4,           0,                 1,           4,           3,     1
             0,         0,             1,          0,            0,          0.0 ,                  54,              3,           1,                 0,          10,          14,     0
             0,         0,             1,          1,            1,          0.41,                   0,              3,           1,                 0,          12,           4,     0
             0,         0,             0,          0,            0,          0.0 ,                  55,              4,           0,                 1,          10,           2,     0
             0,         0,             0,          1,            1,          0.52,                   0,              4,           0,                 1,           4,          10,     1
             1,         0,             0,          1,            1,          0.39,                   0,              3,           1,                 0,           1,           1,     0
             0,         0,             1,          0,            1,          0.3 ,                   0,              3,           1,                 0,           1,           2,     0
             1,         1,             1,          1,            1,          0.51,                   0,              3,           1,                 0,           9,           9,     1
             1,         1,             1,          0,            0,          0.0 ,                  53,              4,           0,                 1,           8,           8,     1
             0,         0,             0,          0,            0,          0.0 ,                  46,              4,           0,                 1,          14,          13,     0
             1,         1,             0,          0,            0,          0.0 ,                  63,              4,           0,                 1,          11,          11,     0
             1,         0,             0,          1,            0,          0.0 ,                  89,              4,           0,                 1,           3,           3,     0
             0,         0,             0,          0,            1,          0.99,                   0,              3,           1,                 0,           7,          10,     0
             0,         0,             1,          0,            0,          0.0 ,                  73,              4,           0,                 1,           1,           7,     1
             0,         0,             1,          1,            0,          0.0 ,                  21,              4,           0,                 1,          12,           5,     1
             0,         0,             0,          1,            1,          0.56,                   0,              2,           0,                 0,           8,          10,     1
             1,         0,             1,          0,            1,          0.68,                   0,              3,           1,                 0,          10,          10,     0
             0,         0,             1,          0,            0,          0.0 ,                  14,              4,           0,                 1,           4,           4,     1
             0,         0,             0,          1,            0,          0.0 ,                  25,              4,           0,                 1,          14,          11,     0
             1,         0,             0,          1,            0,          0.0 ,                  93,              3,           1,                 0,          10,          10,     1
             1,         0,             0,          0,            0,          0.0 ,                  31,              4,           0,                 1,           6,           6,     0
             1,         1,             0,          1,            0,          0.0 ,                  76,              3,           1,                 0,           5,           5,     0
             1,         1,             0,          1,            0,          0.0 ,                  15,              4,           0,                 1,          12,          12,     0
             0,         0,             0,          0,            0,          0.0 ,                   8,              3,           1,                 0,          11,           9,     0
             0,         0,             1,          1,            0,          0.0 ,                  87,              3,           1,                 0,          12,          15,     0
             0,         0,             1,          0,            0,          0.0 ,                  16,              1,           0,                 0,           5,           1,     0
             1,         1,             1,          1,            1,          1.0 ,                   0,              3,           1,                 0,           1,           1,     1
             0,         0,             0,          0,            0,          0.0 ,                  33,              2,           0,                 0,           9,           4,     0
             1,         1,             0,          1,            0,          0.0 ,                  75,              3,           1,                 0,           2,           2,     0
             1,         1,             0,          0,            1,          0.48,                   0,              4,           0,                 1,           6,           6,     0
             0,         0,             0,          0,            0,          0.0 ,                   9,              4,           0,                 1,          11,          15,     0
             0,         0,             0,          1,            1,          0.24,                   0,              3,           1,                 0,           4,          10,     0
             0,         0,             1,          0,            0,          0.0 ,                  42,              3,           1,                 0,          12,          14,     0
             1,         0,             0,          0,            0,          0.0 ,                  13,              3,           1,                 0,           6,           6,     0
             0,         0,             0,          1,            1,          1.0 ,                   0,              3,           1,                 0,          13,          13,     1
             1,         0,             0,          1,            0,          0.0 ,                  54,              3,           1,                 0,          12,          12,     0
             0,         0,             1,          0,            0,          0.0 ,                  69,              3,           1,                 0,           1,          11,     1
             1,         1,             0,          0,            1,          0.97,                   0,              3,           1,                 0,           3,           3,     1
             0,         0,             1,          0,            1,          0.62,                   0,              3,           1,                 0,          15,           4,     1
             0,         0,             1,          0,            1,          0.79,                   0,              4,           0,                 1,           6,           6,     1
             0,         0,             0,          1,            1,          0.9 ,                   0,              4,           0,                 1,           6,           6,     1
             0,         0,             0,          1,            1,          0.72,                   0,              4,           0,                 1,          15,           1,     1
             1,         0,             0,          1,            1,          0.55,                   0,              4,           0,                 1,           1,           1,     1
             0,         0,             0,          1,            1,          0.74,                   0,              1,           0,                 0,          13,           2,     1
             1,         0,             0,          1,            1,          0.71,                   0,              4,           0,                 1,           1,           1,     1
             0,         0,             0,          0,            0,          0.0 ,                  39,              1,           0,                 0,          14,           3,     1
             1,         1,             1,          1,            1,          0.78,                   0,              3,           1,                 0,           2,           2,     1
             1,         1,             1,          0,            0,          0.0 ,                  12,              4,           0,                 1,           5,           5,     0
             1,         0,             1,          1,            0,          0.0 ,                  62,              1,           0,                 0,          15,          15,     1
             0,         0,             1,          1,            0,          0.0 ,                  52,              2,           0,                 0,          15,           6,     0
             0,         0,             1,          0,            0,          0.0 ,                  39,              4,           0,                 1,          14,           4,     1
             0,         0,             1,          0,            0,          0.0 ,                  63,              4,           0,                 1,           7,           3,     1
             0,         0,             0,          0,            1,          0.24,                   0,              3,           1,                 0,           3,          11,     0
             1,         0,             0,          0,            1,          1.0 ,                   0,              2,           0,                 0,           8,           8,     1
             0,         0,             0,          0,            0,          0.0 ,                  96,              3,           1,                 0,           9,           9,     0
             1,         0,             1,          1,            1,          0.62,                   0,              2,           0,                 0,          14,          14,     1
             0,         0,             0,          1,            1,          0.56,                   0,              3,           1,                 0,          11,           4,     1
             0,         0,             0,          1,            1,          0.97,                   0,              2,           0,                 0,           6,           4,     1
             0,         0,             0,          0,            1,          0.64,                   0,              4,           0,                 1,           4,           2,     1
             0,         0,             0,          0,            0,          0.0 ,                  29,              4,           0,                 1,           8,           3,     0
             1,         0,             0,          1,            0,          0.0 ,                  30,              1,           0,                 0,           6,           6,     0
             0,         0,             1,          1,            0,          0.0 ,                  69,              3,           1,                 0,          12,           5,     0
             1,         0,             1,          1,            0,          0.0 ,                  55,              3,           1,                 0,           2,           2,     0
             0,         0,             0,          0,            1,          0.31,                   0,              3,           1,                 0,           9,           2,     0
             0,         0,             0,          1,            1,          0.26,                   0,              3,           1,                 0,           5,          14,     0
             1,         0,             1,          0,            1,          0.48,                   0,              4,           0,                 1,          11,          11,     1
             1,         1,             1,          1,            1,          0.72,                   0,              4,           0,                 1,           1,           1,     0
             0,         0,             1,          1,            1,          0.83,                   0,              4,           0,                 1,           7,          14,     1
             1,         0,             1,          1,            0,          0.0 ,                  21,              4,           0,                 1,           8,           8,     1
             1,         0,             1,          1,            0,          0.0 ,                  51,              2,           0,                 0,          15,          15,     0
             1,         1,             0,          1,            0,          0.0 ,                  43,              3,           1,                 0,           5,           5,     0
             0,         0,             1,          1,            1,          0.86,                   0,              3,           1,                 0,           4,           8,     1
             0,         0,             0,          1,            0,          0.0 ,                   6,              3,           1,                 0,          15,          10,     0
             1,         1,             0,          0,            0,          0.0 ,                  91,              4,           0,                 1,           8,           8,     0
             0,         0,             0,          0,            0,          0.0 ,                  26,              3,           1,                 0,           8,           6,     0
             1,         1,             1,          1,            0,          0.0 ,                  39,              3,           1,                 0,          14,          14,     1
             0,         0,             1,          1,            1,          0.45,                   0,              3,           1,                 0,           6,           5,     1
             1,         0,             0,          1,            0,          0.0 ,                  76,              3,           1,                 0,           1,           1,     0
             0,         0,             0,          0,            0,          0.0 ,                  77,              4,           0,                 1,          12,           8,     0
             0,         0,             1,          1,            0,          0.0 ,                   4,              3,           1,                 0,          12,           2,     0
             0,         0,             1,          1,            1,          0.59,                   0,              3,           1,                 0,           3,           1,     1
             1,         0,             0,          0,            1,          0.37,                   0,              3,           1,                 0,           4,           4,     0
             1,         0,             0,          1,            0,          0.0 ,                  29,              3,           1,                 0,           7,           7,     0
             1,         1,             1,          0,            0,          0.0 ,                   8,              1,           0,                 0,          12,          12,     0
             1,         1,             0,          1,            0,          0.0 ,                  31,              4,           0,                 1,          11,          11,     0
             0,         0,             1,          0,            1,          0.75,                   0,              3,           1,                 0,           5,           1,     1
             1,         1,             1,          0,            0,          0.0 ,                  44,              4,           0,                 1,           7,           7,     1
             0,         0,             1,          1,            1,          0.19,                   0,              2,           0,                 0,           9,           2,     0
             0,         0,             1,          1,            1,          0.22,                   0,              4,           0,                 1,          14,          11,     1
             0,         0,             1,          0,            0,          0.0 ,                  56,              3,           1,                 0,           7,          11,     0
             0,         0,             1,          1,            0,          0.0 ,                   9,              3,           1,                 0,           9,          13,     0
             1,         0,             0,          0,            1,          0.99,                   0,              4,           0,                 1,          12,          12,     1
             0,         0,             1,          0,            0,          0.0 ,                 100,              3,           1,                 0,           3,          11,     0
             0,         0,             0,          1,            0,          0.0 ,                   6,              2,           0,                 0,          14,           1,     0
             0,         0,             1,          0,            1,          0.17,                   0,              4,           0,                 1,           1,          12,     1
             1,         0,             0,          1,            1,          0.27,                   0,              3,           1,                 0,           6,           6,     0
             0,         0,             1,          1,            1,          0.5 ,                   0,              2,           0,                 0,           9,           7,     0
             0,         0,             1,          1,            0,          0.0 ,                  36,              3,           1,                 0,          12,           8,     0
             0,         0,             0,          1,            0,          0.0 ,                  49,              3,           1,                 0,           1,          10,     0
             1,         0,             1,          0,            1,          0.69,                   0,              4,           0,                 1,           6,           6,     1
             0,         0,             1,          0,            1,          0.46,                   0,              3,           1,                 0,          15,           8,     0
             1,         0,             0,          0,            1,          0.18,                   0,              3,           1,                 0,           1,           1,     0
             0,         0,             0,          0,            1,          0.23,                   0,              3,           1,                 0,           7,          15,     0
             0,         0,             0,          0,            0,          0.0 ,                  56,              3,           1,                 0,           2,          13,     0
             0,         0,             1,          1,            0,          0.0 ,                  54,              1,           0,                 0,          13,           9,     0
             1,         0,             0,          0,            1,          0.3 ,                   0,              3,           1,                 0,           1,           1,     0
             0,         0,             1,          0,            0,          0.0 ,                  18,              3,           1,                 0,           7,           6,     0
             1,         0,             0,          1,            1,          0.31,                   0,              3,           1,                 0,           6,           6,     0
             0,         0,             1,          1,            1,          0.1 ,                   0,              3,           1,                 0,           5,          13,     0
             0,         0,             1,          0,            0,          0.0 ,                  99,              2,           0,                 0,          11,          10,     0
             1,         0,             1,          0,            0,          0.0 ,                  95,              4,           0,                 1,           2,           2,     1
             1,         0,             1,          1,            0,          0.0 ,                  89,              3,           1,                 0,          13,          13,     0
             1,         1,             1,          1,            0,          0.0 ,                   1,              2,           0,                 0,           1,           1,     0
             1,         1,             1,          0,            1,          0.8 ,                   0,              3,           1,                 0,           1,           1,     1
             1,         0,             0,          0,            1,          0.75,                   0,              2,           0,                 0,           9,           9,     1
             0,         0,             0,          1,            0,          0.0 ,                 100,              4,           0,                 1,          14,           8,     0
             0,         0,             0,          0,            0,          0.0 ,                  62,              3,           1,                 0,           5,          14,     0
             1,         0,             1,          0,            0,          0.0 ,                  15,              4,           0,                 1,          12,          12,     1
             0,         0,             0,          1,            1,          0.62,                   0,              3,           1,                 0,           1,          12,     1
             0,         0,             1,          1,            0,          0.0 ,                  38,              3,           1,                 0,           6,          12,     0
             0,         0,             0,          0,            1,          0.82,                   0,              4,           0,                 1,          11,          10,     1
             0,         0,             0,          1,            1,          0.97,                   0,              2,           0,                 0,           4,          11,     1
             1,         0,             1,          0,            1,          0.12,                   0,              4,           0,                 1,           5,           5,     1
             1,         1,             0,          1,            0,          0.0 ,                  59,              4,           0,                 1,           3,           3,     0
             0,         0,             1,          0,            0,          0.0 ,                  96,              4,           0,                 1,           9,           9,     1
             1,         0,             1,          1,            0,          0.0 ,                  56,              3,           1,                 0,          10,          10,     0
             0,         0,             1,          1,            0,          0.0 ,                   5,              3,           1,                 0,           1,           6,     0
             1,         0,             0,          1,            1,          0.57,                   0,              3,           1,                 0,           5,           5,     1
             1,         1,             1,          0,            0,          0.0 ,                  62,              4,           0,                 1,           6,           6,     1
             0,         0,             1,          0,            1,          0.8 ,                   0,              4,           0,                 1,          13,           1,     1
             0,         0,             1,          1,            0,          0.0 ,                  10,              3,           1,                 0,          11,           9,     0
             0,         0,             0,          0,            0,          0.0 ,                  35,              3,           1,                 0,           5,           6,     0
             1,         0,             0,          1,            0,          0.0 ,                  45,              4,           0,                 1,          15,          15,     0
             0,         0,             1,          1,            1,          0.81,                   0,              3,           1,                 0,           5,           1,     0
             0,         0,             0,          1,            1,          0.69,                   0,              3,           1,                 0,           9,          10,     0
             1,         0,             1,          0,            0,          0.0 ,                  84,              4,           0,                 1,          11,          11,     1
             1,         0,             0,          1,            0,          0.0 ,                  88,              3,           1,                 0,           6,           6,     0
             0,         0,             1,          0,            1,          0.96,                   0,              4,           0,                 1,           2,           1,     1
             1,         1,             1,          0,            1,          0.15,                   0,              3,           1,                 0,           2,           2,     1
             1,         0,             0,          1,            0,          0.0 ,                  16,              1,           0,                 0,           2,           2,     0
             0,         0,             0,          1,            0,          0.0 ,                  74,              4,           0,                 1,           5,           8,     0
             1,         0,             0,          1,            1,          0.48,                   0,              2,           0,                 0,          12,          12,     0
             1,         1,             1,          0,            0,          0.0 ,                  21,              3,           1,                 0,          15,          15,     1
             0,         0,             1,          1,            0,          0.0 ,                  42,              3,           1,                 0,          10,          10,     0
             0,         0,             1,          1,            0,          0.0 ,                  23,              3,           1,                 0,          13,           8,     0
             0,         0,             0,          1,            1,          0.6 ,                   0,              2,           0,                 0,          13,          12,     1
             0,         0,             1,          0,            1,          0.53,                   0,              4,           0,                 1,          12,           5,     1
             0,         0,             0,          0,            0,          0.0 ,                  65,              3,           1,                 0,           5,          13,     1
             1,         1,             1,          0,            1,          0.23,                   0,              2,           0,                 0,           3,           3,     0
             1,         1,             0,          1,            1,          0.13,                   0,              4,           0,                 1,          10,          10,     0
             1,         1,             1,          0,            0,          0.0 ,                  72,              2,           0,                 0,           6,           6,     0
             0,         0,             1,          1,            0,          0.0 ,                  90,              4,           0,                 1,           8,           5,     1
             1,         1,             1,          1,            1,          0.9 ,                   0,              4,           0,                 1,          15,          15,     1
             0,         0,             0,          1,            1,          0.84,                   0,              3,           1,                 0,          15,           9,     1
             1,         0,             0,          1,            0,          0.0 ,                   7,              3,           1,                 0,          14,          14,     0
             0,         0,             1,          1,            0,          0.0 ,                  79,              3,           1,                 0,          10,          13,     0
             0,         0,             0,          0,            1,          0.57,                   0,              4,           0,                 1,          14,          11,     1
             0,         0,             1,          1,            0,          0.0 ,                  75,              4,           0,                 1,           2,           1,     1
             0,         0,             1,          0,            0,          0.0 ,                  38,              4,           0,                 1,           9,           5,     1
             1,         0,             1,          1,            1,          0.31,                   0,              1,           0,                 0,           3,           3,     0
             0,         0,             0,          0,            1,          0.19,                   0,              4,           0,                 1,           7,           6,     0
             0,         0,             0,          0,            1,          0.55,                   0,              3,           1,                 0,          15,           7,     1
             1,         1,             0,          1,            1,          0.46,                   0,              3,           1,                 0,          12,          12,     0
             0,         0,             1,          0,            1,          0.63,                   0,              3,           1,                 0,           2,           2,     1
             0,         0,             0,          0,            1,          0.58,                   0,              3,           1,                 0,           5,          13,     1
             1,         1,             1,          1,            1,          0.73,                   0,              4,           0,                 1,           2,           2,     1
             0,         0,             0,          0,            0,          0.0 ,                  60,              4,           0,                 1,           8,          11,     0
             0,         0,             0,          1,            0,          0.0 ,                  49,              4,           0,                 1,          13,           2,     0
             0,         0,             0,          1,            1,          0.36,                   0,              2,           0,                 0,           7,           4,     0
             1,         1,             1,          1,            0,          0.0 ,                  82,              3,           1,                 0,           7,           7,     1
             0,         0,             1,          0,            0,          0.0 ,                  47,              3,           1,                 0,           3,          10,     0
             1,         1,             1,          0,            1,          0.66,                   0,              2,           0,                 0,           2,           2,     1
             1,         1,             0,          0,            0,          0.0 ,                  53,              3,           1,                 0,           1,           1,     0
             0,         0,             0,          0,            0,          0.0 ,                  14,              3,           1,                 0,          13,          15,     0
             1,         0,             1,          0,            1,          0.61,                   0,              1,           0,                 0,          11,          11,     0
             1,         0,             0,          1,            1,          0.55,                   0,              4,           0,                 1,           4,           4,     1
             0,         0,             0,          1,            1,          0.95,                   0,              3,           1,                 0,           3,           9,     1
             0,         0,             1,          0,            1,          0.73,                   0,              4,           0,                 1,          14,           5,     1
             1,         1,             0,          1,            1,          0.4 ,                   0,              3,           1,                 0,          15,          15,     0
             1,         1,             0,          1,            1,          0.98,                   0,              2,           0,                 0,          12,          12,     1
             0,         0,             0,          1,            0,          0.0 ,                  47,              2,           0,                 0,           5,          15,     0
             1,         0,             0,          1,            0,          0.0 ,                  62,              4,           0,                 1,           8,           8,     0
             0,         0,             1,          1,            0,          0.0 ,                  72,              4,           0,                 1,          15,          14,     1
             1,         1,             1,          0,            0,          0.0 ,                  55,              3,           1,                 0,           2,           2,     1
             1,         0,             1,          1,            1,          0.14,                   0,              4,           0,                 1,           1,           1,     1
             1,         1,             0,          0,            1,          0.44,                   0,              3,           1,                 0,          15,          15,     0
             0,         0,             0,          0,            0,          0.0 ,                  58,              4,           0,                 1,           4,           7,     0
             1,         1,             1,          0,            0,          0.0 ,                  31,              3,           1,                 0,          14,          14,     0
             0,         0,             1,          1,            1,          0.21,                   0,              1,           0,                 0,           8,          11,     0
             1,         1,             1,          1,            0,          0.0 ,                  99,              4,           0,                 1,          10,          10,     1
             0,         0,             1,          0,            1,          0.78,                   0,              1,           0,                 0,          15,           2,     1
             1,         1,             1,          0,            1,          0.94,                   0,              3,           1,                 0,          11,          11,     1
             0,         0,             1,          0,            0,          0.0 ,                  76,              4,           0,                 1,          11,           9,     1
             1,         1,             1,          0,            1,          0.93,                   0,              3,           1,                 0,          12,          12,     1
             0,         0,             1,          1,            0,          0.0 ,                  35,              3,           1,                 0,           5,           3,     0
             1,         1,             0,          1,            0,          0.0 ,                  90,              2,           0,                 0,           8,           8,     0
             1,         0,             0,          0,            0,          0.0 ,                  63,              3,           1,                 0,           3,           3,     0
             1,         0,             0,          1,            0,          0.0 ,                  42,              1,           0,                 0,          14,          14,     0
             1,         0,             0,          0,            0,          0.0 ,                  18,              4,           0,                 1,          12,          12,     0
             1,         1,             0,          0,            1,          0.75,                   0,              3,           1,                 0,          10,          10,     1
             0,         0,             0,          0,            0,          0.0 ,                  77,              3,           1,                 0,           4,          15,     0
             0,         0,             1,          0,            1,          0.82,                   0,              4,           0,                 1,          14,          13,     1
             0,         0,             1,          1,            1,          0.84,                   0,              4,           0,                 1,           9,          15,     1
             1,         1,             0,          1,            0,          0.0 ,                  53,              3,           1,                 0,          12,          12,     0
             0,         0,             1,          1,            0,          0.0 ,                  93,              3,           1,                 0,           9,           3,     0
             0,         0,             1,          1,            1,          0.86,                   0,              3,           1,                 0,           8,           4,     1
             0,         0,             1,          0,            0,          0.0 ,                  82,              3,           1,                 0,           8,           7,     0
             0,         0,             0,          0,            1,          0.5 ,                   0,              3,           1,                 0,           8,           7,     0
             0,         0,             0,          0,            0,          0.0 ,                  80,              3,           1,                 0,           2,          14,     0
             0,         0,             1,          0,            0,          0.0 ,                   2,              1,           0,                 0,          12,          12,     0
             0,         0,             0,          0,            1,          0.67,                   0,              3,           1,                 0,          12,           5,     1
             1,         0,             1,          0,            1,          0.86,                   0,              2,           0,                 0,           8,           8,     1
             1,         1,             1,          0,            1,          0.78,                   0,              4,           0,                 1,           1,           1,     1
             0,         0,             1,          0,            1,          0.69,                   0,              2,           0,                 0,           1,          10,     1
             0,         0,             1,          1,            0,          0.0 ,                  79,              4,           0,                 1,           5,           4,     1
             1,         0,             0,          1,            0,          0.0 ,                  59,              1,           0,                 0,           9,           9,     0
             0,         0,             1,          0,            0,          0.0 ,                   9,              1,           0,                 0,           7,          14,     0
             1,         0,             1,          1,            0,          0.0 ,                  22,              1,           0,                 0,           7,           7,     0
             1,         1,             0,          0,            1,          0.63,                   0,              4,           0,                 1,          15,          15,     1
             1,         1,             1,          0,            1,          0.48,                   0,              4,           0,                 1,           5,           5,     1
             1,         1,             0,          1,            0,          0.0 ,                  49,              2,           0,                 0,          15,          15,     0
             1,         1,             1,          0,            0,          0.0 ,                  40,              2,           0,                 0,          11,          11,     0
             1,         0,             1,          1,            0,          0.0 ,                  22,              4,           0,                 1,          15,          15,     1
             1,         0,             0,          1,            0,          0.0 ,                  54,              3,           1,                 0,           8,           8,     0
             0,         0,             0,          1,            0,          0.0 ,                   2,              4,           0,                 1,           3,           9,     0
             0,         0,             1,          0,            0,          0.0 ,                  17,              3,           1,                 0,          13,           7,     0
             1,         1,             0,          1,            0,          0.0 ,                  81,              3,           1,                 0,           6,           6,     0
             0,         0,             1,          1,            0,          0.0 ,                   1,              3,           1,                 0,           3,          15,     0
             0,         0,             0,          1,            0,          0.0 ,                  99,              2,           0,                 0,           7,          11,     0
             0,         0,             1,          1,            0,          0.0 ,                  62,              3,           1,                 0,          12,           8,     0
             1,         0,             1,          0,            1,          0.97,                   0,              3,           1,                 0,          15,          15,     1
             1,         0,             1,          0,            0,          0.0 ,                  51,              4,           0,                 1,           7,           7,     1
             0,         0,             0,          0,            0,          0.0 ,                  99,              3,           1,                 0,           2,          10,     0
             1,         0,             1,          0,            1,          0.64,                   0,              3,           1,                 0,          12,          12,     1
             0,         0,             1,          1,            0,          0.0 ,                  87,              1,           0,                 0,          12,          15,     0
             0,         0,             0,          0,            0,          0.0 ,                  85,              3,           1,                 0,           5,          14,     0
             0,         0,             1,          1,            1,          0.9 ,                   0,              3,           1,                 0,           7,           7,     1
             0,         0,             1,          1,            1,          0.36,                   0,              4,           0,                 1,          15,           2,     1
             1,         0,             0,          0,            0,          0.0 ,                  28,              3,           1,                 0,           1,           1,     0
             1,         0,             0,          1,            0,          0.0 ,                  32,              2,           0,                 0,           6,           6,     0
             1,         1,             1,          1,            0,          0.0 ,                  17,              3,           1,                 0,           1,           1,     1
             1,         0,             0,          0,            0,          0.0 ,                  59,              3,           1,                 0,           9,           9,     0
             0,         0,             0,          0,            1,          0.31,                   0,              3,           1,                 0,           1,          14,     0
             0,         0,             1,          1,            1,          0.6 ,                   0,              3,           1,                 0,           7,           2,     1
             0,         0,             0,          1,            0,          0.0 ,                  54,              3,           1,                 0,           1,          13,     0
             1,         1,             1,          1,            0,          0.0 ,                   2,              3,           1,                 0,           9,           9,     1
             0,         0,             1,          0,            0,          0.0 ,                  25,              3,           1,                 0,           2,          10,     0
             0,         0,             1,          0,            1,          0.82,                   0,              2,           0,                 0,          14,          15,     1
             0,         0,             0,          1,            1,          0.99,                   0,              2,           0,                 0,           7,           8,     1
             1,         0,             1,          1,            0,          0.0 ,                  10,              4,           0,                 1,           3,           3,     1
             0,         0,             0,          1,            1,          0.84,                   0,              3,           1,                 0,           5,           5,     1
             1,         0,             0,          0,            1,          0.92,                   0,              3,           1,                 0,           8,           8,     1
             1,         0,             0,          0,            1,          0.54,                   0,              3,           1,                 0,          14,          14,     1
             0,         0,             0,          1,            1,          0.98,                   0,              3,           1,                 0,           4,          13,     1
             0,         0,             1,          1,            1,          0.25,                   0,              4,           0,                 1,          11,          11,     1
             0,         0,             0,          0,            1,          0.7 ,                   0,              3,           1,                 0,          11,           2,     1
             0,         0,             1,          1,            0,          0.0 ,                  12,              3,           1,                 0,           5,           8,     1
             0,         0,             1,          1,            0,          0.0 ,                  67,              4,           0,                 1,          13,           2,     1
             1,         1,             0,          1,            0,          0.0 ,                  42,              2,           0,                 0,          11,          11,     0
             1,         1,             0,          1,            1,          0.65,                   0,              4,           0,                 1,          10,          10,     1
             1,         1,             0,          1,            0,          0.0 ,                  32,              4,           0,                 1,           2,           2,     0
             1,         1,             0,          1,            1,          0.93,                   0,              1,           0,                 0,           4,           4,     1
             1,         1,             0,          1,            1,          0.31,                   0,              3,           1,                 0,          13,          13,     0
             1,         1,             0,          1,            0,          0.0 ,                  98,              4,           0,                 1,          14,          14,     0
             0,         0,             0,          0,            0,          0.0 ,                  67,              4,           0,                 1,           4,           9,     0
             1,         0,             1,          1,            0,          0.0 ,                  47,              3,           1,                 0,          15,          15,     0
             0,         0,             0,          1,            0,          0.0 ,                  78,              2,           0,                 0,          12,           2,     0
             0,         0,             1,          1,            0,          0.0 ,                  17,              2,           0,                 0,           6,           3,     0
             0,         0,             0,          0,            1,          0.82,                   0,              1,           0,                 0,           7,           5,     1
             0,         0,             1,          1,            1,          0.48,                   0,              3,           1,                 0,          11,           1,     1
             1,         0,             0,          1,            1,          0.2 ,                   0,              3,           1,                 0,          12,          12,     0
             0,         0,             1,          1,            1,          0.87,                   0,              3,           1,                 0,          12,           6,     1
             0,         0,             0,          0,            1,          0.54,                   0,              3,           1,                 0,           7,           6,     1
             0,         0,             1,          0,            1,          0.85,                   0,              4,           0,                 1,          14,           3,     1
             1,         0,             0,          0,            1,          0.33,                   0,              4,           0,                 1,           6,           6,     0
             1,         1,             0,          0,            0,          0.0 ,                  49,              3,           1,                 0,           4,           4,     0
             1,         0,             1,          0,            1,          0.5 ,                   0,              4,           0,                 1,           7,           7,     1
             1,         1,             0,          0,            1,          0.29,                   0,              3,           1,                 0,          15,          15,     0
             0,         0,             0,          0,            1,          0.9 ,                   0,              4,           0,                 1,          14,           7,     1
             1,         1,             1,          0,            0,          0.0 ,                   4,              3,           1,                 0,          15,          15,     1
             1,         1,             0,          1,            0,          0.0 ,                  65,              3,           1,                 0,           3,           3,     0
             1,         0,             1,          0,            0,          0.0 ,                  25,              3,           1,                 0,           7,           7,     0
             0,         0,             1,          1,            0,          0.0 ,                  47,              1,           0,                 0,          13,          14,     0
             1,         0,             1,          0,            1,          0.97,                   0,              3,           1,                 0,           9,           9,     1
             0,         0,             0,          1,            0,          0.0 ,                  38,              3,           1,                 0,           7,           8,     0
             1,         0,             0,          0,            0,          0.0 ,                  11,              1,           0,                 0,          10,          10,     1
             1,         0,             0,          0,            0,          0.0 ,                  51,              3,           1,                 0,          13,          13,     0
             1,         1,             0,          1,            1,          1.0 ,                   0,              4,           0,                 1,          15,          15,     1
             0,         0,             1,          0,            0,          0.0 ,                  35,              3,           1,                 0,           4,           8,     0
             1,         0,             1,          0,            1,          0.67,                   0,              3,           1,                 0,           5,           5,     1
             0,         0,             1,          1,            1,          0.28,                   0,              3,           1,                 0,          10,          11,     0
             1,         1,             1,          0,            0,          0.0 ,                  80,              1,           0,                 0,          14,          14,     0
             1,         0,             1,          1,            0,          0.0 ,                  55,              3,           1,                 0,           2,           2,     0
             1,         1,             1,          1,            1,          0.65,                   0,              3,           1,                 0,           1,           1,     1
             0,         0,             1,          0,            0,          0.0 ,                  89,              3,           1,                 0,           2,           9,     1
             0,         0,             1,          1,            1,          0.5 ,                   0,              3,           1,                 0,           7,          10,     1
             1,         1,             1,          1,            0,          0.0 ,                  86,              2,           0,                 0,           2,           2,     0
             0,         0,             0,          0,            1,          0.83,                   0,              3,           1,                 0,           3,          14,     1
             1,         1,             0,          0,            0,          0.0 ,                  57,              4,           0,                 1,          14,          14,     0
             1,         1,             0,          1,            0,          0.0 ,                  61,              4,           0,                 1,           6,           6,     0
             1,         1,             1,          0,            0,          0.0 ,                  28,              4,           0,                 1,          13,          13,     1
             1,         1,             1,          1,            0,          0.0 ,                  22,              3,           1,                 0,           2,           2,     1
             1,         1,             0,          1,            1,          0.82,                   0,              1,           0,                 0,          11,          11,     1
             1,         1,             1,          1,            0,          0.0 ,                  95,              3,           1,                 0,           1,           1,     1
             0,         0,             1,          1,            1,          0.66,                   0,              3,           1,                 0,          14,           5,     1
             0,         0,             1,          1,            1,          0.13,                   0,              2,           0,                 0,          11,          13,     1
             1,         0,             1,          1,            1,          0.15,                   0,              4,           0,                 1,          12,          12,     1
             0,         0,             1,          0,            0,          0.0 ,                   4,              4,           0,                 1,          14,           5,     1
             1,         0,             1,          0,            0,          0.0 ,                  71,              3,           1,                 0,          14,          14,     0
             1,         1,             1,          1,            1,          0.71,                   0,              2,           0,                 0,           8,           8,     1
             0,         0,             0,          1,            1,          0.44,                   0,              2,           0,                 0,           1,           6,     0
             0,         0,             1,          0,            0,          0.0 ,                  47,              2,           0,                 0,           5,           8,     0
             1,         0,             1,          1,            1,          0.64,                   0,              3,           1,                 0,           3,           3,     1
             0,         0,             1,          0,            0,          0.0 ,                  60,              3,           1,                 0,          13,          10,     0
             0,         0,             1,          0,            0,          0.0 ,                  97,              3,           1,                 0,          11,          15,     0
             1,         1,             0,          0,            1,          0.53,                   0,              2,           0,                 0,           5,           5,     1
             0,         0,             1,          1,            1,          0.15,                   0,              3,           1,                 0,           5,          10,     0
             1,         1,             1,          1,            0,          0.0 ,                  52,              2,           0,                 0,          12,          12,     0
             0,         0,             1,          1,            0,          0.0 ,                  16,              3,           1,                 0,           5,           9,     0
             0,         0,             1,          0,            1,          0.19,                   0,              3,           1,                 0,           2,          13,     0
             0,         0,             1,          1,            0,          0.0 ,                  42,              1,           0,                 0,          13,          12,     0
             0,         0,             1,          1,            0,          0.0 ,                   3,              4,           0,                 1,          10,           9,     1
             1,         0,             1,          0,            1,          0.72,                   0,              3,           1,                 0,          11,          11,     1
             1,         1,             0,          0,            1,          0.74,                   0,              4,           0,                 1,          14,          14,     1
             0,         0,             1,          0,            1,          0.88,                   0,              2,           0,                 0,           6,           1,     1
             1,         1,             0,          1,            0,          0.0 ,                  85,              4,           0,                 1,           9,           9,     0
             0,         0,             1,          1,            0,          0.0 ,                  74,              3,           1,                 0,           3,           6,     0
             1,         0,             1,          0,            1,          0.89,                   0,              3,           1,                 0,           6,           6,     1
             0,         0,             1,          1,            0,          0.0 ,                   7,              2,           0,                 0,          13,          15,     0
             0,         0,             1,          0,            0,          0.0 ,                  71,              4,           0,                 1,           8,          14,     1
             1,         0,             1,          0,            0,          0.0 ,                  93,              3,           1,                 0,           2,           2,     0
             1,         0,             1,          1,            0,          0.0 ,                  31,              4,           0,                 1,          11,          11,     1
             0,         0,             1,          1,            1,          0.4 ,                   0,              3,           1,                 0,          11,           5,     0
             0,         0,             0,          1,            0,          0.0 ,                  87,              3,           1,                 0,           9,          14,     0
             1,         1,             1,          0,            1,          0.54,                   0,              3,           1,                 0,          15,          15,     1
             1,         1,             0,          1,            1,          0.73,                   0,              4,           0,                 1,           9,           9,     1
             1,         0,             0,          0,            0,          0.0 ,                  16,              3,           1,                 0,           4,           4,     0
             1,         0,             0,          1,            1,          0.15,                   0,              3,           1,                 0,           2,           2,     1
             1,         0,             0,          1,            1,          0.6 ,                   0,              3,           1,                 0,          14,          14,     1
             0,         0,             1,          1,            0,          0.0 ,                  76,              3,           1,                 0,          10,           2,     0
             0,         0,             1,          1,            0,          0.0 ,                  20,              3,           1,                 0,           6,          11,     0
             0,         0,             1,          0,            0,          0.0 ,                  35,              3,           1,                 0,           2,           7,     1
             0,         0,             0,          1,            0,          0.0 ,                  84,              4,           0,                 1,           5,           1,     0
             1,         0,             0,          1,            0,          0.0 ,                  95,              3,           1,                 0,          15,          15,     0
             0,         0,             1,          0,            0,          0.0 ,                   2,              2,           0,                 0,           3,           9,     0
             1,         1,             0,          0,            1,          0.83,                   0,              1,           0,                 0,           8,           8,     0
             1,         1,             0,          1,            1,          0.28,                   0,              3,           1,                 0,          14,          14,     0
             0,         0,             0,          0,            0,          0.0 ,                  52,              3,           1,                 0,           3,          14,     0
             0,         0,             0,          1,            0,          0.0 ,                  55,              4,           0,                 1,           5,          15,     0
             1,         0,             1,          1,            0,          0.0 ,                  72,              1,           0,                 0,           3,           3,     0
             1,         1,             0,          0,            1,          0.94,                   0,              2,           0,                 0,           2,           2,     0
             0,         0,             0,          1,            0,          0.0 ,                  72,              2,           0,                 0,           9,           6,     0
             0,         0,             0,          0,            1,          0.67,                   0,              3,           1,                 0,          15,           6,     1
             1,         1,             1,          0,            1,          0.67,                   0,              3,           1,                 0,          13,          13,     0
             0,         0,             0,          0,            1,          0.68,                   0,              3,           1,                 0,          11,           3,     1
             1,         1,             0,          0,            0,          0.0 ,                  13,              3,           1,                 0,          13,          13,     0
             1,         1,             1,          0,            1,          0.56,                   0,              2,           0,                 0,           2,           2,     1
             0,         0,             0,          0,            0,          0.0 ,                  54,              3,           1,                 0,           4,           8,     0
             0,         0,             1,          1,            0,          0.0 ,                  86,              3,           1,                 0,           5,           8,     0
             0,         0,             1,          1,            1,          0.64,                   0,              2,           0,                 0,          13,           7,     1
             1,         1,             0,          1,            0,          0.0 ,                  13,              4,           0,                 1,           4,           4,     0
             1,         1,             1,          0,            1,          0.76,                   0,              4,           0,                 1,          14,          14,     1
             1,         1,             1,          0,            0,          0.0 ,                  13,              3,           1,                 0,           4,           4,     1
             1,         1,             1,          0,            1,          0.94,                   0,              4,           0,                 1,           3,           3,     1
             1,         0,             0,          1,            0,          0.0 ,                  34,              4,           0,                 1,           2,           2,     0
             0,         0,             1,          1,            0,          0.0 ,                  71,              2,           0,                 0,           3,          12,     0
             1,         1,             0,          0,            1,          0.73,                   0,              3,           1,                 0,           8,           8,     1
             1,         0,             0,          0,            1,          0.28,                   0,              2,           0,                 0,           9,           9,     0
             1,         0,             1,          1,            1,          0.2 ,                   0,              4,           0,                 1,           3,           3,     1
             1,         0,             0,          0,            1,          0.13,                   0,              4,           0,                 1,           4,           4,     1
             1,         1,             0,          0,            0,          0.0 ,                  24,              4,           0,                 1,          14,          14,     0
             1,         0,             1,          1,            1,          0.74,                   0,              4,           0,                 1,          10,          10,     1
             1,         1,             0,          0,            0,          0.0 ,                  27,              3,           1,                 0,          13,          13,     0
             0,         0,             0,          0,            0,          0.0 ,                  73,              4,           0,                 1,           6,          12,     0
             1,         1,             0,          1,            0,          0.0 ,                  83,              1,           0,                 0,          12,          12,     0
             1,         0,             0,          1,            1,          0.13,                   0,              3,           1,                 0,           7,           7,     0
             0,         0,             1,          1,            1,          0.16,                   0,              3,           1,                 0,           2,           8,     0
             1,         0,             0,          0,            0,          0.0 ,                  40,              2,           0,                 0,          15,          15,     0
             0,         0,             1,          1,            1,          0.25,                   0,              1,           0,                 0,           7,           5,     0
             0,         0,             1,          0,            1,          0.97,                   0,              4,           0,                 1,          10,           7,     1
             1,         1,             0,          1,            0,          0.0 ,                  55,              4,           0,                 1,           7,           7,     0
             0,         0,             0,          0,            1,          0.58,                   0,              4,           0,                 1,           8,           4,     1
             1,         0,             0,          0,            1,          0.68,                   0,              4,           0,                 1,           6,           6,     1
             0,         0,             1,          0,            1,          0.41,                   0,              2,           0,                 0,           1,           8,     0
             1,         0,             0,          0,            0,          0.0 ,                  54,              1,           0,                 0,           9,           9,     0
             1,         1,             0,          0,            1,          0.76,                   0,              2,           0,                 0,          14,          14,     1
             1,         0,             0,          0,            1,          0.98,                   0,              3,           1,                 0,           1,           1,     1
             1,         0,             0,          1,            0,          0.0 ,                  49,              3,           1,                 0,          12,          12,     0
             1,         1,             1,          1,            0,          0.0 ,                  53,              3,           1,                 0,           1,           1,     1
             1,         1,             1,          1,            1,          0.7 ,                   0,              2,           0,                 0,          14,          14,     1
             0,         0,             0,          0,            1,          0.28,                   0,              3,           1,                 0,           8,           2,     1
             0,         0,             0,          0,            0,          0.0 ,                  86,              4,           0,                 1,           1,           4,     0
             0,         0,             1,          0,            1,          0.53,                   0,              3,           1,                 0,          11,           2,     1
             1,         1,             0,          0,            1,          0.14,                   0,              1,           0,                 0,           5,           5,     0
             1,         0,             0,          1,            1,          0.63,                   0,              3,           1,                 0,          11,          11,     1
             0,         0,             0,          0,            1,          0.46,                   0,              1,           0,                 0,           2,           6,     0
             1,         0,             1,          0,            1,          0.67,                   0,              4,           0,                 1,           1,           1,     1
             0,         0,             1,          0,            0,          0.0 ,                  53,              3,           1,                 0,          14,           8,     0
             1,         1,             1,          1,            1,          0.79,                   0,              3,           1,                 0,           4,           4,     1
             1,         1,             1,          1,            1,          0.17,                   0,              3,           1,                 0,          14,          14,     1
             1,         0,             0,          1,            1,          0.61,                   0,              3,           1,                 0,           9,           9,     1
             1,         0,             1,          0,            0,          0.0 ,                  86,              4,           0,                 1,           9,           9,     1
             1,         0,             0,          1,            1,          0.91,                   0,              3,           1,                 0,           5,           5,     1
             0,         0,             0,          0,            1,          0.3 ,                   0,              4,           0,                 1,          14,           5,     0
             0,         0,             1,          1,            0,          0.0 ,                  25,              3,           1,                 0,           5,           1,     0
             0,         0,             0,          1,            1,          0.24,                   0,              3,           1,                 0,          13,           5,     0
             1,         1,             1,          1,            0,          0.0 ,                  79,              4,           0,                 1,          12,          12,     1
             1,         0,             0,          0,            0,          0.0 ,                  14,              2,           0,                 0,          14,          14,     0
             1,         1,             0,          1,            1,          0.56,                   0,              2,           0,                 0,          15,          15,     0
             1,         1,             0,          0,            0,          0.0 ,                  22,              4,           0,                 1,          12,          12,     0
             1,         1,             1,          0,            1,          0.95,                   0,              3,           1,                 0,           3,           3,     1
             1,         1,             0,          0,            1,          0.8 ,                   0,              4,           0,                 1,           4,           4,     1
             0,         0,             0,          1,            1,          0.51,                   0,              2,           0,                 0,          14,          12,     1
             0,         0,             0,          0,            1,          0.96,                   0,              3,           1,                 0,           7,           7,     1
             0,         0,             1,          0,            0,          0.0 ,                  25,              3,           1,                 0,          15,           5,     0
             0,         0,             0,          1,            0,          0.0 ,                  81,              2,           0,                 0,           1,           2,     0
             1,         1,             1,          0,            1,          0.79,                   0,              4,           0,                 1,           9,           9,     1
             0,         0,             1,          0,            1,          0.92,                   0,              2,           0,                 0,          15,          10,     1
             1,         1,             1,          0,            1,          0.88,                   0,              2,           0,                 0,          13,          13,     1
             0,         0,             1,          1,            0,          0.0 ,                  49,              2,           0,                 0,          15,          10,     0
             1,         0,             0,          1,            0,          0.0 ,                  64,              3,           1,                 0,          10,          10,     0
             1,         1,             0,          0,            1,          0.26,                   0,              3,           1,                 0,           5,           5,     0
             1,         1,             1,          1,            0,          0.0 ,                  18,              2,           0,                 0,           9,           9,     0
             0,         0,             0,          1,            0,          0.0 ,                  99,              3,           1,                 0,           8,          11,     0
             1,         0,             0,          1,            1,          0.8 ,                   0,              3,           1,                 0,           4,           4,     1
             1,         1,             0,          1,            0,          0.0 ,                  95,              3,           1,                 0,           3,           3,     0
             1,         1,             1,          1,            0,          0.0 ,                  62,              4,           0,                 1,           1,           1,     1
             1,         1,             0,          0,            0,          0.0 ,                  25,              4,           0,                 1,           5,           5,     0
             0,         0,             0,          0,            0,          0.0 ,                  42,              4,           0,                 1,           1,           3,     0
             0,         0,             1,          1,            1,          0.52,                   0,              3,           1,                 0,          15,          10,     1
             0,         0,             1,          1,            1,          0.27,                   0,              1,           0,                 0,           4,          12,     0
             0,         0,             1,          1,            0,          0.0 ,                  52,              1,           0,                 0,           9,          12,     0
             1,         1,             0,          0,            0,          0.0 ,                  56,              1,           0,                 0,           7,           7,     0
             0,         0,             1,          0,            0,          0.0 ,                  34,              3,           1,                 0,           3,          15,     0
             0,         0,             0,          1,            0,          0.0 ,                 100,              4,           0,                 1,          13,           5,     0
             0,         0,             0,          1,            0,          0.0 ,                  27,              4,           0,                 1,          11,           1,     0
             1,         0,             0,          1,            0,          0.0 ,                  94,              3,           1,                 0,           7,           7,     0
             0,         0,             1,          0,            0,          0.0 ,                  94,              3,           1,                 0,          14,          10,     0
             0,         0,             0,          0,            0,          0.0 ,                  14,              3,           1,                 0,           4,           9,     0
             1,         0,             1,          1,            1,          0.11,                   0,              4,           0,                 1,          11,          11,     1
             0,         0,             0,          0,            1,          0.36,                   0,              3,           1,                 0,           7,           7,     0
             0,         0,             0,          0,            0,          0.0 ,                  20,              3,           1,                 0,          13,          15,     0
             0,         0,             1,          1,            0,          0.0 ,                   8,              3,           1,                 0,           7,           5,     0
             1,         0,             1,          0,            1,          0.99,                   0,              1,           0,                 0,          14,          14,     1
             0,         0,             1,          0,            1,          0.63,                   0,              4,           0,                 1,          14,          13,     1
             0,         0,             1,          1,            1,          0.94,                   0,              4,           0,                 1,          10,          13,     1
             0,         0,             1,          1,            1,          0.87,                   0,              2,           0,                 0,           6,          11,     1
             0,         0,             1,          1,            0,          0.0 ,                  54,              3,           1,                 0,          13,           2,     1
             1,         1,             1,          1,            0,          0.0 ,                   3,              4,           0,                 1,           9,           9,     1
             1,         1,             1,          1,            0,          0.0 ,                  63,              3,           1,                 0,           3,           3,     1
             1,         1,             1,          0,            0,          0.0 ,                  79,              2,           0,                 0,          13,          13,     0
             0,         0,             1,          0,            0,          0.0 ,                  91,              2,           0,                 0,          11,           6,     1
             0,         0,             1,          1,            1,          0.11,                   0,              1,           0,                 0,           5,           7,     0
             0,         0,             0,          0,            1,          0.76,                   0,              3,           1,                 0,           2,           7,     1
             1,         1,             0,          1,            1,          0.42,                   0,              3,           1,                 0,           5,           5,     0
             0,         0,             1,          1,            0,          0.0 ,                  20,              4,           0,                 1,           8,          15,     1
             0,         0,             1,          0,            0,          0.0 ,                  16,              3,           1,                 0,          15,          13,     0
             0,         0,             1,          1,            1,          0.46,                   0,              2,           0,                 0,           1,          12,     0
             0,         0,             0,          0,            0,          0.0 ,                  26,              3,           1,                 0,           7,          15,     0
             0,         0,             1,          0,            1,          0.89,                   0,              3,           1,                 0,          13,          10,     1
             0,         0,             0,          1,            0,          0.0 ,                  92,              4,           0,                 1,          13,           9,     0
             0,         0,             1,          0,            0,          0.0 ,                  80,              3,           1,                 0,          14,          12,     0
             1,         0,             0,          1,            0,          0.0 ,                  39,              2,           0,                 0,           5,           5,     1
             1,         1,             0,          1,            0,          0.0 ,                  24,              3,           1,                 0,           5,           5,     0
             1,         0,             1,          1,            1,          0.82,                   0,              3,           1,                 0,           9,           9,     1
             0,         0,             0,          1,            1,          0.77,                   0,              2,           0,                 0,           2,          14,     1
             0,         0,             1,          0,            1,          0.91,                   0,              4,           0,                 1,           1,           5,     1
             1,         0,             0,          0,            0,          0.0 ,                  60,              3,           1,                 0,          12,          12,     1
             1,         0,             0,          0,            1,          0.64,                   0,              3,           1,                 0,           1,           1,     1
             0,         0,             1,          0,            0,          0.0 ,                  16,              3,           1,                 0,          11,          12,     0
             1,         1,             0,          0,            0,          0.0 ,                  12,              4,           0,                 1,           7,           7,     0
             0,         0,             1,          0,            1,          0.35,                   0,              4,           0,                 1,           2,           5,     1
             1,         0,             0,          1,            0,          0.0 ,                  41,              1,           0,                 0,          15,          15,     0
             1,         0,             1,          1,            1,          0.39,                   0,              1,           0,                 0,          11,          11,     0
             0,         0,             0,          1,            1,          0.68,                   0,              3,           1,                 0,          15,           5,     1
             0,         0,             0,          1,            0,          0.0 ,                  73,              3,           1,                 0,           1,           7,     0
             0,         0,             0,          0,            0,          0.0 ,                  52,              4,           0,                 1,           5,          11,     0
             1,         0,             0,          1,            1,          0.31,                   0,              4,           0,                 1,           9,           9,     0
             0,         0,             1,          1,            1,          0.97,                   0,              3,           1,                 0,           2,          12,     1
             1,         1,             1,          1,            0,          0.0 ,                  98,              2,           0,                 0,           6,           6,     0
             0,         0,             1,          0,            0,          0.0 ,                  79,              4,           0,                 1,           2,           7,     1
             1,         1,             1,          0,            1,          0.35,                   0,              3,           1,                 0,           5,           5,     1
             0,         0,             1,          1,            1,          0.83,                   0,              1,           0,                 0,           6,           7,     1
             0,         0,             0,          0,            1,          0.15,                   0,              3,           1,                 0,           4,           5,     0
             1,         0,             1,          1,            0,          0.0 ,                  49,              3,           1,                 0,           1,           1,     0
             0,         0,             1,          0,            1,          0.56,                   0,              3,           1,                 0,           6,           9,     1
             1,         1,             1,          0,            1,          0.61,                   0,              4,           0,                 1,           2,           2,     1
             1,         0,             1,          0,            0,          0.0 ,                   4,              4,           0,                 1,           2,           2,     1
             1,         0,             1,          0,            1,          0.21,                   0,              3,           1,                 0,           2,           2,     0
             0,         0,             0,          0,            1,          0.64,                   0,              3,           1,                 0,          10,           4,     1
             0,         0,             0,          1,            1,          0.94,                   0,              2,           0,                 0,          10,          14,     1
             0,         0,             1,          1,            0,          0.0 ,                  91,              3,           1,                 0,           3,           8,     0
             0,         0,             1,          1,            1,          0.74,                   0,              1,           0,                 0,          14,           4,     1
             1,         0,             1,          0,            0,          0.0 ,                  25,              2,           0,                 0,          10,          10,     0
             0,         0,             0,          0,            1,          0.52,                   0,              3,           1,                 0,           6,           4,     1
             0,         0,             1,          0,            1,          0.78,                   0,              4,           0,                 1,          14,          11,     1
             1,         0,             0,          0,            1,          0.47,                   0,              2,           0,                 0,           6,           6,     0
             0,         0,             1,          0,            1,          0.56,                   0,              3,           1,                 0,          11,          12,     0
             1,         0,             1,          0,            0,          0.0 ,                  22,              2,           0,                 0,           2,           2,     0
             1,         0,             1,          1,            0,          0.0 ,                  15,              4,           0,                 1,           9,           9,     1
             1,         0,             0,          1,            1,          0.8 ,                   0,              3,           1,                 0,           6,           6,     1
             1,         0,             0,          1,            0,          0.0 ,                  42,              2,           0,                 0,           3,           3,     0
             1,         0,             0,          0,            1,          0.65,                   0,              4,           0,                 1,          10,          10,     1
             0,         0,             1,          0,            0,          0.0 ,                  40,              3,           1,                 0,           1,           5,     0
             1,         0,             1,          0,            0,          0.0 ,                  58,              4,           0,                 1,          13,          13,     1
             1,         1,             1,          0,            0,          0.0 ,                  28,              1,           0,                 0,           8,           8,     0
             0,         0,             0,          0,            0,          0.0 ,                  30,              4,           0,                 1,          10,          15,     0
             1,         1,             1,          1,            1,          0.18,                   0,              3,           1,                 0,          10,          10,     1
             1,         1,             0,          0,            1,          0.14,                   0,              3,           1,                 0,           6,           6,     0
             1,         1,             0,          0,            1,          0.13,                   0,              4,           0,                 1,          14,          14,     0
             1,         1,             0,          0,            1,          0.18,                   0,              3,           1,                 0,           8,           8,     0
             0,         0,             0,          0,            1,          0.39,                   0,              3,           1,                 0,          11,          13,     0
             1,         0,             0,          1,            1,          0.33,                   0,              3,           1,                 0,           4,           4,     0
             0,         0,             0,          0,            1,          0.8 ,                   0,              2,           0,                 0,          12,          14,     1
             1,         1,             0,          1,            1,          0.3 ,                   0,              3,           1,                 0,           8,           8,     0
             0,         0,             1,          1,            1,          0.97,                   0,              3,           1,                 0,          12,           8,     1
             0,         0,             1,          0,            0,          0.0 ,                  38,              1,           0,                 0,           7,           3,     0
             0,         0,             1,          0,            0,          0.0 ,                  77,              3,           1,                 0,          12,          13,     0
             0,         0,             1,          1,            0,          0.0 ,                  11,              2,           0,                 0,           3,          15,     0
             1,         0,             0,          1,            0,          0.0 ,                  78,              3,           1,                 0,           1,           1,     0
             1,         0,             0,          0,            0,          0.0 ,                  81,              3,           1,                 0,          13,          13,     0
             1,         0,             0,          0,            1,          0.37,                   0,              1,           0,                 0,           8,           8,     0
             0,         0,             1,          1,            1,          0.76,                   0,              3,           1,                 0,          10,           1,     1
             1,         0,             0,          0,            0,          0.0 ,                  83,              3,           1,                 0,           6,           6,     0
             1,         0,             0,          1,            0,          0.0 ,                  87,              4,           0,                 1,           6,           6,     1
             1,         1,             0,          1,            1,          0.17,                   0,              4,           0,                 1,           2,           2,     0
             1,         0,             0,          0,            1,          0.63,                   0,              4,           0,                 1,          11,          11,     1
             0,         0,             0,          1,            1,          0.9 ,                   0,              4,           0,                 1,           7,           5,     1
             0,         0,             1,          0,            0,          0.0 ,                  41,              2,           0,                 0,           1,          10,     0
             1,         1,             1,          0,            0,          0.0 ,                  40,              3,           1,                 0,           4,           4,     1
             0,         0,             0,          0,            0,          0.0 ,                  77,              4,           0,                 1,          11,          11,     0
             0,         0,             0,          0,            1,          0.31,                   0,              3,           1,                 0,          15,          13,     0
             1,         1,             0,          0,            1,          0.73,                   0,              4,           0,                 1,          10,          10,     1
             0,         0,             1,          0,            0,          0.0 ,                  27,              3,           1,                 0,           1,          14,     0
             0,         0,             0,          1,            1,          0.45,                   0,              3,           1,                 0,          15,           1,     0
             0,         0,             0,          0,            1,          0.29,                   0,              4,           0,                 1,           9,           5,     0
             1,         1,             0,          0,            1,          0.11,                   0,              3,           1,                 0,           9,           9,     0
             1,         0,             0,          0,            0,          0.0 ,                  34,              1,           0,                 0,          12,          12,     0
             0,         0,             0,          1,            1,          0.17,                   0,              3,           1,                 0,           6,          13,     0
             1,         1,             1,          0,            1,          0.79,                   0,              3,           1,                 0,          14,          14,     1
             0,         0,             1,          0,            1,          0.33,                   0,              4,           0,                 1,           3,          15,     1
             1,         1,             1,          0,            1,          0.42,                   0,              3,           1,                 0,          11,          11,     1
             0,         0,             0,          0,            0,          0.0 ,                  50,              2,           0,                 0,          10,           9,     0
             1,         0,             1,          0,            0,          0.0 ,                  84,              2,           0,                 0,           2,           2,     0
             0,         0,             1,          0,            0,          0.0 ,                  79,              3,           1,                 0,          12,          12,     0
             1,         0,             0,          1,            1,          0.13,                   0,              1,           0,                 0,          12,          12,     0
             0,         0,             0,          1,            0,          0.0 ,                  92,              3,           1,                 0,          11,          15,     0
             1,         1,             0,          0,            0,          0.0 ,                  54,              3,           1,                 0,          11,          11,     0
             0,         0,             0,          0,            0,          0.0 ,                  14,              3,           1,                 0,          11,          15,     0
             1,         0,             1,          0,            1,          0.32,                   0,              3,           1,                 0,          12,          12,     0
             0,         0,             1,          1,            0,          0.0 ,                  99,              3,           1,                 0,           4,          15,     0
             1,         0,             0,          0,            0,          0.0 ,                  39,              3,           1,                 0,           8,           8,     0
             1,         1,             1,          0,            0,          0.0 ,                  34,              3,           1,                 0,           2,           2,     0
             0,         0,             0,          1,            1,          0.38,                   0,              3,           1,                 0,          15,           5,     0
             0,         0,             1,          0,            0,          0.0 ,                  78,              2,           0,                 0,           4,          12,     0
             0,         0,             0,          0,            0,          0.0 ,                  10,              1,           0,                 0,          10,          15,     0
             1,         1,             1,          0,            0,          0.0 ,                   1,              3,           1,                 0,          14,          14,     1
             1,         0,             1,          1,            0,          0.0 ,                  44,              4,           0,                 1,          12,          12,     1
             0,         0,             1,          1,            0,          0.0 ,                  94,              4,           0,                 1,           8,           8,     1
             1,         1,             0,          0,            0,          0.0 ,                  89,              3,           1,                 0,           1,           1,     0
             1,         1,             0,          1,            1,          0.56,                   0,              2,           0,                 0,           6,           6,     1
             1,         1,             1,          1,            1,          0.92,                   0,              3,           1,                 0,           1,           1,     1
             1,         1,             1,          1,            0,          0.0 ,                  64,              3,           1,                 0,          15,          15,     1
             1,         0,             0,          0,            1,          0.94,                   0,              4,           0,                 1,          13,          13,     1
             0,         0,             0,          0,            0,          0.0 ,                  94,              4,           0,                 1,          13,           1,     0
             1,         1,             1,          1,            1,          0.55,                   0,              3,           1,                 0,          10,          10,     1
             0,         0,             0,          1,            1,          0.97,                   0,              1,           0,                 0,          13,          13,     1
             0,         0,             1,          1,            0,          0.0 ,                  94,              3,           1,                 0,           3,           4,     0
             0,         0,             0,          0,            0,          0.0 ,                  27,              4,           0,                 1,           5,           3,     0
             0,         0,             1,          0,            1,          0.38,                   0,              1,           0,                 0,          14,          13,     0
             1,         1,             0,          0,            0,          0.0 ,                  27,              3,           1,                 0,           5,           5,     0
             0,         0,             0,          1,            1,          0.44,                   0,              3,           1,                 0,           2,           1,     0
             1,         0,             0,          1,            1,          0.64,                   0,              1,           0,                 0,           9,           9,     1
             0,         0,             1,          1,            0,          0.0 ,                  81,              3,           1,                 0,          11,           4,     0
             1,         0,             1,          1,            1,          0.66,                   0,              4,           0,                 1,          12,          12,     0
             1,         0,             1,          1,            1,          0.43,                   0,              4,           0,                 1,           4,           4,     1
             1,         0,             0,          0,            0,          0.0 ,                  15,              3,           1,                 0,          10,          10,     0
             0,         0,             1,          1,            0,          0.0 ,                  64,              1,           0,                 0,          10,           2,     0
             1,         1,             1,          1,            0,          0.0 ,                  75,              3,           1,                 0,          12,          12,     1
             0,         0,             1,          0,            0,          0.0 ,                  36,              3,           1,                 0,           9,           2,     1
             0,         0,             0,          0,            1,          0.97,                   0,              2,           0,                 0,           7,           5,     1
             1,         1,             0,          0,            1,          0.24,                   0,              3,           1,                 0,           3,           3,     0
             1,         0,             1,          1,            0,          0.0 ,                  38,              4,           0,                 1,          10,          10,     1
             0,         0,             0,          0,            1,          0.23,                   0,              3,           1,                 0,          10,          11,     0
             0,         0,             1,          1,            1,          0.86,                   0,              4,           0,                 1,           5,           3,     1
             0,         0,             1,          1,            0,          0.0 ,                  45,              3,           1,                 0,           1,           6,     0
             1,         0,             1,          1,            1,          0.81,                   0,              2,           0,                 0,           3,           3,     1
             1,         0,             0,          1,            1,          0.91,                   0,              4,           0,                 1,           1,           1,     1
             1,         0,             0,          0,            1,          0.38,                   0,              2,           0,                 0,           2,           2,     0
             0,         0,             0,          0,            1,          0.61,                   0,              3,           1,                 0,           4,           2,     1
             1,         0,             1,          0,            1,          0.59,                   0,              3,           1,                 0,          10,          10,     1
             1,         1,             1,          1,            0,          0.0 ,                  51,              1,           0,                 0,           5,           5,     0
             1,         0,             1,          1,            0,          0.0 ,                  73,              1,           0,                 0,           3,           3,     1
             1,         1,             1,          0,            1,          0.56,                   0,              3,           1,                 0,          12,          12,     1
             0,         0,             1,          1,            1,          0.51,                   0,              4,           0,                 1,           7,          12,     1
             1,         0,             1,          1,            1,          0.16,                   0,              3,           1,                 0,           5,           5,     0
             1,         0,             1,          0,            1,          0.64,                   0,              2,           0,                 0,          13,          13,     1
             0,         0,             1,          1,            0,          0.0 ,                  76,              3,           1,                 0,           7,          14,     0
             1,         0,             1,          0,            0,          0.0 ,                  95,              4,           0,                 1,          14,          14,     1
             0,         0,             0,          0,            0,          0.0 ,                  69,              3,           1,                 0,           8,          12,     0
             0,         0,             0,          1,            1,          0.93,                   0,              3,           1,                 0,          13,           7,     1
             1,         1,             0,          1,            1,          0.56,                   0,              2,           0,                 0,           7,           7,     1
             1,         0,             0,          0,            0,          0.0 ,                  53,              3,           1,                 0,           6,           6,     0
             0,         0,             1,          1,            0,          0.0 ,                   3,              2,           0,                 0,          15,          15,     0
             1,         1,             1,          1,            1,          0.64,                   0,              3,           1,                 0,          12,          12,     1
             1,         1,             0,          0,            1,          0.11,                   0,              3,           1,                 0,           9,           9,     0
             1,         1,             0,          1,            0,          0.0 ,                   6,              3,           1,                 0,           8,           8,     0
             0,         0,             0,          0,            0,          0.0 ,                  19,              3,           1,                 0,          11,           9,     0
             0,         0,             0,          1,            0,          0.0 ,                  18,              2,           0,                 0,           4,           5,     0
             1,         1,             0,          1,            1,          0.46,                   0,              1,           0,                 0,          10,          10,     0
             0,         0,             0,          1,            1,          0.64,                   0,              3,           1,                 0,           8,           7,     1
             1,         0,             0,          1,            0,          0.0 ,                  45,              3,           1,                 0,           6,           6,     0
             0,         0,             0,          1,            0,          0.0 ,                  78,              2,           0,                 0,          14,           5,     0
             1,         0,             0,          1,            1,          0.48,                   0,              3,           1,                 0,          15,          15,     0
             0,         0,             0,          0,            1,          0.39,                   0,              3,           1,                 0,           5,          15,     0
             0,         0,             1,          1,            0,          0.0 ,                  30,              2,           0,                 0,           4,          14,     0
             1,         0,             0,          1,            0,          0.0 ,                  85,              3,           1,                 0,          14,          14,     0
             1,         0,             0,          1,            0,          0.0 ,                  40,              3,           1,                 0,           2,           2,     0
             1,         0,             0,          0,            1,          0.53,                   0,              4,           0,                 1,          13,          13,     1
             0,         0,             0,          1,            1,          0.82,                   0,              3,           1,                 0,          11,           4,     1
             0,         0,             0,          1,            1,          0.55,                   0,              3,           1,                 0,          15,          14,     1
             1,         1,             1,          1,            0,          0.0 ,                  46,              3,           1,                 0,           7,           7,     1
             0,         0,             0,          1,            1,          0.33,                   0,              2,           0,                 0,           3,          14,     0
             1,         1,             0,          0,            1,          0.23,                   0,              4,           0,                 1,           1,           1,     0
             0,         0,             0,          0,            0,          0.0 ,                  22,              4,           0,                 1,           1,           4,     0
             1,         1,             1,          1,            1,          0.81,                   0,              3,           1,                 0,          11,          11,     1
             1,         0,             0,          0,            0,          0.0 ,                  21,              1,           0,                 0,           1,           1,     0
             1,         0,             0,          1,            1,          0.69,                   0,              2,           0,                 0,           3,           3,     1
             1,         0,             0,          1,            0,          0.0 ,                  76,              1,           0,                 0,           9,           9,     0
             0,         0,             1,          0,            0,          0.0 ,                   1,              3,           1,                 0,           8,          12,     0
             1,         1,             0,          1,            1,          0.17,                   0,              1,           0,                 0,           5,           5,     0
             1,         1,             1,          0,            1,          0.55,                   0,              3,           1,                 0,           2,           2,     1
             0,         0,             0,          1,            0,          0.0 ,                  52,              4,           0,                 1,           8,           4,     0
             1,         0,             0,          1,            0,          0.0 ,                  88,              4,           0,                 1,           5,           5,     0
             0,         0,             0,          0,            1,          0.8 ,                   0,              1,           0,                 0,          15,           2,     1
             1,         0,             0,          0,            0,          0.0 ,                  27,              4,           0,                 1,           1,           1,     0
             1,         0,             1,          1,            0,          0.0 ,                   6,              1,           0,                 0,           2,           2,     0
             1,         1,             1,          1,            0,          0.0 ,                   8,              4,           0,                 1,          12,          12,     1
             0,         0,             1,          0,            1,          0.82,                   0,              4,           0,                 1,          15,           4,     1
             1,         1,             0,          0,            0,          0.0 ,                  53,              3,           1,                 0,          10,          10,     0
             1,         1,             0,          1,            0,          0.0 ,                  77,              3,           1,                 0,          10,          10,     0
             0,         0,             0,          0,            0,          0.0 ,                  99,              1,           0,                 0,          14,           9,     0
             1,         1,             1,          0,            0,          0.0 ,                   2,              3,           1,                 0,           2,           2,     1
             0,         0,             1,          1,            0,          0.0 ,                  98,              3,           1,                 0,           1,          10,     0
             1,         0,             0,          0,            1,          0.62,                   0,              1,           0,                 0,           8,           8,     1
             1,         0,             0,          0,            1,          0.48,                   0,              4,           0,                 1,           7,           7,     0
             1,         0,             0,          1,            0,          0.0 ,                  85,              3,           1,                 0,           9,           9,     0
             0,         0,             1,          1,            0,          0.0 ,                  91,              3,           1,                 0,           2,          13,     0
             0,         0,             1,          0,            0,          0.0 ,                  28,              1,           0,                 0,           2,          11,     0
             0,         0,             1,          0,            1,          0.17,                   0,              1,           0,                 0,           6,           4,     0
             1,         1,             0,          1,            1,          0.69,                   0,              3,           1,                 0,          12,          12,     1
             1,         1,             0,          1,            0,          0.0 ,                  15,              3,           1,                 0,           5,           5,     0
             1,         0,             0,          0,            1,          0.87,                   0,              3,           1,                 0,          15,          15,     1
             1,         0,             0,          0,            1,          0.94,                   0,              3,           1,                 0,           1,           1,     1
             0,         0,             0,          0,            1,          0.86,                   0,              3,           1,                 0,           8,          15,     1
             1,         1,             1,          1,            1,          0.73,                   0,              1,           0,                 0,          12,          12,     1
             0,         0,             1,          0,            0,          0.0 ,                  46,              3,           1,                 0,           9,           8,     0
             0,         0,             0,          0,            1,          0.67,                   0,              4,           0,                 1,           5,          11,     1
             1,         1,             0,          0,            1,          0.1 ,                   0,              3,           1,                 0,          14,          14,     0
             1,         1,             0,          1,            1,          0.17,                   0,              3,           1,                 0,          15,          15,     0
             0,         0,             1,          0,            1,          0.99,                   0,              3,           1,                 0,           8,          15,     1
             1,         1,             0,          0,            0,          0.0 ,                  84,              4,           0,                 1,           7,           7,     0
             0,         0,             1,          0,            0,          0.0 ,                  20,              4,           0,                 1,           7,           7,     1
             0,         0,             1,          0,            0,          0.0 ,                  12,              4,           0,                 1,           9,          10,     1
             1,         1,             1,          1,            1,          0.63,                   0,              3,           1,                 0,           6,           6,     1
             0,         0,             1,          0,            0,          0.0 ,                  14,              3,           1,                 0,           5,          14,     0
             0,         0,             0,          0,            0,          0.0 ,                 100,              1,           0,                 0,           8,          10,     0
             0,         0,             1,          1,            0,          0.0 ,                  67,              3,           1,                 0,          11,           2,     0
             0,         0,             1,          0,            1,          0.59,                   0,              3,           1,                 0,           2,          10,     1
             0,         0,             0,          1,            0,          0.0 ,                 100,              3,           1,                 0,           3,           6,     0
             0,         0,             0,          1,            0,          0.0 ,                  70,              4,           0,                 1,           6,          11,     0
             0,         0,             1,          0,            0,          0.0 ,                  95,              2,           0,                 0,           2,           6,     0
             0,         0,             1,          0,            0,          0.0 ,                  41,              3,           1,                 0,           9,           8,     0
             1,         0,             1,          1,            1,          0.64,                   0,              3,           1,                 0,           2,           2,     1
             0,         0,             1,          1,            0,          0.0 ,                  17,              4,           0,                 1,          12,           1,     1
             0,         0,             1,          1,            1,          0.78,                   0,              3,           1,                 0,           9,           5,     1
             1,         0,             0,          1,            1,          0.57,                   0,              4,           0,                 1,          14,          14,     1
             1,         0,             1,          1,            1,          0.78,                   0,              3,           1,                 0,          14,          14,     1
             0,         0,             0,          1,            0,          0.0 ,                  96,              4,           0,                 1,          10,           1,     0
             0,         0,             1,          1,            1,          0.45,                   0,              3,           1,                 0,          11,          15,     0
             0,         0,             1,          1,            0,          0.0 ,                  79,              2,           0,                 0,           5,           4,     0
             1,         1,             0,          0,            0,          0.0 ,                  87,              3,           1,                 0,          15,          15,     0
             1,         1,             0,          0,            1,          0.52,                   0,              3,           1,                 0,           2,           2,     1
             1,         1,             1,          0,            0,          0.0 ,                  44,              1,           0,                 0,           9,           9,     0
             0,         0,             1,          1,            1,          0.5 ,                   0,              4,           0,                 1,          11,           1,     1
             1,         1,             1,          1,            1,          0.49,                   0,              2,           0,                 0,          11,          11,     0
             1,         0,             0,          1,            1,          0.9 ,                   0,              3,           1,                 0,           4,           4,     1
             0,         0,             1,          1,            1,          1.0 ,                   0,              4,           0,                 1,          12,           2,     1
             0,         0,             0,          0,            1,          0.61,                   0,              3,           1,                 0,           3,          11,     1
             0,         0,             0,          1,            1,          0.52,                   0,              2,           0,                 0,          12,           3,     1
             1,         1,             0,          1,            1,          0.33,                   0,              3,           1,                 0,          15,          15,     0
             1,         1,             0,          0,            0,          0.0 ,                  74,              4,           0,                 1,           8,           8,     0
             1,         1,             0,          0,            0,          0.0 ,                  21,              2,           0,                 0,          10,          10,     0
             0,         0,             0,          1,            1,          0.77,                   0,              3,           1,                 0,           2,          15,     1
             1,         0,             1,          0,            1,          0.2 ,                   0,              3,           1,                 0,          14,          14,     0
             0,         0,             1,          1,            1,          0.61,                   0,              2,           0,                 0,           6,           4,     1
             0,         0,             1,          0,            0,          0.0 ,                  98,              2,           0,                 0,          14,           9,     0
             1,         1,             1,          1,            0,          0.0 ,                   5,              2,           0,                 0,           9,           9,     0
             0,         0,             1,          0,            1,          0.27,                   0,              2,           0,                 0,           3,          11,     0
             1,         1,             0,          1,            1,          0.48,                   0,              3,           1,                 0,          15,          15,     0
             0,         0,             1,          1,            1,          0.93,                   0,              3,           1,                 0,           1,           3,     1
             1,         0,             0,          0,            1,          0.11,                   0,              3,           1,                 0,           1,           1,     1
             0,         0,             0,          1,            0,          0.0 ,                  69,              1,           0,                 0,           5,          11,     0
             0,         0,             0,          0,            1,          0.83,                   0,              3,           1,                 0,          10,           5,     1
             0,         0,             0,          1,            0,          0.0 ,                  90,              4,           0,                 1,           6,           8,     0
             1,         1,             0,          0,            1,          0.63,                   0,              2,           0,                 0,           4,           4,     1
             1,         0,             1,          1,            1,          0.73,                   0,              3,           1,                 0,           9,           9,     1
             1,         0,             0,          1,            0,          0.0 ,                  35,              2,           0,                 0,          10,          10,     0
             0,         0,             0,          0,            1,          0.28,                   0,              1,           0,                 0,          13,           6,     0
             1,         1,             0,          1,            0,          0.0 ,                  65,              3,           1,                 0,           6,           6,     0
             0,         0,             0,          1,            0,          0.0 ,                  45,              3,           1,                 0,           5,           3,     0
             0,         0,             1,          1,            0,          0.0 ,                  30,              3,           1,                 0,          15,           2,     0
             0,         0,             0,          0,            0,          0.0 ,                  55,              2,           0,                 0,           1,           5,     0
             1,         0,             1,          1,            1,          0.68,                   0,              4,           0,                 1,          15,          15,     1
             1,         1,             1,          0,            1,          0.17,                   0,              3,           1,                 0,           9,           9,     1
             0,         0,             1,          0,            0,          0.0 ,                  73,              1,           0,                 0,           1,          10,     0
             0,         0,             0,          1,            0,          0.0 ,                  56,              3,           1,                 0,           8,           9,     0
             0,         0,             1,          1,            1,          0.89,                   0,              3,           1,                 0,          14,           3,     1
             1,         0,             1,          1,            0,          0.0 ,                  57,              3,           1,                 0,           4,           4,     0
             0,         0,             1,          0,            1,          0.47,                   0,              1,           0,                 0,           3,           3,     0
             0,         0,             1,          1,            1,          0.52,                   0,              4,           0,                 1,           4,           7,     1
             0,         0,             0,          0,            1,          0.27,                   0,              3,           1,                 0,          15,          13,     0
             1,         0,             1,          1,            1,          0.57,                   0,              1,           0,                 0,          12,          12,     1
             1,         1,             1,          0,            1,          0.15,                   0,              1,           0,                 0,          10,          10,     0
             1,         1,             1,          0,            1,          0.19,                   0,              3,           1,                 0,           6,           6,     1
             1,         0,             1,          0,            0,          0.0 ,                  33,              4,           0,                 1,           6,           6,     1
             1,         0,             1,          1,            0,          0.0 ,                  69,              2,           0,                 0,          12,          12,     0
             0,         0,             1,          0,            0,          0.0 ,                  45,              3,           1,                 0,          13,          15,     0
             1,         1,             1,          1,            0,          0.0 ,                  97,              3,           1,                 0,           2,           2,     1
             1,         0,             1,          1,            1,          0.94,                   0,              3,           1,                 0,          15,          15,     1
             0,         0,             1,          1,            0,          0.0 ,                  79,              3,           1,                 0,          11,          12,     0
             1,         0,             1,          1,            0,          0.0 ,                  20,              1,           0,                 0,           7,           7,     0
             0,         0,             1,          0,            0,          0.0 ,                  51,              3,           1,                 0,           3,          11,     0
             1,         0,             0,          0,            1,          0.57,                   0,              1,           0,                 0,           8,           8,     1
             0,         0,             0,          1,            1,          0.95,                   0,              3,           1,                 0,           7,           8,     1
             1,         1,             0,          1,            0,          0.0 ,                  27,              2,           0,                 0,           1,           1,     0
             1,         1,             1,          1,            0,          0.0 ,                  88,              3,           1,                 0,           8,           8,     1
             1,         1,             1,          0,            1,          0.74,                   0,              3,           1,                 0,           4,           4,     1
             1,         0,             0,          1,            1,          0.17,                   0,              3,           1,                 0,           1,           1,     0
             0,         0,             1,          1,            0,          0.0 ,                  18,              4,           0,                 1,          15,           7,     1
             1,         0,             0,          0,            1,          0.4 ,                   0,              3,           1,                 0,           7,           7,     0
             1,         0,             1,          0,            1,          0.68,                   0,              4,           0,                 1,           1,           1,     1
             0,         0,             1,          0,            1,          0.83,                   0,              1,           0,                 0,          13,           8,     1
             1,         1,             1,          0,            1,          0.63,                   0,              2,           0,                 0,           2,           2,     1
             1,         0,             0,          1,            0,          0.0 ,                  62,              1,           0,                 0,           2,           2,     0
             0,         0,             1,          0,            1,          0.85,                   0,              3,           1,                 0,          13,           2,     1
             0,         0,             1,          0,            1,          0.23,                   0,              1,           0,                 0,           7,           7,     0
             0,         0,             1,          1,            0,          0.0 ,                   8,              3,           1,                 0,           9,           2,     0
             0,         0,             0,          0,            1,          0.54,                   0,              1,           0,                 0,           9,           1,     1
             1,         0,             0,          1,            0,          0.0 ,                  11,              3,           1,                 0,           1,           1,     0
             1,         1,             0,          1,            1,          0.28,                   0,              4,           0,                 1,          10,          10,     0
             1,         0,             0,          0,            1,          0.66,                   0,              2,           0,                 0,          10,          10,     1
             0,         0,             0,          1,            1,          0.7 ,                   0,              3,           1,                 0,          13,          14,     0
             0,         0,             0,          1,            0,          0.0 ,                  40,              3,           1,                 0,           6,           2,     0
             1,         0,             0,          1,            0,          0.0 ,                  81,              2,           0,                 0,           2,           2,     0
             1,         1,             0,          1,            0,          0.0 ,                  70,              3,           1,                 0,           9,           9,     0
             0,         0,             1,          0,            0,          0.0 ,                  67,              4,           0,                 1,           9,           4,     1
             1,         0,             0,          0,            1,          0.36,                   0,              3,           1,                 0,           4,           4,     0
             1,         1,             1,          1,            1,          0.14,                   0,              1,           0,                 0,          10,          10,     0
             0,         0,             1,          0,            1,          0.32,                   0,              3,           1,                 0,           4,          11,     0
             1,         0,             1,          1,            0,          0.0 ,                  68,              3,           1,                 0,           5,           5,     0
             0,         0,             1,          1,            0,          0.0 ,                  29,              3,           1,                 0,          11,          11,     1
             0,         0,             0,          1,            0,          0.0 ,                   2,              1,           0,                 0,           7,           7,     0
             1,         1,             1,          1,            0,          0.0 ,                  41,              3,           1,                 0,          15,          15,     1
             1,         0,             0,          1,            1,          0.36,                   0,              3,           1,                 0,          12,          12,     0
             1,         1,             1,          1,            0,          0.0 ,                  82,              3,           1,                 0,           5,           5,     1
             0,         0,             1,          0,            1,          0.54,                   0,              3,           1,                 0,           7,           7,     1
             1,         0,             1,          0,            0,          0.0 ,                   3,              3,           1,                 0,           3,           3,     0
             1,         0,             1,          1,            1,          0.11,                   0,              3,           1,                 0,          12,          12,     0
             0,         0,             1,          1,            0,          0.0 ,                  80,              4,           0,                 1,          14,          14,     1
             0,         0,             0,          0,            0,          0.0 ,                  51,              3,           1,                 0,           9,          12,     0
             1,         1,             0,          0,            1,          0.65,                   0,              1,           0,                 0,          13,          13,     1
             0,         0,             1,          1,            1,          0.61,                   0,              3,           1,                 0,           5,           3,     1
             1,         0,             0,          0,            0,          0.0 ,                  35,              4,           0,                 1,           3,           3,     0
             1,         1,             0,          1,            1,          0.22,                   0,              3,           1,                 0,          11,          11,     0
             1,         1,             0,          1,            1,          0.91,                   0,              3,           1,                 0,          13,          13,     1
             0,         0,             1,          0,            0,          0.0 ,                  26,              3,           1,                 0,          12,          12,     0
             0,         0,             0,          0,            1,          0.29,                   0,              3,           1,                 0,          11,          15,     0
             0,         0,             0,          0,            1,          0.56,                   0,              3,           1,                 0,          15,          15,     1
             0,         0,             0,          0,            1,          0.25,                   0,              3,           1,                 0,          14,           7,     0
             1,         1,             0,          1,            1,          0.68,                   0,              3,           1,                 0,          11,          11,     1
             1,         1,             0,          1,            0,          0.0 ,                  73,              2,           0,                 0,           5,           5,     0
             1,         0,             0,          1,            1,          0.21,                   0,              4,           0,                 1,          11,          11,     0
             1,         0,             1,          0,            0,          0.0 ,                  74,              1,           0,                 0,          11,          11,     0
             0,         0,             1,          0,            1,          0.2 ,                   0,              3,           1,                 0,           1,           6,     0
             1,         1,             0,          1,            0,          0.0 ,                  10,              3,           1,                 0,           8,           8,     1
             0,         0,             0,          0,            1,          0.91,                   0,              4,           0,                 1,          12,           6,     1
             0,         0,             0,          1,            1,          0.91,                   0,              1,           0,                 0,           2,           7,     1
             0,         0,             1,          1,            1,          0.18,                   0,              2,           0,                 0,          12,           6,     1
             0,         0,             1,          0,            1,          0.54,                   0,              1,           0,                 0,           1,          14,     1
             1,         1,             0,          1,            0,          0.0 ,                   4,              3,           1,                 0,           6,           6,     0
             1,         1,             1,          1,            1,          0.82,                   0,              3,           1,                 0,           8,           8,     1
             1,         0,             0,          1,            0,          0.0 ,                  13,              1,           0,                 0,           7,           7,     0
             1,         0,             0,          1,            1,          0.27,                   0,              4,           0,                 1,           7,           7,     0
             1,         1,             0,          0,            1,          0.71,                   0,              3,           1,                 0,          14,          14,     1
             0,         0,             1,          1,            0,          0.0 ,                  20,              2,           0,                 0,          13,          12,     0
             1,         1,             1,          1,            0,          0.0 ,                  79,              3,           1,                 0,           3,           3,     1
             0,         0,             0,          1,            1,          0.27,                   0,              4,           0,                 1,          11,           9,     0
             1,         0,             1,          1,            1,          0.11,                   0,              3,           1,                 0,           8,           8,     0
             0,         0,             0,          1,            1,          0.12,                   0,              4,           0,                 1,           9,           7,     0
             0,         0,             0,          1,            1,          0.56,                   0,              3,           1,                 0,          14,           6,     1
             0,         0,             0,          1,            0,          0.0 ,                  96,              1,           0,                 0,           9,           8,     1
             1,         0,             0,          0,            0,          0.0 ,                  68,              2,           0,                 0,           4,           4,     0
             1,         0,             0,          0,            0,          0.0 ,                  81,              3,           1,                 0,           5,           5,     0
             0,         0,             0,          0,            0,          0.0 ,                  79,              3,           1,                 0,           3,           1,     0
             1,         0,             0,          0,            0,          0.0 ,                  21,              4,           0,                 1,           9,           9,     0
             1,         0,             0,          0,            1,          0.82,                   0,              1,           0,                 0,           4,           4,     0
             0,         0,             1,          1,            0,          0.0 ,                  96,              3,           1,                 0,          15,           7,     0
             1,         0,             1,          0,            0,          0.0 ,                  81,              3,           1,                 0,          15,          15,     0
             0,         0,             0,          1,            1,          0.67,                   0,              1,           0,                 0,          13,           6,     1
             1,         0,             1,          0,            0,          0.0 ,                  61,              3,           1,                 0,           4,           4,     0
             0,         0,             1,          1,            0,          0.0 ,                  63,              2,           0,                 0,           9,           8,     0
             1,         0,             1,          1,            1,          0.43,                   0,              2,           0,                 0,          11,          11,     0
             1,         1,             1,          1,            0,          0.0 ,                  14,              4,           0,                 1,           1,           1,     1
             0,         0,             0,          1,            1,          0.75,                   0,              2,           0,                 0,          11,           6,     1
             1,         1,             1,          0,            1,          0.34,                   0,              3,           1,                 0,          11,          11,     1
             0,         0,             0,          0,            0,          0.0 ,                   3,              4,           0,                 1,           8,           4,     0
             1,         1,             0,          0,            0,          0.0 ,                  65,              1,           0,                 0,           4,           4,     0
             0,         0,             1,          1,            0,          0.0 ,                  15,              3,           1,                 0,           1,           2,     0
             0,         0,             1,          0,            0,          0.0 ,                   3,              4,           0,                 1,           7,          10,     1
             0,         0,             1,          0,            0,          0.0 ,                  28,              1,           0,                 0,          11,          10,     0
             0,         0,             0,          0,            1,          0.96,                   0,              3,           1,                 0,          13,           9,     1
             1,         1,             0,          1,            0,          0.0 ,                  24,              2,           0,                 0,          15,          15,     0
             0,         0,             0,          1,            0,          0.0 ,                  15,              3,           1,                 0,          12,           1,     0
             0,         0,             0,          1,            1,          0.56,                   0,              1,           0,                 0,          13,          13,     0
             0,         0,             1,          1,            0,          0.0 ,                  83,              3,           1,                 0,           1,          10,     0
             1,         1,             0,          0,            1,          0.7 ,                   0,              4,           0,                 1,           5,           5,     1
             1,         0,             1,          1,            1,          0.64,                   0,              3,           1,                 0,          11,          11,     1
             0,         0,             0,          1,            1,          0.44,                   0,              3,           1,                 0,           9,          10,     0
             1,         0,             0,          0,            0,          0.0 ,                  28,              4,           0,                 1,           6,           6,     0
             0,         0,             1,          0,            1,          0.87,                   0,              3,           1,                 0,           6,          14,     1
             1,         0,             0,          0,            0,          0.0 ,                  22,              3,           1,                 0,           7,           7,     0
             1,         1,             0,          0,            1,          0.43,                   0,              1,           0,                 0,           4,           4,     0
             0,         0,             1,          1,            0,          0.0 ,                  94,              3,           1,                 0,           8,           3,     0
             0,         0,             0,          0,            1,          0.74,                   0,              3,           1,                 0,          10,           4,     1
             0,         0,             1,          0,            1,          0.31,                   0,              4,           0,                 1,          15,          14,     1
             1,         1,             0,          1,            0,          0.0 ,                  12,              1,           0,                 0,           8,           8,     0
             1,         1,             1,          1,            1,          1.0 ,                   0,              1,           0,                 0,           5,           5,     1
             0,         0,             1,          0,            1,          0.96,                   0,              1,           0,                 0,          12,          11,     1
             0,         0,             0,          0,            0,          0.0 ,                  96,              3,           1,                 0,           8,          12,     0
             0,         0,             1,          1,            0,          0.0 ,                  60,              3,           1,                 0,          11,          10,     0
             1,         1,             1,          0,            0,          0.0 ,                  39,              3,           1,                 0,          14,          14,     1
             0,         0,             1,          1,            1,          0.83,                   0,              1,           0,                 0,           7,          11,     1
             1,         1,             1,          0,            0,          0.0 ,                  96,              3,           1,                 0,           5,           5,     1
             1,         1,             0,          1,            1,          0.43,                   0,              3,           1,                 0,           1,           1,     0
             1,         1,             0,          0,            1,          0.92,                   0,              1,           0,                 0,           4,           4,     0
             1,         0,             0,          0,            0,          0.0 ,                  74,              2,           0,                 0,           6,           6,     0
             1,         0,             0,          0,            1,          0.13,                   0,              4,           0,                 1,          14,          14,     0
             1,         1,             1,          1,            0,          0.0 ,                  43,              3,           1,                 0,          14,          14,     1
             0,         0,             0,          1,            0,          0.0 ,                  94,              3,           1,                 0,           1,          14,     0
             0,         0,             0,          0,            0,          0.0 ,                  16,              3,           1,                 0,          11,           8,     0
             1,         0,             1,          1,            0,          0.0 ,                  19,              1,           0,                 0,           7,           7,     0
             1,         1,             1,          1,            1,          0.15,                   0,              3,           1,                 0,          12,          12,     1
             0,         0,             1,          0,            1,          0.91,                   0,              4,           0,                 1,          14,           9,     1
             1,         1,             0,          1,            1,          0.39,                   0,              3,           1,                 0,          15,          15,     0
             0,         0,             0,          0,            1,          0.99,                   0,              4,           0,                 1,           5,           4,     1
             1,         0,             1,          0,            1,          0.92,                   0,              3,           1,                 0,          15,          15,     1
             0,         0,             0,          0,            1,          0.54,                   0,              1,           0,                 0,           1,           5,     1
             0,         0,             1,          1,            0,          0.0 ,                  99,              4,           0,                 1,           8,           3,     1
             1,         1,             0,          1,            1,          0.44,                   0,              3,           1,                 0,           7,           7,     0
             1,         1,             0,          0,            0,          0.0 ,                  16,              4,           0,                 1,          13,          13,     0
             1,         0,             1,          1,            0,          0.0 ,                  61,              4,           0,                 1,           6,           6,     1
             0,         0,             1,          1,            0,          0.0 ,                  77,              2,           0,                 0,          11,           9,     0
             0,         0,             1,          0,            1,          0.27,                   0,              3,           1,                 0,           9,          13,     0
             1,         0,             0,          0,            0,          0.0 ,                  91,              2,           0,                 0,           6,           6,     0
             0,         0,             1,          1,            0,          0.0 ,                  90,              4,           0,                 1,           7,           4,     1
             0,         0,             1,          0,            0,          0.0 ,                  92,              3,           1,                 0,          13,           9,     0
             0,         0,             1,          0,            1,          0.96,                   0,              3,           1,                 0,           1,           1,     1
             1,         0,             0,          0,            1,          0.41,                   0,              4,           0,                 1,           1,           1,     0
             1,         1,             1,          1,            0,          0.0 ,                  87,              1,           0,                 0,           2,           2,     0
             1,         0,             1,          0,            0,          0.0 ,                  85,              2,           0,                 0,          10,          10,     0
             0,         0,             0,          0,            0,          0.0 ,                   5,              4,           0,                 1,          14,          14,     0
             0,         0,             0,          1,            0,          0.0 ,                  99,              3,           1,                 0,          13,           6,     0
             1,         1,             1,          0,            1,          0.85,                   0,              4,           0,                 1,          12,          12,     1
             1,         0,             1,          1,            0,          0.0 ,                   1,              4,           0,                 1,          11,          11,     1
             0,         0,             0,          0,            1,          0.96,                   0,              4,           0,                 1,           4,          11,     1
             0,         0,             0,          0,            1,          0.24,                   0,              1,           0,                 0,           5,           9,     0
             1,         0,             1,          1,            0,          0.0 ,                  93,              3,           1,                 0,           4,           4,     0
             0,         0,             1,          0,            0,          0.0 ,                  99,              3,           1,                 0,          15,           8,     0
             1,         1,             1,          1,            0,          0.0 ,                  86,              3,           1,                 0,           3,           3,     1
             1,         1,             0,          1,            0,          0.0 ,                  90,              3,           1,                 0,           3,           3,     0
             1,         0,             0,          0,            0,          0.0 ,                  61,              3,           1,                 0,          13,          13,     0
             1,         0,             0,          1,            0,          0.0 ,                  74,              2,           0,                 0,           3,           3,     0
             0,         0,             1,          0,            0,          0.0 ,                  90,              3,           1,                 0,           8,           9,     0
             1,         0,             0,          0,            1,          0.93,                   0,              4,           0,                 1,           8,           8,     1
             0,         0,             1,          0,            1,          0.23,                   0,              3,           1,                 0,           1,          12,     0
             1,         1,             0,          0,            1,          0.4 ,                   0,              3,           1,                 0,           6,           6,     0
             1,         0,             0,          1,            1,          0.51,                   0,              2,           0,                 0,          15,          15,     1
             0,         0,             0,          0,            1,          0.36,                   0,              3,           1,                 0,          15,           3,     0
             1,         1,             0,          0,            0,          0.0 ,                  99,              4,           0,                 1,          14,          14,     0
             0,         0,             0,          0,            1,          0.39,                   0,              1,           0,                 0,           9,          10,     1
             0,         0,             0,          1,            1,          0.28,                   0,              3,           1,                 0,          13,           9,     0
             1,         1,             1,          0,            1,          0.77,                   0,              3,           1,                 0,          15,          15,     1
             0,         0,             1,          0,            1,          0.44,                   0,              3,           1,                 0,          15,           1,     0
             1,         1,             0,          1,            1,          0.94,                   0,              3,           1,                 0,           7,           7,     1
             0,         0,             0,          1,            1,          0.72,                   0,              3,           1,                 0,           3,          14,     1
             1,         1,             1,          1,            0,          0.0 ,                  27,              2,           0,                 0,          11,          11,     0
             1,         0,             1,          1,            0,          0.0 ,                  42,              2,           0,                 0,          10,          10,     0
             1,         1,             1,          0,            0,          0.0 ,                   1,              3,           1,                 0,           4,           4,     1
             0,         0,             1,          1,            1,          0.88,                   0,              4,           0,                 1,          12,          12,     1
             1,         0,             1,          1,            1,          0.69,                   0,              4,           0,                 1,          15,          15,     1
             0,         0,             1,          1,            1,          0.24,                   0,              3,           1,                 0,           7,           8,     0
             1,         1,             1,          1,            0,          0.0 ,                  84,              3,           1,                 0,           6,           6,     1
             1,         1,             0,          1,            0,          0.0 ,                  28,              3,           1,                 0,           3,           3,     0
             1,         0,             0,          1,            1,          0.16,                   0,              3,           1,                 0,          10,          10,     0
             0,         0,             0,          1,            0,          0.0 ,                  70,              4,           0,                 1,          14,          14,     0
             1,         0,             0,          0,            0,          0.0 ,                  24,              2,           0,                 0,          14,          14,     0
             0,         0,             0,          0,            1,          0.64,                   0,              3,           1,                 0,          10,           7,     1
             1,         1,             1,          1,            1,          0.91,                   0,              4,           0,                 1,           5,           5,     0
             1,         0,             1,          1,            0,          0.0 ,                  57,              3,           1,                 0,           9,           9,     0
             1,         0,             1,          0,            0,          0.0 ,                  18,              4,           0,                 1,           7,           7,     1
             0,         0,             1,          0,            1,          0.11,                   0,              3,           1,                 0,           5,           8,     0
             1,         0,             0,          0,            0,          0.0 ,                  34,              3,           1,                 0,          10,          10,     0
             0,         0,             0,          1,            0,          0.0 ,                  18,              3,           1,                 0,          11,           1,     0
             1,         1,             1,          0,            1,          0.28,                   0,              3,           1,                 0,           4,           4,     1
             0,         0,             1,          0,            1,          0.63,                   0,              1,           0,                 0,          10,          10,     1
             1,         1,             1,          1,            0,          0.0 ,                   9,              3,           1,                 0,           1,           1,     1
             0,         0,             0,          0,            1,          0.25,                   0,              3,           1,                 0,           4,          14,     0
             0,         0,             0,          0,            1,          0.23,                   0,              3,           1,                 0,          10,          12,     0
             1,         1,             1,          0,            0,          0.0 ,                   4,              3,           1,                 0,          15,          15,     1
             0,         0,             0,          0,            0,          0.0 ,                  18,              3,           1,                 0,           6,           5,     0
             0,         0,             1,          0,            1,          0.59,                   0,              2,           0,                 0,           1,          14,     1
             1,         0,             0,          1,            0,          0.0 ,                   1,              3,           1,                 0,           3,           3,     0
             0,         0,             1,          0,            1,          0.75,                   0,              1,           0,                 0,          11,           2,     1
             1,         1,             1,          1,            0,          0.0 ,                  63,              3,           1,                 0,           7,           7,     1
             1,         1,             0,          1,            1,          0.14,                   0,              3,           1,                 0,           6,           6,     0
             1,         0,             1,          0,            1,          0.64,                   0,              3,           1,                 0,          12,          12,     1
             1,         1,             1,          0,            1,          0.59,                   0,              4,           0,                 1,          11,          11,     1
             1,         1,             1,          0,            0,          0.0 ,                  52,              2,           0,                 0,          13,          13,     0
             0,         0,             0,          1,            1,          0.44,                   0,              1,           0,                 0,          13,           8,     0
             1,         1,             0,          1,            1,          0.68,                   0,              3,           1,                 0,           3,           3,     1
             0,         0,             0,          1,            1,          0.32,                   0,              4,           0,                 1,          13,           7,     0
             1,         1,             0,          1,            1,          0.72,                   0,              1,           0,                 0,           4,           4,     1
             0,         0,             0,          1,            0,          0.0 ,                  86,              3,           1,                 0,          13,          10,     0
             1,         1,             0,          1,            1,          0.42,                   0,              3,           1,                 0,          11,          11,     0
             1,         0,             0,          0,            1,          0.38,                   0,              3,           1,                 0,          13,          13,     0
             1,         0,             0,          1,            0,          0.0 ,                  19,              3,           1,                 0,           8,           8,     0
             1,         1,             1,          0,            0,          0.0 ,                  41,              2,           0,                 0,           6,           6,     0
             0,         0,             1,          1,            0,          0.0 ,                   2,              1,           0,                 0,          11,          13,     0
             1,         1,             0,          1,            0,          0.0 ,                  70,              4,           0,                 1,           3,           3,     0
             0,         0,             1,          0,            0,          0.0 ,                  60,              3,           1,                 0,           7,           1,     0
             0,         0,             1,          0,            1,          0.55,                   0,              3,           1,                 0,           8,          11,     1
             0,         0,             0,          1,            0,          0.0 ,                  11,              3,           1,                 0,           6,           7,     0
             0,         0,             0,          0,            1,          0.45,                   0,              2,           0,                 0,          10,           8,     0
             1,         1,             1,          1,            1,          0.41,                   0,              4,           0,                 1,           6,           6,     0
             1,         1,             1,          0,            1,          0.66,                   0,              3,           1,                 0,           2,           2,     1
             0,         0,             0,          0,            0,          0.0 ,                   4,              3,           1,                 0,          14,          15,     0
             1,         0,             1,          0,            1,          0.17,                   0,              3,           1,                 0,           4,           4,     0
             0,         0,             1,          1,            1,          0.7 ,                   0,              2,           0,                 0,          10,           6,     1
             0,         0,             0,          1,            0,          0.0 ,                  42,              4,           0,                 1,          13,           3,     0
             1,         0,             0,          1,            0,          0.0 ,                  30,              3,           1,                 0,          14,          14,     0
             0,         0,             1,          1,            0,          0.0 ,                  12,              2,           0,                 0,          14,          11,     0
             0,         0,             0,          0,            1,          0.59,                   0,              3,           1,                 0,           5,           3,     1
             0,         0,             1,          1,            0,          0.0 ,                  80,              3,           1,                 0,           3,          12,     0
             1,         1,             0,          1,            0,          0.0 ,                  56,              1,           0,                 0,           1,           1,     0
             0,         0,             1,          0,            1,          0.12,                   0,              3,           1,                 0,          11,          14,     0
             0,         0,             0,          1,            0,          0.0 ,                  44,              4,           0,                 1,           9,           8,     0
             1,         1,             1,          1,            1,          0.62,                   0,              2,           0,                 0,           6,           6,     1
             1,         1,             0,          1,            1,          0.74,                   0,              2,           0,                 0,          13,          13,     1
             0,         0,             0,          1,            1,          0.96,                   0,              4,           0,                 1,          14,           3,     1
             1,         0,             1,          1,            1,          0.62,                   0,              1,           0,                 0,           5,           5,     1
             1,         1,             1,          0,            0,          0.0 ,                  69,              4,           0,                 1,          15,          15,     1
             1,         0,             1,          0,            0,          0.0 ,                  20,              4,           0,                 1,           6,           6,     0
             1,         0,             1,          1,            0,          0.0 ,                  82,              3,           1,                 0,          15,          15,     0
             1,         1,             1,          0,            0,          0.0 ,                  24,              3,           1,                 0,           7,           7,     1
             1,         1,             1,          0,            0,          0.0 ,                  72,              2,           0,                 0,           3,           3,     0
             0,         0,             1,          0,            1,          0.53,                   0,              4,           0,                 1,           4,           8,     1
             0,         0,             1,          1,            0,          0.0 ,                  97,              4,           0,                 1,          14,           7,     1
             0,         0,             0,          1,            0,          0.0 ,                  59,              3,           1,                 0,          12,           5,     0
             0,         0,             0,          0,            0,          0.0 ,                  20,              3,           1,                 0,           1,          15,     0
             1,         0,             1,          0,            1,          0.57,                   0,              3,           1,                 0,           8,           8,     1
             1,         1,             1,          1,            0,          0.0 ,                  89,              4,           0,                 1,          14,          14,     1
             0,         0,             1,          0,            0,          0.0 ,                  49,              3,           1,                 0,          13,           5,     0
             0,         0,             1,          0,            1,          0.32,                   0,              3,           1,                 0,          14,           9,     0
             1,         0,             0,          0,            1,          0.94,                   0,              3,           1,                 0,          14,          14,     1
             0,         0,             0,          0,            0,          0.0 ,                  68,              1,           0,                 0,           8,          11,     0
             0,         0,             1,          1,            0,          0.0 ,                   5,              4,           0,                 1,           7,           2,     1
             1,         0,             1,          0,            1,          0.16,                   0,              3,           1,                 0,           4,           4,     0
             1,         0,             1,          0,            0,          0.0 ,                  98,              3,           1,                 0,           4,           4,     0
             1,         1,             1,          1,            1,          0.83,                   0,              3,           1,                 0,           8,           8,     1
             1,         1,             0,          1,            0,          0.0 ,                  25,              3,           1,                 0,          15,          15,     0
             0,         0,             0,          1,            1,          0.85,                   0,              4,           0,                 1,           2,           7,     1
             0,         0,             0,          1,            0,          0.0 ,                  35,              1,           0,                 0,          13,          10,     0
             0,         0,             1,          0,            0,          0.0 ,                  64,              3,           1,                 0,          10,          15,     0
             1,         0,             1,          0,            1,          0.82,                   0,              3,           1,                 0,           7,           7,     1
             0,         0,             0,          1,            0,          0.0 ,                  15,              3,           1,                 0,          13,           8,     0
             0,         0,             1,          1,            0,          0.0 ,                  36,              4,           0,                 1,           4,           6,     1
             0,         0,             1,          0,            0,          0.0 ,                  36,              3,           1,                 0,           1,           8,     0
             0,         0,             0,          1,            0,          0.0 ,                  98,              3,           1,                 0,           7,          10,     0
             1,         1,             0,          0,            1,          0.64,                   0,              3,           1,                 0,           5,           5,     1
             0,         0,             0,          1,            0,          0.0 ,                  99,              4,           0,                 1,           5,          12,     0
             1,         1,             1,          1,            0,          0.0 ,                  79,              3,           1,                 0,          10,          10,     1
             0,         0,             1,          1,            0,          0.0 ,                  47,              4,           0,                 1,          14,          10,     1
             0,         0,             1,          1,            0,          0.0 ,                  35,              4,           0,                 1,           1,          13,     1
             1,         1,             1,          0,            0,          0.0 ,                  72,              3,           1,                 0,           2,           2,     1
             1,         1,             1,          0,            0,          0.0 ,                  77,              1,           0,                 0,           6,           6,     0
             1,         1,             0,          1,            0,          0.0 ,                   2,              3,           1,                 0,          11,          11,     0
             1,         0,             1,          1,            0,          0.0 ,                  95,              3,           1,                 0,           7,           7,     0
             0,         0,             0,          0,            0,          0.0 ,                  81,              4,           0,                 1,           6,           4,     0
             0,         0,             0,          1,            1,          0.18,                   0,              3,           1,                 0,           4,          13,     0
             0,         0,             1,          1,            1,          0.6 ,                   0,              3,           1,                 0,           5,          14,     1
             0,         0,             0,          1,            0,          0.0 ,                  17,              4,           0,                 1,          12,          13,     0
             0,         0,             0,          1,            0,          0.0 ,                  31,              2,           0,                 0,           4,          15,     0
             1,         1,             0,          0,            0,          0.0 ,                   4,              4,           0,                 1,           6,           6,     0
             1,         1,             1,          0,            1,          0.88,                   0,              4,           0,                 1,           9,           9,     1
             1,         1,             1,          0,            0,          0.0 ,                  60,              4,           0,                 1,          11,          11,     1
             0,         0,             0,          1,            1,          0.14,                   0,              3,           1,                 0,           8,          12,     0
             1,         0,             0,          1,            0,          0.0 ,                  67,              2,           0,                 0,          13,          13,     0
             0,         0,             0,          0,            1,          0.42,                   0,              3,           1,                 0,          15,           1,     0
             1,         0,             1,          1,            0,          0.0 ,                  19,              3,           1,                 0,          13,          13,     1
             0,         0,             1,          1,            1,          0.57,                   0,              1,           0,                 0,          14,           2,     1
             0,         0,             1,          0,            0,          0.0 ,                 100,              3,           1,                 0,           9,          11,     0
             1,         1,             1,          0,            1,          0.23,                   0,              3,           1,                 0,           3,           3,     1
             1,         1,             1,          0,            0,          0.0 ,                  46,              3,           1,                 0,          12,          12,     1
             0,         0,             1,          1,            1,          0.55,                   0,              2,           0,                 0,          11,           6,     1
             1,         1,             0,          0,            1,          0.6 ,                   0,              4,           0,                 1,          10,          10,     1
             1,         0,             1,          0,            0,          0.0 ,                  98,              3,           1,                 0,          15,          15,     0
             0,         0,             0,          1,            1,          0.95,                   0,              3,           1,                 0,           9,           1,     1
             1,         1,             1,          0,            0,          0.0 ,                  50,              3,           1,                 0,           9,           9,     1
             1,         0,             0,          1,            1,          0.96,                   0,              4,           0,                 1,           3,           3,     1
             1,         0,             0,          1,            1,          0.77,                   0,              2,           0,                 0,           5,           5,     1
             0,         0,             0,          0,            0,          0.0 ,                  88,              4,           0,                 1,           8,           7,     0
             1,         1,             0,          0,            1,          0.96,                   0,              2,           0,                 0,          14,          14,     1
             1,         1,             0,          1,            0,          0.0 ,                  25,              4,           0,                 1,          10,          10,     0
             0,         0,             1,          1,            0,          0.0 ,                  13,              4,           0,                 1,           6,           4,     1
             0,         0,             0,          1,            0,          0.0 ,                  71,              3,           1,                 0,           8,           3,     0
             0,         0,             1,          0,            0,          0.0 ,                  81,              3,           1,                 0,          10,           5,     0
             0,         0,             1,          0,            1,          0.26,                   0,              3,           1,                 0,           6,           3,     0
             0,         0,             0,          1,            1,          0.51,                   0,              1,           0,                 0,          13,          12,     1
             0,         0,             1,          1,            1,          0.75,                   0,              3,           1,                 0,          13,          14,     1
             0,         0,             0,          0,            0,          0.0 ,                  18,              3,           1,                 0,          10,           4,     0
             1,         0,             1,          0,            1,          0.45,                   0,              4,           0,                 1,          12,          12,     1
             0,         0,             0,          1,            0,          0.0 ,                  59,              3,           1,                 0,           4,           7,     0
             1,         0,             1,          0,            1,          0.8 ,                   0,              3,           1,                 0,           9,           9,     1
             1,         0,             1,          0,            0,          0.0 ,                  88,              4,           0,                 1,          13,          13,     1
             1,         1,             0,          0,            0,          0.0 ,                  26,              3,           1,                 0,          12,          12,     0
             0,         0,             0,          1,            1,          0.64,                   0,              3,           1,                 0,           8,           7,     1
             1,         0,             1,          1,            0,          0.0 ,                  90,              3,           1,                 0,          11,          11,     0
             0,         0,             1,          0,            1,          0.21,                   0,              4,           0,                 1,           3,           7,     1
             1,         0,             1,          0,            0,          0.0 ,                  44,              4,           0,                 1,          13,          13,     1
             0,         0,             0,          1,            0,          0.0 ,                  91,              3,           1,                 0,           7,          11,     0
             0,         0,             1,          0,            0,          0.0 ,                  96,              3,           1,                 0,           6,          15,     0
             1,         0,             0,          1,            0,          0.0 ,                 100,              4,           0,                 1,          13,          13,     0
             1,         1,             0,          0,            0,          0.0 ,                  64,              3,           1,                 0,           5,           5,     0
             0,         0,             0,          1,            1,          1.0 ,                   0,              3,           1,                 0,           6,           3,     1
             0,         0,             1,          1,            1,          0.28,                   0,              3,           1,                 0,           5,          10,     0
             1,         1,             0,          0,            1,          0.79,                   0,              3,           1,                 0,          11,          11,     1
             1,         0,             1,          0,            1,          0.73,                   0,              3,           1,                 0,          15,          15,     1
             0,         0,             1,          0,            1,          0.63,                   0,              3,           1,                 0,           8,           3,     1
             0,         0,             0,          0,            1,          0.82,                   0,              2,           0,                 0,          10,          15,     1
             0,         0,             0,          1,            1,          0.23,                   0,              1,           0,                 0,          14,           3,     0
             1,         1,             0,          1,            1,          0.24,                   0,              3,           1,                 0,          11,          11,     0
             0,         0,             1,          0,            1,          0.31,                   0,              4,           0,                 1,          13,           9,     1
             0,         0,             0,          0,            1,          0.77,                   0,              3,           1,                 0,          15,           5,     1
             1,         1,             1,          1,            1,          0.58,                   0,              1,           0,                 0,          15,          15,     1
             0,         0,             1,          0,            1,          0.99,                   0,              3,           1,                 0,          13,           5,     1
             0,         0,             1,          0,            1,          0.51,                   0,              3,           1,                 0,           7,           8,     1
             1,         0,             0,          1,            0,          0.0 ,                   4,              2,           0,                 0,           7,           7,     0
             1,         0,             0,          0,            1,          0.21,                   0,              3,           1,                 0,          11,          11,     0
             0,         0,             1,          0,            0,          0.0 ,                  57,              4,           0,                 1,          12,           3,     1
             1,         1,             0,          0,            1,          0.86,                   0,              4,           0,                 1,           7,           7,     1
             1,         0,             1,          1,            0,          0.0 ,                   2,              3,           1,                 0,           1,           1,     0
             0,         0,             0,          1,            1,          0.46,                   0,              2,           0,                 0,           4,          10,     1
             1,         0,             1,          1,            1,          0.41,                   0,              2,           0,                 0,          14,          14,     0
             0,         0,             1,          0,            1,          0.54,                   0,              3,           1,                 0,           4,           4,     1
             0,         0,             0,          1,            0,          0.0 ,                  77,              4,           0,                 1,          10,           4,     0
             1,         1,             1,          1,            0,          0.0 ,                  54,              4,           0,                 1,           1,           1,     1
             0,         0,             0,          1,            1,          0.85,                   0,              2,           0,                 0,          11,           5,     1
             1,         1,             0,          1,            0,          0.0 ,                  35,              2,           0,                 0,           3,           3,     0
             0,         0,             1,          0,            1,          0.4 ,                   0,              1,           0,                 0,          13,           9,     0
             1,         0,             1,          1,            1,          0.49,                   0,              4,           0,                 1,          14,          14,     1
             0,         0,             1,          0,            0,          0.0 ,                  91,              3,           1,                 0,          12,           1,     0
             0,         0,             0,          1,            0,          0.0 ,                  27,              4,           0,                 1,          14,           9,     0
             1,         1,             0,          1,            0,          0.0 ,                  10,              2,           0,                 0,           3,           3,     1
             1,         0,             0,          0,            1,          0.36,                   0,              3,           1,                 0,           5,           5,     0
             1,         1,             0,          0,            0,          0.0 ,                  99,              3,           1,                 0,           1,           1,     0
             1,         0,             1,          0,            1,          0.29,                   0,              1,           0,                 0,           2,           2,     0
             1,         1,             1,          0,            1,          0.67,                   0,              4,           0,                 1,          13,          13,     1
             1,         0,             0,          1,            0,          0.0 ,                  95,              4,           0,                 1,          12,          12,     0
             1,         1,             1,          1,            0,          0.0 ,                   4,              3,           1,                 0,          15,          15,     1
             0,         0,             0,          1,            0,          0.0 ,                  62,              3,           1,                 0,          13,           1,     0
             0,         0,             0,          1,            0,          0.0 ,                  50,              4,           0,                 1,           7,           1,     0
             1,         0,             0,          1,            0,          0.0 ,                  82,              4,           0,                 1,           6,           6,     0
             1,         1,             1,          1,            0,          0.0 ,                  79,              3,           1,                 0,           4,           4,     1
             0,         0,             0,          1,            0,          0.0 ,                  40,              3,           1,                 0,           3,           5,     0
             0,         0,             0,          0,            0,          0.0 ,                  22,              3,           1,                 0,          14,          13,     0
             0,         0,             1,          1,            0,          0.0 ,                  36,              1,           0,                 0,          15,           2,     0
             0,         0,             0,          0,            1,          0.71,                   0,              2,           0,                 0,          14,           7,     1
             1,         0,             0,          0,            1,          0.77,                   0,              3,           1,                 0,           2,           2,     1
             0,         0,             1,          0,            1,          0.48,                   0,              4,           0,                 1,          11,          15,     1
             1,         1,             1,          1,            1,          0.73,                   0,              3,           1,                 0,           2,           2,     1
             0,         0,             0,          1,            1,          0.37,                   0,              3,           1,                 0,           8,           2,     0
             1,         0,             1,          1,            1,          0.35,                   0,              3,           1,                 0,           6,           6,     0
             1,         0,             0,          0,            1,          0.4 ,                   0,              3,           1,                 0,           2,           2,     0
             1,         1,             0,          1,            0,          0.0 ,                  66,              3,           1,                 0,           9,           9,     0
             1,         1,             1,          0,            1,          0.96,                   0,              3,           1,                 0,          14,          14,     1
             0,         0,             1,          1,            1,          0.73,                   0,              3,           1,                 0,          14,           5,     1
             1,         1,             1,          1,            0,          0.0 ,                  88,              3,           1,                 0,          10,          10,     1
             1,         0,             1,          0,            1,          0.33,                   0,              3,           1,                 0,           9,           9,     0
             0,         0,             0,          1,            1,          0.99,                   0,              3,           1,                 0,           3,          11,     1
             1,         1,             1,          0,            0,          0.0 ,                  80,              3,           1,                 0,          15,          15,     1
             1,         0,             1,          1,            0,          0.0 ,                  18,              4,           0,                 1,           8,           8,     1
             1,         0,             1,          1,            0,          0.0 ,                  70,              4,           0,                 1,          15,          15,     1
             0,         0,             0,          0,            0,          0.0 ,                  66,              2,           0,                 0,          10,           8,     0
             1,         0,             0,          0,            0,          0.0 ,                  76,              4,           0,                 1,           1,           1,     0
             1,         1,             1,          0,            1,          0.51,                   0,              3,           1,                 0,           8,           8,     1
             0,         0,             0,          1,            1,          0.29,                   0,              1,           0,                 0,           6,           8,     0
             1,         1,             1,          0,            1,          0.29,                   0,              2,           0,                 0,          14,          14,     0
             1,         0,             1,          0,            0,          0.0 ,                  52,              3,           1,                 0,          14,          14,     0
             0,         0,             0,          0,            1,          0.95,                   0,              3,           1,                 0,          12,           1,     1
             0,         0,             1,          0,            0,          0.0 ,                  79,              3,           1,                 0,           2,           3,     0
             1,         0,             0,          0,            0,          0.0 ,                  31,              3,           1,                 0,           1,           1,     0
             0,         0,             1,          0,            1,          0.49,                   0,              3,           1,                 0,           2,          12,     0
             0,         0,             0,          0,            0,          0.0 ,                  53,              3,           1,                 0,           3,          12,     0
             0,         0,             1,          0,            0,          0.0 ,                  78,              3,           1,                 0,           7,          12,     0
             0,         0,             1,          1,            1,          0.43,                   0,              3,           1,                 0,          14,           6,     0
             1,         0,             0,          0,            0,          0.0 ,                  43,              4,           0,                 1,           8,           8,     0
             0,         0,             0,          1,            0,          0.0 ,                  57,              3,           1,                 0,           5,           5,     0
             0,         0,             0,          1,            1,          0.25,                   0,              1,           0,                 0,           4,          12,     0
             1,         0,             0,          1,            1,          0.45,                   0,              3,           1,                 0,          13,          13,     0
             0,         0,             0,          1,            0,          0.0 ,                  21,              4,           0,                 1,          15,          14,     0
             0,         0,             1,          1,            0,          0.0 ,                  97,              3,           1,                 0,           1,          12,     0
             1,         1,             1,          1,            1,          0.94,                   0,              4,           0,                 1,           7,           7,     1
             1,         1,             1,          0,            1,          0.23,                   0,              3,           1,                 0,          11,          11,     1
             0,         0,             0,          0,            1,          0.2 ,                   0,              4,           0,                 1,          12,          14,     0
             1,         0,             0,          0,            1,          0.92,                   0,              2,           0,                 0,           9,           9,     1
             1,         1,             1,          0,            0,          0.0 ,                  21,              4,           0,                 1,           1,           1,     1
             1,         1,             0,          0,            1,          0.42,                   0,              3,           1,                 0,           7,           7,     0
             1,         0,             1,          0,            1,          0.84,                   0,              4,           0,                 1,           8,           8,     1
             1,         0,             1,          1,            1,          0.54,                   0,              4,           0,                 1,           1,           1,     1
             0,         0,             1,          1,            0,          0.0 ,                  81,              3,           1,                 0,           2,           7,     0
             0,         0,             0,          1,            0,          0.0 ,                  17,              4,           0,                 1,          12,           7,     0
             0,         0,             0,          1,            0,          0.0 ,                  20,              4,           0,                 1,          14,           5,     0
             1,         0,             1,          0,            1,          0.74,                   0,              4,           0,                 1,           8,           8,     1
             0,         0,             0,          1,            1,          0.96,                   0,              3,           1,                 0,           4,           7,     1
             0,         0,             1,          0,            1,          0.92,                   0,              1,           0,                 0,           5,          13,     1
             1,         0,             0,          0,            1,          0.15,                   0,              3,           1,                 0,           2,           2,     1
             0,         0,             1,          0,            0,          0.0 ,                  16,              3,           1,                 0,           7,           1,     0
             1,         1,             1,          0,            0,          0.0 ,                  21,              4,           0,                 1,           3,           3,     0
             0,         0,             1,          0,            0,          0.0 ,                  27,              3,           1,                 0,           7,           2,     0
             1,         1,             0,          0,            1,          0.23,                   0,              3,           1,                 0,           1,           1,     0
             1,         0,             1,          1,            1,          0.69,                   0,              3,           1,                 0,           9,           9,     1
             1,         1,             1,          0,            1,          0.45,                   0,              3,           1,                 0,          13,          13,     1
             1,         0,             0,          0,            0,          0.0 ,                   2,              3,           1,                 0,           8,           8,     0
             1,         1,             1,          1,            0,          0.0 ,                  22,              1,           0,                 0,           2,           2,     0
             1,         0,             0,          1,            0,          0.0 ,                  14,              1,           0,                 0,           5,           5,     0
             1,         0,             0,          1,            1,          0.42,                   0,              3,           1,                 0,           8,           8,     0
             0,         0,             1,          0,            1,          0.51,                   0,              3,           1,                 0,          12,          12,     1
             1,         0,             0,          1,            1,          0.2 ,                   0,              3,           1,                 0,           5,           5,     0
             0,         0,             1,          0,            0,          0.0 ,                  89,              4,           0,                 1,           9,           1,     1
             1,         1,             1,          1,            1,          0.39,                   0,              4,           0,                 1,          10,          10,     1
             0,         0,             0,          0,            1,          0.78,                   0,              3,           1,                 0,          14,          10,     1
             1,         0,             0,          1,            0,          0.0 ,                  15,              2,           0,                 0,           3,           3,     0
             0,         0,             0,          1,            0,          0.0 ,                  97,              3,           1,                 0,           6,          11,     0
             1,         0,             0,          0,            1,          0.4 ,                   0,              2,           0,                 0,           9,           9,     0
             1,         1,             0,          0,            0,          0.0 ,                  50,              1,           0,                 0,           9,           9,     0
             0,         0,             0,          0,            1,          0.48,                   0,              1,           0,                 0,           2,          14,     0
             1,         0,             1,          0,            1,          0.62,                   0,              4,           0,                 1,           8,           8,     1
             0,         0,             1,          1,            0,          0.0 ,                   1,              3,           1,                 0,          14,           2,     0
             1,         0,             1,          1,            0,          0.0 ,                  58,              4,           0,                 1,          11,          11,     1
             1,         0,             1,          1,            0,          0.0 ,                  63,              4,           0,                 1,           6,           6,     1
             0,         0,             0,          1,            0,          0.0 ,                  61,              4,           0,                 1,           2,           6,     0
             1,         0,             0,          1,            0,          0.0 ,                  65,              2,           0,                 0,           8,           8,     0
             1,         0,             1,          1,            1,          0.19,                   0,              3,           1,                 0,          15,          15,     0
             0,         0,             1,          1,            1,          0.98,                   0,              4,           0,                 1,           3,           3,     1
             1,         0,             1,          0,            0,          0.0 ,                  29,              3,           1,                 0,           6,           6,     0
             1,         0,             0,          0,            1,          0.92,                   0,              3,           1,                 0,           5,           5,     1
             0,         0,             0,          0,            1,          0.1 ,                   0,              4,           0,                 1,          14,           2,     0
             1,         0,             0,          0,            0,          0.0 ,                  35,              3,           1,                 0,           9,           9,     0
             1,         0,             0,          0,            1,          0.54,                   0,              1,           0,                 0,          14,          14,     0
             0,         0,             1,          1,            1,          0.9 ,                   0,              4,           0,                 1,           3,          15,     1
             1,         1,             1,          1,            1,          0.93,                   0,              3,           1,                 0,           9,           9,     1
             0,         0,             0,          1,            1,          0.94,                   0,              4,           0,                 1,          11,           7,     1
             1,         1,             1,          0,            0,          0.0 ,                  12,              3,           1,                 0,          12,          12,     1
             1,         1,             0,          0,            1,          0.77,                   0,              2,           0,                 0,           3,           3,     1
             0,         0,             1,          0,            1,          0.82,                   0,              2,           0,                 0,          11,          15,     1
             1,         1,             1,          1,            1,          0.42,                   0,              3,           1,                 0,           7,           7,     1
             1,         1,             1,          0,            1,          0.63,                   0,              3,           1,                 0,          15,          15,     1
             1,         1,             0,          0,            0,          0.0 ,                   6,              2,           0,                 0,           7,           7,     0
             1,         0,             0,          1,            1,          0.44,                   0,              3,           1,                 0,          11,          11,     1
             0,         0,             0,          0,            1,          0.28,                   0,              3,           1,                 0,           6,           8,     0
             1,         1,             1,          0,            1,          0.91,                   0,              3,           1,                 0,           9,           9,     1
             1,         1,             0,          0,            0,          0.0 ,                  58,              4,           0,                 1,          14,          14,     0
             1,         0,             0,          1,            1,          0.82,                   0,              2,           0,                 0,           7,           7,     1
             0,         0,             1,          0,            1,          0.37,                   0,              4,           0,                 1,          11,          10,     1
             0,         0,             1,          0,            0,          0.0 ,                  68,              4,           0,                 1,           5,          10,     1
             0,         0,             1,          0,            1,          0.72,                   0,              3,           1,                 0,           1,           8,     1
             0,         0,             0,          0,            0,          0.0 ,                  13,              1,           0,                 0,           5,           1,     0
             0,         0,             1,          1,            1,          0.15,                   0,              4,           0,                 1,          15,           6,     0
             1,         1,             1,          0,            1,          0.54,                   0,              1,           0,                 0,          15,          15,     0
             0,         0,             1,          1,            0,          0.0 ,                  60,              3,           1,                 0,           4,           1,     1
             1,         0,             1,          1,            1,          0.44,                   0,              4,           0,                 1,           9,           9,     1
             0,         0,             1,          1,            1,          0.59,                   0,              3,           1,                 0,           2,          10,     1
             1,         1,             0,          1,            1,          0.17,                   0,              2,           0,                 0,           3,           3,     0
             0,         0,             0,          1,            1,          0.53,                   0,              1,           0,                 0,           1,           4,     1
             0,         0,             0,          0,            1,          0.15,                   0,              3,           1,                 0,          14,           4,     0
             1,         0,             1,          0,            1,          0.27,                   0,              1,           0,                 0,           7,           7,     0
             1,         0,             0,          1,            1,          0.27,                   0,              4,           0,                 1,           2,           2,     0
             1,         0,             0,          0,            0,          0.0 ,                  48,              4,           0,                 1,           2,           2,     0
             1,         0,             0,          1,            1,          0.31,                   0,              1,           0,                 0,           1,           1,     0
             0,         0,             1,          1,            1,          0.25,                   0,              1,           0,                 0,          10,          14,     0
             1,         0,             0,          0,            0,          0.0 ,                  53,              4,           0,                 1,           4,           4,     1
             1,         0,             1,          0,            0,          0.0 ,                   1,              3,           1,                 0,           9,           9,     0
             1,         0,             0,          1,            1,          0.51,                   0,              3,           1,                 0,          14,          14,     1
             1,         0,             0,          0,            1,          0.91,                   0,              1,           0,                 0,          10,          10,     1
             1,         1,             0,          0,            1,          0.89,                   0,              2,           0,                 0,          12,          12,     1
             0,         0,             1,          1,            1,          0.62,                   0,              3,           1,                 0,           2,          10,     1
             0,         0,             0,          0,            1,          0.14,                   0,              3,           1,                 0,          12,           7,     0
             1,         1,             0,          1,            1,          0.98,                   0,              3,           1,                 0,           7,           7,     1
             0,         0,             0,          0,            0,          0.0 ,                  32,              4,           0,                 1,          10,           4,     0
             0,         0,             1,          0,            0,          0.0 ,                  49,              3,           1,                 0,           2,          15,     1
             0,         0,             1,          1,            1,          0.48,                   0,              1,           0,                 0,          12,          12,     1
             1,         0,             1,          1,            0,          0.0 ,                  77,              3,           1,                 0,          12,          12,     0
             1,         0,             1,          0,            1,          0.77,                   0,              3,           1,                 0,           3,           3,     1
             0,         0,             1,          0,            0,          0.0 ,                  44,              4,           0,                 1,           9,          15,     1
             0,         0,             0,          0,            0,          0.0 ,                  60,              3,           1,                 0,          15,          14,     0
             0,         0,             0,          1,            1,          0.71,                   0,              3,           1,                 0,          15,          10,     1
             0,         0,             0,          1,            0,          0.0 ,                  81,              3,           1,                 0,           6,          11,     0
             1,         0,             1,          0,            0,          0.0 ,                  25,              3,           1,                 0,          13,          13,     0
             0,         0,             0,          0,            0,          0.0 ,                  23,              4,           0,                 1,           4,           8,     0
             0,         0,             1,          1,            0,          0.0 ,                  56,              1,           0,                 0,           1,           9,     0
             1,         0,             1,          1,            0,          0.0 ,                   9,              4,           0,                 1,           8,           8,     0
             1,         1,             1,          1,            1,          0.53,                   0,              3,           1,                 0,           2,           2,     1
             0,         0,             1,          0,            0,          0.0 ,                  77,              3,           1,                 0,          11,           7,     0
             1,         1,             0,          1,            1,          0.91,                   0,              3,           1,                 0,          12,          12,     1
             0,         0,             0,          0,            1,          0.95,                   0,              3,           1,                 0,           5,          12,     1
             1,         1,             0,          0,            1,          0.18,                   0,              3,           1,                 0,           1,           1,     0
             0,         0,             0,          1,            0,          0.0 ,                   3,              1,           0,                 0,          13,          10,     0
             0,         0,             0,          1,            0,          0.0 ,                  38,              3,           1,                 0,          15,           2,     0
             1,         1,             1,          0,            1,          0.88,                   0,              1,           0,                 0,          14,          14,     1
             0,         0,             0,          1,            0,          0.0 ,                  82,              1,           0,                 0,           9,           6,     0
             1,         0,             1,          0,            0,          0.0 ,                  93,              1,           0,                 0,           9,           9,     0
             1,         1,             1,          0,            0,          0.0 ,                  95,              3,           1,                 0,           9,           9,     0
             0,         0,             0,          0,            0,          0.0 ,                  81,              4,           0,                 1,           3,          10,     0
             1,         1,             1,          0,            1,          0.83,                   0,              1,           0,                 0,           9,           9,     1
             1,         0,             1,          0,            0,          0.0 ,                  55,              3,           1,                 0,          11,          11,     0
             0,         0,             0,          0,            0,          0.0 ,                  50,              3,           1,                 0,          12,           1,     0
             1,         0,             1,          0,            1,          0.76,                   0,              3,           1,                 0,           5,           5,     1
             1,         1,             1,          0,            1,          0.47,                   0,              4,           0,                 1,          12,          12,     1
             1,         0,             0,          1,            0,          0.0 ,                  75,              3,           1,                 0,          10,          10,     0
             1,         0,             0,          0,            1,          0.57,                   0,              3,           1,                 0,           4,           4,     1
             0,         0,             0,          0,            1,          0.15,                   0,              3,           1,                 0,           5,           3,     0
             1,         1,             1,          0,            0,          0.0 ,                  94,              3,           1,                 0,           1,           1,     1
             0,         0,             0,          1,            1,          0.24,                   0,              3,           1,                 0,           2,          15,     0
             0,         0,             1,          1,            0,          0.0 ,                  70,              3,           1,                 0,           3,           3,     0
             0,         0,             0,          0,            1,          0.28,                   0,              4,           0,                 1,           9,           4,     0
             1,         0,             0,          1,            0,          0.0 ,                  96,              3,           1,                 0,           3,           3,     0
             0,         0,             1,          0,            0,          0.0 ,                  10,              3,           1,                 0,           9,          12,     0
             0,         0,             0,          0,            0,          0.0 ,                  30,              3,           1,                 0,          14,           3,     0
             0,         0,             1,          0,            1,          0.84,                   0,              3,           1,                 0,          15,          13,     1
             1,         1,             0,          0,            0,          0.0 ,                  57,              3,           1,                 0,          13,          13,     0
             0,         0,             0,          1,            0,          0.0 ,                  83,              3,           1,                 0,          12,           2,     0
             1,         0,             1,          1,            1,          0.64,                   0,              3,           1,                 0,           6,           6,     1
             1,         0,             0,          0,            1,          0.88,                   0,              2,           0,                 0,           4,           4,     1
             1,         0,             1,          1,            0,          0.0 ,                  68,              4,           0,                 1,          10,          10,     1
             1,         1,             1,          0,            0,          0.0 ,                  68,              3,           1,                 0,           5,           5,     1
             0,         0,             0,          1,            1,          0.81,                   0,              1,           0,                 0,          14,           7,     1
             0,         0,             0,          1,            0,          0.0 ,                  26,              3,           1,                 0,           7,           2,     0
             1,         1,             1,          0,            1,          0.41,                   0,              3,           1,                 0,           2,           2,     0
             1,         0,             0,          1,            1,          0.66,                   0,              3,           1,                 0,          12,          12,     1
             1,         0,             1,          1,            0,          0.0 ,                  77,              3,           1,                 0,           8,           8,     0
             1,         0,             0,          1,            1,          0.5 ,                   0,              4,           0,                 1,           5,           5,     0
             0,         0,             0,          1,            1,          0.5 ,                   0,              3,           1,                 0,          12,           5,     0
             1,         0,             1,          0,            1,          0.14,                   0,              3,           1,                 0,          11,          11,     0
             0,         0,             1,          1,            0,          0.0 ,                  89,              4,           0,                 1,          11,           4,     1
             0,         0,             1,          1,            0,          0.0 ,                  66,              1,           0,                 0,           9,           8,     0
             0,         0,             1,          0,            0,          0.0 ,                   7,              4,           0,                 1,          10,          13,     1
             0,         0,             1,          0,            0,          0.0 ,                  51,              1,           0,                 0,           8,           3,     0
             1,         0,             0,          0,            0,          0.0 ,                  81,              3,           1,                 0,          14,          14,     0
             0,         0,             0,          0,            1,          0.33,                   0,              3,           1,                 0,           7,           5,     0
             0,         0,             0,          0,            0,          0.0 ,                  74,              4,           0,                 1,           3,           1,     0
             0,         0,             1,          1,            0,          0.0 ,                  80,              2,           0,                 0,          13,           4,     0
             0,         0,             0,          0,            1,          0.79,                   0,              3,           1,                 0,          12,          10,     1
             0,         0,             0,          0,            0,          0.0 ,                  93,              3,           1,                 0,           3,           9,     0
             1,         1,             1,          1,            1,          0.81,                   0,              2,           0,                 0,           9,           9,     1
             1,         1,             0,          0,            1,          0.88,                   0,              4,           0,                 1,          12,          12,     1
             1,         1,             0,          1,            1,          0.58,                   0,              4,           0,                 1,           7,           7,     1
             1,         1,             1,          1,            1,          0.48,                   0,              4,           0,                 1,          12,          12,     1
             1,         0,             0,          1,            0,          0.0 ,                 100,              1,           0,                 0,           7,           7,     0
             0,         0,             0,          1,            1,          0.71,                   0,              3,           1,                 0,           6,           9,     1
             1,         0,             0,          0,            1,          0.39,                   0,              3,           1,                 0,          10,          10,     0
             0,         0,             0,          1,            1,          0.34,                   0,              1,           0,                 0,          12,           3,     1
             1,         0,             1,          1,            0,          0.0 ,                  83,              4,           0,                 1,          13,          13,     1
             0,         0,             1,          0,            1,          0.68,                   0,              1,           0,                 0,          13,           2,     1
             0,         0,             0,          0,            1,          0.85,                   0,              1,           0,                 0,           3,          11,     1
             0,         0,             1,          1,            1,          0.47,                   0,              4,           0,                 1,          15,          12,     1
             1,         0,             0,          0,            1,          0.71,                   0,              3,           1,                 0,           1,           1,     0
             0,         0,             1,          1,            1,          0.96,                   0,              3,           1,                 0,          13,           6,     1
             0,         0,             0,          1,            1,          0.74,                   0,              3,           1,                 0,          12,           7,     1
             0,         0,             0,          1,            1,          0.46,                   0,              4,           0,                 1,           5,           3,     0
             0,         0,             0,          0,            1,          0.57,                   0,              1,           0,                 0,           9,           8,     1
             1,         0,             1,          0,            0,          0.0 ,                  69,              3,           1,                 0,          12,          12,     0
             0,         0,             0,          1,            0,          0.0 ,                  62,              3,           1,                 0,          13,          14,     0
             1,         1,             0,          0,            1,          0.58,                   0,              4,           0,                 1,           6,           6,     1
             0,         0,             0,          1,            0,          0.0 ,                  62,              3,           1,                 0,          10,          10,     1
             1,         1,             1,          0,            0,          0.0 ,                   5,              2,           0,                 0,          15,          15,     0
             0,         0,             0,          0,            0,          0.0 ,                  73,              4,           0,                 1,           7,          15,     0
             1,         0,             0,          0,            0,          0.0 ,                  39,              4,           0,                 1,          15,          15,     0
             0,         0,             1,          1,            0,          0.0 ,                  91,              3,           1,                 0,          14,           5,     0
             0,         0,             0,          0,            0,          0.0 ,                  48,              3,           1,                 0,          11,           1,     0
             0,         0,             0,          1,            1,          0.28,                   0,              4,           0,                 1,           8,          10,     0
             0,         0,             0,          1,            1,          0.66,                   0,              4,           0,                 1,          15,          13,     1
             1,         1,             1,          1,            0,          0.0 ,                   9,              2,           0,                 0,           2,           2,     0
             1,         1,             0,          0,            1,          0.95,                   0,              3,           1,                 0,           6,           6,     1
             0,         0,             0,          0,            1,          0.22,                   0,              3,           1,                 0,           5,          11,     0
             1,         0,             1,          1,            0,          0.0 ,                  36,              3,           1,                 0,          11,          11,     0
             0,         0,             1,          1,            1,          0.93,                   0,              3,           1,                 0,           6,           9,     1
             0,         0,             0,          0,            1,          0.46,                   0,              3,           1,                 0,           7,           1,     0
             0,         0,             1,          0,            1,          0.2 ,                   0,              3,           1,                 0,           9,          11,     0
             0,         0,             0,          1,            0,          0.0 ,                  41,              2,           0,                 0,          13,           3,     0
             0,         0,             0,          1,            1,          0.75,                   0,              2,           0,                 0,           1,           7,     1
             1,         0,             0,          1,            0,          0.0 ,                   1,              3,           1,                 0,           2,           2,     0
             1,         0,             0,          1,            1,          0.55,                   0,              3,           1,                 0,           9,           9,     1
             0,         0,             1,          1,            0,          0.0 ,                  54,              4,           0,                 1,          14,          14,     1
             0,         0,             0,          0,            1,          0.39,                   0,              3,           1,                 0,          10,           2,     0
             0,         0,             0,          1,            1,          0.63,                   0,              4,           0,                 1,          10,           4,     1
             1,         1,             0,          1,            0,          0.0 ,                  35,              1,           0,                 0,           9,           9,     0
             0,         0,             0,          1,            0,          0.0 ,                 100,              3,           1,                 0,          13,          13,     0
             0,         0,             1,          1,            0,          0.0 ,                  21,              4,           0,                 1,          12,           4,     1
             1,         0,             1,          1,            1,          0.38,                   0,              2,           0,                 0,          12,          12,     0
             0,         0,             1,          0,            1,          0.11,                   0,              3,           1,                 0,          13,          14,     1
             0,         0,             0,          1,            0,          0.0 ,                  54,              1,           0,                 0,          14,           4,     0
             1,         1,             1,          0,            0,          0.0 ,                  85,              3,           1,                 0,          14,          14,     1
             1,         1,             0,          1,            1,          0.66,                   0,              3,           1,                 0,           4,           4,     1
             1,         1,             0,          1,            1,          0.62,                   0,              2,           0,                 0,           4,           4,     1
             1,         0,             1,          0,            0,          0.0 ,                  82,              3,           1,                 0,           9,           9,     0
             0,         0,             0,          0,            1,          0.43,                   0,              4,           0,                 1,          14,           7,     0
             1,         0,             1,          0,            0,          0.0 ,                   2,              1,           0,                 0,           9,           9,     0
             0,         0,             0,          0,            0,          0.0 ,                  33,              3,           1,                 0,           8,          14,     0
             1,         1,             0,          0,            0,          0.0 ,                  30,              3,           1,                 0,           9,           9,     0
             0,         0,             1,          0,            1,          0.66,                   0,              3,           1,                 0,           6,           1,     1
             1,         1,             0,          0,            1,          0.59,                   0,              3,           1,                 0,           3,           3,     1
             0,         0,             0,          1,            1,          0.28,                   0,              3,           1,                 0,           6,           3,     0
             1,         0,             1,          1,            1,          0.32,                   0,              3,           1,                 0,           9,           9,     0
             0,         0,             1,          1,            1,          0.89,                   0,              4,           0,                 1,           2,           5,     1
             0,         0,             0,          1,            0,          0.0 ,                  61,              3,           1,                 0,           2,           9,     0
             1,         0,             0,          0,            1,          0.84,                   0,              2,           0,                 0,          12,          12,     1
             1,         0,             0,          0,            1,          0.62,                   0,              1,           0,                 0,          14,          14,     1
             1,         1,             0,          0,            0,          0.0 ,                  58,              3,           1,                 0,           2,           2,     0
             0,         0,             1,          1,            1,          0.25,                   0,              2,           0,                 0,          12,           1,     0
             0,         0,             0,          0,            1,          0.33,                   0,              3,           1,                 0,           8,           8,     0
             0,         0,             0,          1,            0,          0.0 ,                  17,              3,           1,                 0,           7,           2,     0
             0,         0,             1,          1,            0,          0.0 ,                  40,              3,           1,                 0,           3,           2,     0
             1,         1,             1,          1,            1,          0.5 ,                   0,              4,           0,                 1,           8,           8,     1
             1,         1,             1,          0,            1,          0.52,                   0,              3,           1,                 0,           3,           3,     0
             1,         0,             1,          1,            1,          0.33,                   0,              2,           0,                 0,           8,           8,     0
             1,         0,             0,          1,            0,          0.0 ,                  83,              4,           0,                 1,          13,          13,     0
             0,         0,             1,          1,            0,          0.0 ,                  74,              4,           0,                 1,           3,           9,     1
             0,         0,             1,          0,            1,          0.2 ,                   0,              1,           0,                 0,          10,           7,     0
             1,         1,             1,          0,            1,          0.28,                   0,              4,           0,                 1,           7,           7,     1
             0,         0,             1,          1,            0,          0.0 ,                  40,              3,           1,                 0,          13,           3,     0
             1,         0,             1,          0,            1,          0.85,                   0,              3,           1,                 0,           1,           1,     1
             1,         0,             1,          1,            0,          0.0 ,                 100,              3,           1,                 0,           1,           1,     0
             0,         0,             0,          1,            0,          0.0 ,                  98,              3,           1,                 0,           9,           1,     0
             0,         0,             1,          0,            0,          0.0 ,                  92,              4,           0,                 1,           2,          15,     1
             1,         0,             0,          1,            0,          0.0 ,                  59,              4,           0,                 1,           8,           8,     0
             1,         1,             0,          0,            1,          0.35,                   0,              3,           1,                 0,           5,           5,     0
             1,         1,             1,          1,            1,          0.78,                   0,              2,           0,                 0,           6,           6,     1
             1,         1,             0,          1,            0,          0.0 ,                  50,              4,           0,                 1,           6,           6,     0
             0,         0,             0,          0,            0,          0.0 ,                  95,              4,           0,                 1,          15,          12,     0
             1,         0,             0,          1,            0,          0.0 ,                  89,              4,           0,                 1,           1,           1,     0
             1,         0,             1,          0,            0,          0.0 ,                  60,              3,           1,                 0,          15,          15,     0
             1,         1,             0,          0,            1,          0.55,                   0,              1,           0,                 0,          15,          15,     1
             1,         0,             1,          1,            1,          0.71,                   0,              3,           1,                 0,           4,           4,     1
             1,         0,             0,          0,            0,          0.0 ,                  93,              3,           1,                 0,           9,           9,     0
             1,         0,             1,          0,            1,          0.86,                   0,              3,           1,                 0,          11,          11,     1
             0,         0,             1,          0,            1,          0.49,                   0,              4,           0,                 1,           9,          15,     1
             0,         0,             1,          0,            1,          0.41,                   0,              3,           1,                 0,          15,           8,     0
             0,         0,             0,          1,            0,          0.0 ,                  63,              3,           1,                 0,           1,          11,     0
             0,         0,             1,          1,            0,          0.0 ,                   7,              4,           0,                 1,          14,           8,     0
             1,         0,             1,          0,            0,          0.0 ,                  96,              1,           0,                 0,           3,           3,     0
             0,         0,             1,          0,            0,          0.0 ,                  82,              3,           1,                 0,           6,           7,     0
             1,         1,             1,          0,            1,          0.92,                   0,              3,           1,                 0,           9,           9,     1
             1,         1,             1,          1,            0,          0.0 ,                  44,              3,           1,                 0,          11,          11,     1
             0,         0,             1,          1,            1,          0.22,                   0,              3,           1,                 0,           4,           5,     0
             1,         0,             1,          1,            1,          0.83,                   0,              3,           1,                 0,           1,           1,     1
             1,         1,             0,          1,            1,          0.81,                   0,              3,           1,                 0,          10,          10,     1
             0,         0,             0,          0,            1,          0.95,                   0,              4,           0,                 1,           4,           3,     1
             0,         0,             1,          1,            0,          0.0 ,                  12,              2,           0,                 0,           1,          11,     0
             0,         0,             1,          1,            1,          0.93,                   0,              1,           0,                 0,           7,           7,     1
             1,         1,             1,          1,            0,          0.0 ,                  24,              3,           1,                 0,           7,           7,     1
             0,         0,             0,          0,            0,          0.0 ,                  72,              3,           1,                 0,          15,          13,     0
             0,         0,             1,          0,            0,          0.0 ,                  11,              3,           1,                 0,           3,           9,     0
             0,         0,             1,          1,            0,          0.0 ,                  98,              3,           1,                 0,           4,          10,     0
             1,         1,             1,          0,            0,          0.0 ,                  21,              3,           1,                 0,          10,          10,     1
             0,         0,             0,          1,            1,          0.35,                   0,              3,           1,                 0,           2,          13,     0
             0,         0,             1,          0,            1,          0.67,                   0,              3,           1,                 0,           4,           1,     1
             0,         0,             0,          0,            0,          0.0 ,                  55,              4,           0,                 1,           2,          15,     0
             0,         0,             1,          1,            0,          0.0 ,                  77,              4,           0,                 1,           8,          13,     1
             0,         0,             1,          0,            0,          0.0 ,                  92,              3,           1,                 0,           8,          11,     0
             0,         0,             1,          1,            0,          0.0 ,                  78,              4,           0,                 1,          14,           1,     1
             1,         1,             0,          1,            1,          0.25,                   0,              3,           1,                 0,          15,          15,     0
             0,         0,             1,          0,            1,          0.64,                   0,              4,           0,                 1,           5,           9,     0
             1,         0,             1,          0,            1,          0.57,                   0,              1,           0,                 0,          13,          13,     1
             1,         1,             1,          1,            0,          0.0 ,                  37,              4,           0,                 1,          12,          12,     1
             1,         1,             1,          1,            1,          0.57,                   0,              3,           1,                 0,           5,           5,     1
             0,         0,             0,          0,            0,          0.0 ,                  79,              3,           1,                 0,           6,           2,     0
             1,         0,             1,          0,            0,          0.0 ,                  18,              3,           1,                 0,           6,           6,     0
             0,         0,             0,          0,            0,          0.0 ,                  47,              3,           1,                 0,           6,          15,     0
             1,         0,             1,          0,            1,          0.94,                   0,              1,           0,                 0,          13,          13,     1
             1,         0,             1,          1,            0,          0.0 ,                   1,              4,           0,                 1,          11,          11,     1
             0,         0,             1,          0,            1,          1.0 ,                   0,              3,           1,                 0,          13,          14,     1
             1,         0,             1,          0,            1,          0.75,                   0,              3,           1,                 0,          14,          14,     1
             0,         0,             1,          0,            1,          0.6 ,                   0,              3,           1,                 0,          14,          14,     1
             0,         0,             0,          1,            0,          0.0 ,                   3,              4,           0,                 1,           2,          15,     0
             1,         0,             1,          1,            1,          0.38,                   0,              3,           1,                 0,           2,           2,     0
             0,         0,             1,          0,            1,          0.57,                   0,              3,           1,                 0,           1,           1,     1
             1,         1,             0,          0,            1,          0.35,                   0,              1,           0,                 0,          13,          13,     0
             1,         0,             0,          0,            1,          0.65,                   0,              3,           1,                 0,           7,           7,     1
             1,         1,             0,          0,            1,          0.73,                   0,              3,           1,                 0,           6,           6,     1
             0,         0,             1,          1,            1,          0.59,                   0,              3,           1,                 0,          11,          10,     1
             0,         0,             0,          1,            1,          0.44,                   0,              4,           0,                 1,           1,          11,     0
             1,         0,             0,          1,            0,          0.0 ,                  15,              2,           0,                 0,           5,           5,     0
             0,         0,             0,          1,            0,          0.0 ,                  57,              4,           0,                 1,          15,          11,     0
             0,         0,             0,          0,            0,          0.0 ,                   1,              1,           0,                 0,           7,           9,     0
             1,         0,             1,          0,            0,          0.0 ,                   2,              3,           1,                 0,          11,          11,     0
             1,         0,             1,          0,            0,          0.0 ,                  28,              4,           0,                 1,           6,           6,     1
             0,         0,             0,          1,            0,          0.0 ,                  46,              2,           0,                 0,           6,           7,     0
             0,         0,             1,          1,            1,          0.46,                   0,              3,           1,                 0,          15,           8,     0
             1,         0,             0,          0,            1,          0.58,                   0,              4,           0,                 1,           5,           5,     0
             0,         0,             0,          1,            1,          0.32,                   0,              3,           1,                 0,          11,          13,     0
             0,         0,             0,          1,            1,          0.21,                   0,              3,           1,                 0,           7,           6,     0
             0,         0,             1,          1,            1,          0.53,                   0,              3,           1,                 0,           7,           5,     1
             0,         0,             1,          1,            1,          0.15,                   0,              3,           1,                 0,          14,          14,     0
             1,         1,             0,          0,            1,          0.61,                   0,              3,           1,                 0,           2,           2,     1
             1,         0,             1,          1,            0,          0.0 ,                  84,              4,           0,                 1,          11,          11,     1
             0,         0,             0,          1,            1,          0.57,                   0,              3,           1,                 0,           5,          13,     1
             1,         0,             1,          0,            0,          0.0 ,                  68,              1,           0,                 0,          13,          13,     0
             1,         0,             1,          0,            1,          0.96,                   0,              3,           1,                 0,           3,           3,     1
             0,         0,             0,          0,            1,          0.83,                   0,              1,           0,                 0,           7,           2,     1
             1,         0,             1,          1,            1,          0.87,                   0,              3,           1,                 0,           8,           8,     1
             0,         0,             1,          1,            0,          0.0 ,                  48,              1,           0,                 0,           4,          15,     0
             0,         0,             0,          1,            1,          0.91,                   0,              3,           1,                 0,          10,           3,     1
             1,         0,             1,          1,            1,          0.12,                   0,              4,           0,                 1,          10,          10,     1
             1,         0,             1,          0,            1,          0.29,                   0,              3,           1,                 0,          10,          10,     0
             0,         0,             1,          1,            1,          0.27,                   0,              4,           0,                 1,           9,           6,     1
             1,         0,             0,          0,            1,          0.48,                   0,              3,           1,                 0,          12,          12,     0
             1,         0,             0,          0,            0,          0.0 ,                  88,              4,           0,                 1,          10,          10,     0
             1,         1,             0,          1,            0,          0.0 ,                   7,              3,           1,                 0,           9,           9,     0
             1,         0,             1,          0,            1,          0.91,                   0,              4,           0,                 1,           4,           4,     1
             0,         0,             1,          1,            0,          0.0 ,                  74,              2,           0,                 0,           6,           6,     0
             1,         1,             0,          0,            1,          0.87,                   0,              4,           0,                 1,           1,           1,     1
             1,         1,             0,          1,            0,          0.0 ,                  69,              2,           0,                 0,          12,          12,     0
             0,         0,             0,          0,            1,          0.48,                   0,              3,           1,                 0,           2,           1,     0
             0,         0,             1,          0,            0,          0.0 ,                  89,              3,           1,                 0,           5,          14,     0
             1,         0,             0,          0,            1,          1.0 ,                   0,              1,           0,                 0,          12,          12,     1
             1,         1,             0,          1,            0,          0.0 ,                  46,              2,           0,                 0,           8,           8,     0
             1,         1,             0,          1,            0,          0.0 ,                  13,              4,           0,                 1,           6,           6,     0
             0,         0,             1,          0,            0,          0.0 ,                  37,              3,           1,                 0,           1,          11,     0
             0,         0,             1,          0,            1,          0.62,                   0,              1,           0,                 0,          10,          14,     1
             0,         0,             0,          0,            1,          0.38,                   0,              3,           1,                 0,          13,           8,     0
             1,         1,             0,          1,            1,          0.13,                   0,              3,           1,                 0,          14,          14,     0
             0,         0,             1,          0,            1,          0.67,                   0,              4,           0,                 1,          12,           5,     1
             0,         0,             0,          1,            1,          0.34,                   0,              3,           1,                 0,          10,          15,     0
             0,         0,             0,          0,            0,          0.0 ,                  11,              2,           0,                 0,           8,          14,     0
             0,         0,             0,          1,            1,          0.48,                   0,              1,           0,                 0,          13,           4,     0
             1,         0,             1,          1,            0,          0.0 ,                   4,              1,           0,                 0,          14,          14,     0
             0,         0,             0,          0,            0,          0.0 ,                  16,              3,           1,                 0,           4,           5,     0
             0,         0,             1,          0,            0,          0.0 ,                  40,              3,           1,                 0,          10,           1,     0
             0,         0,             1,          1,            0,          0.0 ,                  54,              2,           0,                 0,          11,          10,     0
             0,         0,             1,          1,            1,          0.33,                   0,              1,           0,                 0,           6,          11,     1
             1,         0,             1,          1,            0,          0.0 ,                  41,              4,           0,                 1,          12,          12,     1
             1,         1,             0,          1,            0,          0.0 ,                  45,              4,           0,                 1,          10,          10,     0
             1,         1,             1,          0,            1,          0.8 ,                   0,              4,           0,                 1,           3,           3,     1
             0,         0,             0,          0,            1,          0.5 ,                   0,              3,           1,                 0,           8,          15,     1
             0,         0,             1,          0,            0,          0.0 ,                  85,              4,           0,                 1,           3,          10,     1
             1,         1,             0,          0,            1,          0.3 ,                   0,              3,           1,                 0,           8,           8,     0
             0,         0,             1,          0,            0,          0.0 ,                  50,              3,           1,                 0,           9,           5,     0
             0,         0,             0,          1,            0,          0.0 ,                  79,              3,           1,                 0,           6,           8,     0
             1,         1,             0,          1,            1,          0.42,                   0,              3,           1,                 0,           4,           4,     0
             1,         0,             1,          0,            0,          0.0 ,                  54,              3,           1,                 0,           2,           2,     0
             0,         0,             1,          0,            0,          0.0 ,                  85,              4,           0,                 1,           7,          11,     1
             0,         0,             0,          0,            1,          0.69,                   0,              4,           0,                 1,          10,           7,     1
             0,         0,             0,          0,            0,          0.0 ,                  78,              1,           0,                 0,           8,           9,     0
             1,         1,             1,          0,            1,          0.48,                   0,              3,           1,                 0,           9,           9,     1
             0,         0,             1,          1,            0,          0.0 ,                  60,              4,           0,                 1,           6,          15,     1
             1,         1,             1,          1,            0,          0.0 ,                  20,              3,           1,                 0,           9,           9,     1
             1,         0,             0,          0,            1,          0.68,                   0,              3,           1,                 0,           4,           4,     1
             0,         0,             1,          1,            1,          0.76,                   0,              3,           1,                 0,           4,          12,     1
             0,         0,             0,          1,            0,          0.0 ,                  93,              4,           0,                 1,           4,          10,     0
             0,         0,             0,          0,            0,          0.0 ,                  17,              4,           0,                 1,           8,           6,     0
             0,         0,             1,          1,            0,          0.0 ,                 100,              3,           1,                 0,          11,          10,     0
             1,         1,             1,          1,            0,          0.0 ,                  12,              1,           0,                 0,           8,           8,     0
             0,         0,             1,          1,            1,          0.7 ,                   0,              3,           1,                 0,           3,           8,     1
             1,         0,             1,          1,            1,          0.85,                   0,              3,           1,                 0,          15,          15,     1
             0,         0,             0,          0,            1,          0.41,                   0,              3,           1,                 0,           4,           1,     0
             0,         0,             0,          1,            1,          0.4 ,                   0,              4,           0,                 1,           8,          13,     0
             1,         1,             0,          0,            0,          0.0 ,                   2,              2,           0,                 0,           5,           5,     0
             0,         0,             1,          0,            1,          0.98,                   0,              3,           1,                 0,          12,           9,     1
             1,         1,             0,          0,            0,          0.0 ,                  49,              4,           0,                 1,           7,           7,     0
             1,         0,             1,          0,            1,          0.49,                   0,              3,           1,                 0,          15,          15,     0
             1,         1,             1,          1,            0,          0.0 ,                  32,              4,           0,                 1,           7,           7,     1
             1,         1,             1,          0,            0,          0.0 ,                  52,              3,           1,                 0,           9,           9,     1
             1,         1,             0,          0,            0,          0.0 ,                  89,              2,           0,                 0,           8,           8,     0
             1,         0,             0,          1,            0,          0.0 ,                  52,              3,           1,                 0,           8,           8,     0
             0,         0,             0,          0,            1,          0.71,                   0,              1,           0,                 0,           9,          12,     1
             1,         0,             0,          1,            1,          0.92,                   0,              3,           1,                 0,           1,           1,     1
             0,         0,             1,          1,            0,          0.0 ,                  72,              3,           1,                 0,          15,          13,     0
             0,         0,             1,          1,            1,          0.69,                   0,              4,           0,                 1,           5,           6,     1
             0,         0,             1,          1,            1,          0.14,                   0,              3,           1,                 0,           7,           7,     0
             1,         1,             1,          0,            1,          0.85,                   0,              4,           0,                 1,           8,           8,     1
             1,         0,             0,          0,            0,          0.0 ,                  86,              4,           0,                 1,          13,          13,     0
             0,         0,             0,          1,            1,          0.68,                   0,              2,           0,                 0,          12,           6,     1
             1,         0,             0,          0,            1,          0.66,                   0,              3,           1,                 0,           3,           3,     1
             1,         1,             1,          0,            0,          0.0 ,                  62,              3,           1,                 0,           2,           2,     1
             0,         0,             1,          1,            0,          0.0 ,                  33,              4,           0,                 1,          14,          12,     1
             1,         0,             0,          1,            0,          0.0 ,                   4,              3,           1,                 0,           4,           4,     0
             0,         0,             1,          1,            0,          0.0 ,                  86,              3,           1,                 0,           2,           3,     0
             1,         1,             1,          1,            1,          0.92,                   0,              3,           1,                 0,          13,          13,     1
             1,         0,             0,          0,            1,          0.46,                   0,              1,           0,                 0,          14,          14,     0
             1,         0,             0,          1,            1,          0.49,                   0,              4,           0,                 1,          14,          14,     0
             1,         0,             1,          0,            0,          0.0 ,                  65,              3,           1,                 0,           3,           3,     0
             1,         1,             1,          1,            1,          0.3 ,                   0,              4,           0,                 1,           6,           6,     1
             0,         0,             1,          0,            0,          0.0 ,                  48,              4,           0,                 1,           9,           2,     1
             0,         0,             1,          1,            0,          0.0 ,                  97,              3,           1,                 0,           2,          10,     0
             1,         1,             0,          1,            1,          0.23,                   0,              4,           0,                 1,          15,          15,     0
             1,         0,             1,          0,            1,          0.5 ,                   0,              3,           1,                 0,          12,          12,     0
             0,         0,             1,          0,            1,          0.7 ,                   0,              4,           0,                 1,          12,          15,     1
             1,         1,             0,          1,            0,          0.0 ,                  17,              3,           1,                 0,          13,          13,     0
             1,         0,             1,          1,            0,          0.0 ,                  51,              3,           1,                 0,           8,           8,     0
             0,         0,             1,          0,            1,          0.21,                   0,              4,           0,                 1,           5,          11,     1
             0,         0,             1,          1,            1,          0.76,                   0,              3,           1,                 0,           7,           3,     0
             0,         0,             1,          1,            1,          0.96,                   0,              3,           1,                 0,          15,          10,     1
             1,         1,             1,          0,            0,          0.0 ,                   1,              1,           0,                 0,          10,          10,     0
             1,         1,             1,          0,            0,          0.0 ,                  78,              1,           0,                 0,          14,          14,     0
             0,         0,             1,          1,            1,          0.68,                   0,              3,           1,                 0,          10,          14,     1
             0,         0,             0,          1,            0,          0.0 ,                  10,              3,           1,                 0,          12,           3,     0
             0,         0,             0,          0,            1,          0.29,                   0,              1,           0,                 0,           6,           4,     0
             1,         0,             0,          1,            0,          0.0 ,                  24,              2,           0,                 0,          15,          15,     0
             0,         0,             1,          1,            1,          0.74,                   0,              3,           1,                 0,           9,           5,     1
             1,         0,             1,          1,            0,          0.0 ,                  13,              1,           0,                 0,           8,           8,     0
             1,         0,             0,          1,            0,          0.0 ,                  14,              2,           0,                 0,          12,          12,     0
             1,         0,             0,          0,            0,          0.0 ,                  74,              4,           0,                 1,          14,          14,     0
             1,         0,             0,          1,            1,          0.16,                   0,              3,           1,                 0,           2,           2,     0
             0,         0,             0,          0,            1,          0.61,                   0,              3,           1,                 0,          10,           7,     1
             0,         0,             1,          0,            0,          0.0 ,                  81,              3,           1,                 0,           7,           4,     0
             0,         0,             1,          0,            1,          0.51,                   0,              3,           1,                 0,          15,          14,     1
             1,         0,             0,          0,            1,          0.63,                   0,              4,           0,                 1,          10,          10,     1
             1,         0,             0,          1,            0,          0.0 ,                  57,              3,           1,                 0,          10,          10,     0
             0,         0,             1,          0,            1,          0.78,                   0,              2,           0,                 0,           6,          12,     1
             0,         0,             1,          1,            0,          0.0 ,                  77,              1,           0,                 0,           4,           9,     0
             1,         0,             1,          0,            0,          0.0 ,                   6,              3,           1,                 0,           6,           6,     0
             1,         1,             0,          0,            0,          0.0 ,                  46,              2,           0,                 0,           4,           4,     0
             0,         0,             0,          0,            0,          0.0 ,                  38,              4,           0,                 1,          15,          12,     0
             0,         0,             0,          0,            1,          0.38,                   0,              4,           0,                 1,          14,           5,     0
             0,         0,             0,          1,            0,          0.0 ,                  31,              1,           0,                 0,          14,           7,     0
             0,         0,             1,          1,            1,          0.37,                   0,              4,           0,                 1,          15,           7,     1
             0,         0,             1,          1,            0,          0.0 ,                  74,              3,           1,                 0,           5,           8,     0
             0,         0,             0,          0,            0,          0.0 ,                  35,              2,           0,                 0,          14,          12,     0
             1,         0,             1,          0,            0,          0.0 ,                  31,              4,           0,                 1,          10,          10,     1
             1,         1,             0,          0,            0,          0.0 ,                  92,              1,           0,                 0,           6,           6,     0
             0,         0,             1,          0,            0,          0.0 ,                  67,              1,           0,                 0,           2,          12,     0
             0,         0,             0,          0,            0,          0.0 ,                  28,              4,           0,                 1,           1,           3,     0
             1,         1,             0,          1,            1,          0.35,                   0,              3,           1,                 0,          10,          10,     0
             0,         0,             1,          0,            1,          0.2 ,                   0,              3,           1,                 0,           6,          14,     0
             1,         0,             1,          0,            1,          0.73,                   0,              3,           1,                 0,           9,           9,     1
             0,         0,             1,          1,            1,          0.82,                   0,              3,           1,                 0,          10,          15,     1
             1,         0,             0,          0,            1,          0.19,                   0,              3,           1,                 0,          15,          15,     0
             0,         0,             1,          1,            0,          0.0 ,                  89,              3,           1,                 0,           3,           4,     0
             1,         0,             1,          0,            1,          0.99,                   0,              4,           0,                 1,          15,          15,     0
             1,         1,             0,          1,            1,          0.46,                   0,              2,           0,                 0,           2,           2,     0
             0,         0,             1,          1,            0,          0.0 ,                   8,              3,           1,                 0,          14,           8,     0
             1,         1,             0,          0,            1,          0.43,                   0,              2,           0,                 0,           6,           6,     0
             0,         0,             0,          1,            1,          0.25,                   0,              1,           0,                 0,          12,           9,     0
             1,         1,             1,          1,            0,          0.0 ,                  30,              3,           1,                 0,          10,          10,     1
             1,         1,             1,          0,            1,          0.66,                   0,              3,           1,                 0,          13,          13,     1
             1,         1,             0,          1,            1,          0.24,                   0,              1,           0,                 0,          12,          12,     0
             0,         0,             0,          0,            0,          0.0 ,                   4,              2,           0,                 0,          12,           3,     0
             1,         0,             1,          1,            1,          0.76,                   0,              3,           1,                 0,          11,          11,     1
             0,         0,             0,          0,            0,          0.0 ,                   5,              3,           1,                 0,          11,           2,     0
             0,         0,             1,          1,            0,          0.0 ,                  65,              3,           1,                 0,           8,          13,     0
             1,         1,             0,          0,            1,          0.34,                   0,              4,           0,                 1,          11,          11,     0
             1,         1,             0,          1,            0,          0.0 ,                   4,              3,           1,                 0,          10,          10,     0
             0,         0,             0,          1,            1,          0.85,                   0,              3,           1,                 0,           7,           7,     1
             1,         0,             0,          1,            0,          0.0 ,                  69,              4,           0,                 1,           1,           1,     0
             0,         0,             0,          0,            1,          0.34,                   0,              3,           1,                 0,           4,           4,     0
             1,         1,             1,          1,            0,          0.0 ,                  92,              1,           0,                 0,           4,           4,     0
             0,         0,             1,          0,            1,          0.73,                   0,              3,           1,                 0,          10,           9,     0
             1,         1,             1,          0,            0,          0.0 ,                  14,              3,           1,                 0,           7,           7,     1
             1,         1,             0,          1,            0,          0.0 ,                  79,              4,           0,                 1,           3,           3,     0
             1,         0,             0,          1,            0,          0.0 ,                  62,              1,           0,                 0,           7,           7,     0
             0,         0,             0,          1,            0,          0.0 ,                   9,              3,           1,                 0,           6,           9,     0
             0,         0,             1,          1,            1,          0.41,                   0,              1,           0,                 0,          14,          13,     0
             1,         0,             0,          1,            0,          0.0 ,                  38,              3,           1,                 0,          12,          12,     0
             1,         1,             1,          0,            1,          0.32,                   0,              1,           0,                 0,           3,           3,     0
             1,         1,             0,          1,            1,          0.19,                   0,              3,           1,                 0,          10,          10,     0
             0,         0,             0,          1,            0,          0.0 ,                  43,              2,           0,                 0,          11,           2,     0
             0,         0,             1,          1,            0,          0.0 ,                  91,              1,           0,                 0,           3,           2,     0
             0,         0,             0,          0,            1,          0.54,                   0,              4,           0,                 1,          13,           1,     1
             1,         1,             1,          0,            1,          0.58,                   0,              3,           1,                 0,          15,          15,     1
             0,         0,             1,          1,            1,          0.99,                   0,              3,           1,                 0,           9,          10,     1
             0,         0,             0,          1,            0,          0.0 ,                  97,              2,           0,                 0,          12,          11,     0
             0,         0,             1,          0,            1,          0.51,                   0,              3,           1,                 0,          15,           3,     1
             1,         0,             1,          0,            1,          0.66,                   0,              4,           0,                 1,          15,          15,     1
             1,         1,             1,          0,            1,          0.5 ,                   0,              3,           1,                 0,           8,           8,     1
             1,         0,             0,          0,            0,          0.0 ,                  62,              3,           1,                 0,          10,          10,     0
             1,         0,             1,          1,            1,          0.31,                   0,              3,           1,                 0,           4,           4,     0
             0,         0,             0,          1,            1,          0.74,                   0,              2,           0,                 0,           1,          10,     0
             1,         1,             0,          1,            0,          0.0 ,                   1,              3,           1,                 0,           9,           9,     0
             1,         0,             0,          1,            0,          0.0 ,                  16,              2,           0,                 0,           6,           6,     0
             1,         0,             1,          0,            0,          0.0 ,                  83,              3,           1,                 0,          15,          15,     0
             1,         0,             0,          1,            1,          0.55,                   0,              3,           1,                 0,          15,          15,     1
             0,         0,             0,          1,            1,          0.33,                   0,              4,           0,                 1,          12,           2,     0
             1,         0,             0,          0,            1,          0.27,                   0,              4,           0,                 1,           8,           8,     0
             0,         0,             0,          0,            1,          0.25,                   0,              4,           0,                 1,          14,          10,     0
             1,         1,             0,          1,            0,          0.0 ,                  47,              2,           0,                 0,           8,           8,     0
             0,         0,             1,          1,            1,          0.14,                   0,              3,           1,                 0,           5,           4,     0
             1,         1,             1,          1,            1,          0.27,                   0,              3,           1,                 0,           6,           6,     0
             0,         0,             1,          0,            1,          0.72,                   0,              3,           1,                 0,           2,          12,     1
             1,         0,             0,          0,            0,          0.0 ,                  95,              3,           1,                 0,           6,           6,     0
             0,         0,             1,          1,            0,          0.0 ,                  46,              3,           1,                 0,          12,           6,     0
             1,         0,             0,          1,            0,          0.0 ,                  53,              3,           1,                 0,           6,           6,     0
             1,         0,             0,          0,            0,          0.0 ,                  75,              2,           0,                 0,           8,           8,     0
             1,         0,             1,          0,            1,          0.74,                   0,              3,           1,                 0,           2,           2,     1
             0,         0,             1,          1,            0,          0.0 ,                  23,              4,           0,                 1,          12,          15,     1
             0,         0,             0,          0,            0,          0.0 ,                  60,              3,           1,                 0,          10,           6,     0
             0,         0,             1,          0,            0,          0.0 ,                  73,              4,           0,                 1,           9,           8,     1
             1,         0,             0,          1,            1,          0.58,                   0,              3,           1,                 0,           7,           7,     1
             1,         1,             1,          0,            1,          0.85,                   0,              4,           0,                 1,          11,          11,     1
             1,         0,             1,          1,            1,          0.96,                   0,              3,           1,                 0,           5,           5,     1
             1,         1,             0,          1,            0,          0.0 ,                  58,              3,           1,                 0,           8,           8,     0
             0,         0,             1,          1,            1,          0.45,                   0,              3,           1,                 0,           4,          14,     0
             0,         0,             0,          0,            0,          0.0 ,                  20,              3,           1,                 0,           7,           5,     0
             1,         0,             1,          0,            1,          0.88,                   0,              2,           0,                 0,           8,           8,     1
             0,         0,             0,          0,            0,          0.0 ,                  35,              3,           1,                 0,           7,           6,     0
             1,         1,             1,          1,            1,          0.65,                   0,              3,           1,                 0,           3,           3,     1
             0,         0,             0,          1,            0,          0.0 ,                  96,              3,           1,                 0,           5,          15,     0
             1,         1,             1,          1,            0,          0.0 ,                  95,              4,           0,                 1,          11,          11,     1
             1,         0,             1,          0,            1,          0.92,                   0,              4,           0,                 1,           7,           7,     1
             1,         1,             0,          0,            0,          0.0 ,                  97,              4,           0,                 1,          12,          12,     0
             1,         1,             1,          1,            0,          0.0 ,                  94,              3,           1,                 0,           3,           3,     1
             0,         0,             1,          0,            1,          0.44,                   0,              3,           1,                 0,          13,          15,     0
             0,         0,             1,          1,            0,          0.0 ,                  90,              3,           1,                 0,           7,           9,     0
             1,         1,             1,          0,            0,          0.0 ,                  21,              1,           0,                 0,          12,          12,     0
             0,         0,             1,          1,            1,          0.44,                   0,              3,           1,                 0,           8,           4,     0
             1,         1,             1,          0,            1,          0.41,                   0,              3,           1,                 0,          11,          11,     1
             0,         0,             1,          1,            0,          0.0 ,                  22,              3,           1,                 0,          10,          15,     0
             0,         0,             1,          0,            0,          0.0 ,                  55,              3,           1,                 0,          11,           7,     0
             1,         0,             0,          0,            1,          0.18,                   0,              4,           0,                 1,           5,           5,     0
             1,         0,             1,          0,            1,          0.6 ,                   0,              2,           0,                 0,          11,          11,     0
             1,         0,             0,          1,            0,          0.0 ,                  15,              1,           0,                 0,           3,           3,     0
             1,         0,             0,          1,            0,          0.0 ,                  63,              3,           1,                 0,           1,           1,     0
             0,         0,             1,          1,            0,          0.0 ,                  37,              3,           1,                 0,          11,          13,     0
             1,         1,             1,          1,            1,          0.8 ,                   0,              4,           0,                 1,           9,           9,     1
             0,         0,             0,          1,            1,          0.6 ,                   0,              4,           0,                 1,           6,          11,     1
             0,         0,             1,          1,            0,          0.0 ,                  74,              2,           0,                 0,           7,          13,     0
             1,         0,             0,          0,            1,          0.51,                   0,              3,           1,                 0,           1,           1,     1
             0,         0,             1,          1,            1,          0.18,                   0,              4,           0,                 1,           9,           4,     1
             0,         0,             0,          1,            1,          0.85,                   0,              3,           1,                 0,           9,           2,     1
             0,         0,             1,          1,            0,          0.0 ,                  74,              2,           0,                 0,          14,           3,     0
             1,         0,             0,          0,            1,          0.31,                   0,              4,           0,                 1,          10,          10,     0
             0,         0,             0,          1,            1,          0.89,                   0,              3,           1,                 0,           2,           3,     1
             0,         0,             0,          0,            1,          0.65,                   0,              4,           0,                 1,           6,           9,     1
             0,         0,             0,          0,            1,          0.41,                   0,              3,           1,                 0,           3,          13,     0
             1,         0,             0,          1,            1,          0.38,                   0,              1,           0,                 0,          14,          14,     0
             0,         0,             1,          1,            0,          0.0 ,                  81,              3,           1,                 0,          14,          11,     0
             1,         1,             0,          0,            0,          0.0 ,                  73,              3,           1,                 0,           4,           4,     0
             1,         0,             0,          0,            0,          0.0 ,                  99,              4,           0,                 1,           7,           7,     0
             0,         0,             1,          1,            1,          0.79,                   0,              3,           1,                 0,           6,          13,     1
             0,         0,             0,          1,            1,          0.83,                   0,              3,           1,                 0,           4,          12,     1
             0,         0,             1,          1,            1,          0.25,                   0,              3,           1,                 0,           9,           8,     0
             0,         0,             1,          1,            0,          0.0 ,                 100,              4,           0,                 1,           5,          10,     1
             0,         0,             1,          0,            0,          0.0 ,                  53,              3,           1,                 0,          13,           4,     0
             1,         0,             1,          1,            0,          0.0 ,                  80,              4,           0,                 1,           7,           7,     1
             0,         0,             1,          1,            0,          0.0 ,                  28,              3,           1,                 0,          13,           9,     0
             1,         0,             0,          1,            0,          0.0 ,                   6,              3,           1,                 0,           4,           4,     0
             0,         0,             0,          1,            1,          0.88,                   0,              4,           0,                 1,           5,           9,     1
             0,         0,             0,          1,            0,          0.0 ,                  84,              1,           0,                 0,          12,           3,     0
             0,         0,             1,          1,            0,          0.0 ,                  29,              3,           1,                 0,           4,          13,     0
             1,         1,             0,          1,            1,          0.16,                   0,              2,           0,                 0,           6,           6,     0
             1,         1,             1,          1,            1,          0.56,                   0,              3,           1,                 0,           2,           2,     1
             1,         1,             1,          0,            0,          0.0 ,                  48,              3,           1,                 0,          10,          10,     1
             0,         0,             1,          0,            1,          0.38,                   0,              1,           0,                 0,           9,          15,     0
             0,         0,             0,          0,            1,          0.45,                   0,              3,           1,                 0,          10,          15,     0
             1,         1,             1,          0,            1,          0.88,                   0,              2,           0,                 0,           3,           3,     1
             1,         1,             1,          1,            0,          0.0 ,                  59,              4,           0,                 1,          15,          15,     1
             0,         0,             1,          1,            1,          0.5 ,                   0,              2,           0,                 0,          13,          12,     0
             0,         0,             0,          1,            0,          0.0 ,                  60,              3,           1,                 0,           1,          13,     0
             0,         0,             0,          0,            1,          0.41,                   0,              1,           0,                 0,           9,           4,     0
             0,         0,             1,          0,            1,          0.24,                   0,              2,           0,                 0,           1,           9,     0
             0,         0,             0,          1,            0,          0.0 ,                  97,              2,           0,                 0,          13,          13,     0
             0,         0,             1,          1,            0,          0.0 ,                  35,              4,           0,                 1,           5,          10,     1
             0,         0,             1,          0,            1,          0.37,                   0,              2,           0,                 0,           7,          12,     0
             0,         0,             0,          1,            0,          0.0 ,                  43,              3,           1,                 0,           3,           3,     0
             0,         0,             1,          1,            1,          0.82,                   0,              2,           0,                 0,          11,           7,     0
             0,         0,             1,          0,            0,          0.0 ,                  85,              1,           0,                 0,          12,           8,     0
             0,         0,             1,          1,            0,          0.0 ,                   4,              1,           0,                 0,          14,           7,     0
             0,         0,             1,          0,            0,          0.0 ,                  51,              3,           1,                 0,           2,          12,     0
             1,         1,             0,          0,            0,          0.0 ,                  96,              3,           1,                 0,          10,          10,     0
             0,         0,             0,          0,            1,          0.18,                   0,              2,           0,                 0,          15,           4,     0
             0,         0,             1,          1,            1,          0.6 ,                   0,              4,           0,                 1,          14,           2,     1
             1,         1,             0,          1,            0,          0.0 ,                  74,              1,           0,                 0,           4,           4,     0
             1,         0,             1,          0,            1,          0.73,                   0,              1,           0,                 0,           5,           5,     1
             1,         1,             0,          1,            0,          0.0 ,                   8,              2,           0,                 0,           9,           9,     1
             0,         0,             1,          1,            0,          0.0 ,                   4,              4,           0,                 1,          11,           8,     1
             1,         0,             0,          1,            1,          0.94,                   0,              4,           0,                 1,          11,          11,     1
             0,         0,             0,          0,            1,          0.29,                   0,              4,           0,                 1,           8,          14,     0
             1,         0,             1,          0,            0,          0.0 ,                  97,              3,           1,                 0,           5,           5,     0
             0,         0,             0,          0,            1,          0.56,                   0,              1,           0,                 0,           5,           4,     1
             1,         0,             0,          1,            0,          0.0 ,                  79,              3,           1,                 0,          10,          10,     0
             0,         0,             1,          0,            1,          0.58,                   0,              3,           1,                 0,           3,           5,     1
             1,         0,             0,          0,            1,          0.67,                   0,              3,           1,                 0,           8,           8,     1
             0,         0,             0,          0,            0,          0.0 ,                  90,              3,           1,                 0,           2,           6,     0
             0,         0,             0,          0,            0,          0.0 ,                  80,              3,           1,                 0,          15,           5,     0
             0,         0,             0,          1,            0,          0.0 ,                  39,              3,           1,                 0,          10,           2,     0
             0,         0,             0,          1,            0,          0.0 ,                   7,              3,           1,                 0,           9,           7,     0
             1,         0,             1,          0,            0,          0.0 ,                  61,              3,           1,                 0,          13,          13,     0
             0,         0,             0,          1,            0,          0.0 ,                  36,              3,           1,                 0,          10,           9,     0
             1,         1,             1,          0,            1,          0.16,                   0,              3,           1,                 0,           9,           9,     1
             1,         0,             1,          1,            1,          0.39,                   0,              3,           1,                 0,           9,           9,     0
             0,         0,             1,          1,            0,          0.0 ,                  66,              4,           0,                 1,          12,           3,     1
             0,         0,             0,          0,            1,          0.47,                   0,              4,           0,                 1,           5,          10,     0
             0,         0,             1,          0,            0,          0.0 ,                  30,              3,           1,                 0,           9,           1,     0
             1,         0,             1,          0,            0,          0.0 ,                  95,              3,           1,                 0,           4,           4,     1
             0,         0,             0,          1,            0,          0.0 ,                   5,              1,           0,                 0,           2,           2,     0
             0,         0,             0,          0,            1,          0.52,                   0,              1,           0,                 0,           8,           6,     1
             1,         1,             1,          1,            1,          0.61,                   0,              3,           1,                 0,           7,           7,     1
             0,         0,             1,          0,            0,          0.0 ,                  99,              3,           1,                 0,           4,           4,     1
             1,         1,             0,          0,            0,          0.0 ,                  63,              1,           0,                 0,          12,          12,     0
             0,         0,             1,          0,            0,          0.0 ,                  62,              2,           0,                 0,           9,          11,     0
             1,         0,             0,          1,            1,          0.9 ,                   0,              3,           1,                 0,          12,          12,     1
             1,         0,             1,          0,            0,          0.0 ,                   2,              3,           1,                 0,          13,          13,     0
             1,         0,             1,          1,            1,          0.97,                   0,              4,           0,                 1,           1,           1,     1
             1,         0,             0,          1,            1,          0.43,                   0,              3,           1,                 0,           8,           8,     0
             1,         1,             1,          0,            1,          0.67,                   0,              3,           1,                 0,           4,           4,     1
             1,         1,             1,          1,            1,          0.64,                   0,              4,           0,                 1,          12,          12,     1
             0,         0,             0,          0,            1,          1.0 ,                   0,              3,           1,                 0,          14,           7,     1
             0,         0,             0,          0,            1,          0.33,                   0,              3,           1,                 0,           1,           3,     0
             0,         0,             0,          0,            1,          0.46,                   0,              4,           0,                 1,          14,           1,     0
             0,         0,             0,          0,            1,          0.84,                   0,              3,           1,                 0,          13,          11,     1
             1,         1,             1,          1,            0,          0.0 ,                  99,              1,           0,                 0,           9,           9,     0
             1,         1,             0,          0,            0,          0.0 ,                  96,              3,           1,                 0,          12,          12,     0
             0,         0,             1,          0,            0,          0.0 ,                  59,              1,           0,                 0,           3,          14,     0
             0,         0,             0,          1,            1,          0.78,                   0,              3,           1,                 0,          14,           9,     1
             1,         0,             0,          1,            0,          0.0 ,                  96,              2,           0,                 0,           2,           2,     0
             0,         0,             0,          0,            0,          0.0 ,                  11,              4,           0,                 1,           7,           1,     0
             0,         0,             1,          0,            1,          0.97,                   0,              4,           0,                 1,          14,           5,     1
             1,         0,             1,          1,            1,          0.48,                   0,              3,           1,                 0,           8,           8,     0
             1,         1,             0,          1,            1,          0.46,                   0,              3,           1,                 0,           7,           7,     0
             0,         0,             0,          1,            0,          0.0 ,                  41,              3,           1,                 0,          11,           1,     0
             0,         0,             0,          1,            0,          0.0 ,                  34,              3,           1,                 0,          15,          10,     0
             0,         0,             0,          1,            1,          0.69,                   0,              4,           0,                 1,          10,          14,     1
             0,         0,             1,          0,            0,          0.0 ,                  71,              2,           0,                 0,           8,          11,     0
             0,         0,             1,          1,            0,          0.0 ,                  60,              3,           1,                 0,          12,           2,     0
             1,         0,             1,          0,            0,          0.0 ,                  40,              3,           1,                 0,          10,          10,     0
             0,         0,             0,          1,            0,          0.0 ,                  95,              1,           0,                 0,          14,           9,     1
             1,         0,             1,          1,            1,          0.83,                   0,              4,           0,                 1,           7,           7,     1
             1,         1,             1,          0,            1,          0.84,                   0,              2,           0,                 0,           7,           7,     1
             0,         0,             1,          1,            1,          0.74,                   0,              3,           1,                 0,           6,           5,     1
             1,         1,             0,          0,            1,          0.4 ,                   0,              3,           1,                 0,          11,          11,     0
             1,         1,             1,          1,            1,          0.17,                   0,              3,           1,                 0,           3,           3,     1
             1,         0,             0,          0,            1,          0.31,                   0,              3,           1,                 0,          11,          11,     0
             1,         0,             1,          1,            1,          0.73,                   0,              3,           1,                 0,           7,           7,     1
             0,         0,             1,          0,            1,          0.62,                   0,              3,           1,                 0,           6,           9,     1
             1,         0,             1,          0,            1,          0.11,                   0,              4,           0,                 1,           1,           1,     1
             0,         0,             0,          1,            0,          0.0 ,                  84,              2,           0,                 0,           5,           3,     0
             1,         0,             0,          1,            0,          0.0 ,                  66,              4,           0,                 1,           6,           6,     0
             1,         1,             1,          0,            1,          0.28,                   0,              3,           1,                 0,           5,           5,     1
             1,         1,             1,          1,            1,          0.67,                   0,              3,           1,                 0,           6,           6,     1
             0,         0,             1,          0,            1,          0.73,                   0,              1,           0,                 0,           2,          15,     1
             0,         0,             0,          1,            1,          0.83,                   0,              3,           1,                 0,           5,          10,     1
             0,         0,             1,          1,            0,          0.0 ,                  36,              2,           0,                 0,           6,           9,     0
             1,         1,             0,          0,            1,          0.98,                   0,              4,           0,                 1,           2,           2,     0
             1,         0,             1,          1,            0,          0.0 ,                  71,              3,           1,                 0,          14,          14,     0
             1,         1,             1,          0,            0,          0.0 ,                   2,              2,           0,                 0,          10,          10,     0
             0,         0,             1,          1,            1,          0.99,                   0,              3,           1,                 0,           7,           5,     1
             1,         1,             0,          1,            0,          0.0 ,                  64,              1,           0,                 0,           8,           8,     0
             1,         0,             0,          1,            1,          0.15,                   0,              3,           1,                 0,           4,           4,     0
             1,         0,             0,          1,            0,          0.0 ,                  44,              1,           0,                 0,          11,          11,     0
             1,         0,             1,          0,            1,          0.5 ,                   0,              1,           0,                 0,           7,           7,     0
             0,         0,             0,          0,            0,          0.0 ,                  52,              2,           0,                 0,           4,           4,     0
             1,         1,             0,          1,            0,          0.0 ,                  55,              3,           1,                 0,           5,           5,     1
             1,         0,             1,          0,            0,          0.0 ,                  39,              1,           0,                 0,           5,           5,     0
             0,         0,             1,          1,            1,          0.75,                   0,              3,           1,                 0,          12,          14,     1
             0,         0,             0,          0,            0,          0.0 ,                  43,              3,           1,                 0,           2,           1,     0
             0,         0,             0,          0,            0,          0.0 ,                  26,              4,           0,                 1,           1,           9,     0
             1,         0,             0,          0,            1,          0.44,                   0,              3,           1,                 0,          13,          13,     0
             0,         0,             0,          1,            0,          0.0 ,                  55,              3,           1,                 0,           9,           9,     0
             1,         0,             1,          1,            1,          0.51,                   0,              4,           0,                 1,           4,           4,     0
             1,         1,             1,          0,            1,          0.42,                   0,              1,           0,                 0,           1,           1,     0
             0,         0,             1,          0,            1,          0.9 ,                   0,              1,           0,                 0,           3,           5,     1
             0,         0,             0,          1,            1,          0.83,                   0,              1,           0,                 0,          14,          11,     1
             0,         0,             0,          0,            0,          0.0 ,                  72,              4,           0,                 1,           3,          11,     0
             1,         1,             1,          0,            0,          0.0 ,                  18,              2,           0,                 0,          12,          12,     0
             0,         0,             0,          0,            0,          0.0 ,                  94,              1,           0,                 0,          12,          13,     0
             0,         0,             0,          1,            0,          0.0 ,                  39,              3,           1,                 0,           9,           3,     0
             1,         1,             1,          1,            1,          0.16,                   0,              2,           0,                 0,           6,           6,     0
             1,         1,             0,          0,            0,          0.0 ,                  32,              1,           0,                 0,          13,          13,     0
             0,         0,             1,          0,            0,          0.0 ,                   6,              4,           0,                 1,           4,          10,     1
             1,         1,             0,          1,            0,          0.0 ,                  73,              3,           1,                 0,          12,          12,     1
             1,         0,             0,          1,            1,          0.18,                   0,              4,           0,                 1,          13,          13,     0
             1,         0,             0,          1,            0,          0.0 ,                   4,              3,           1,                 0,           3,           3,     0
             1,         0,             1,          1,            1,          0.69,                   0,              4,           0,                 1,           5,           5,     1
             0,         0,             0,          1,            0,          0.0 ,                  46,              3,           1,                 0,          11,           5,     0
             0,         0,             1,          1,            1,          0.61,                   0,              4,           0,                 1,          13,           7,     1
             0,         0,             0,          1,            1,          0.53,                   0,              3,           1,                 0,          14,           7,     1
             0,         0,             0,          0,            0,          0.0 ,                  56,              2,           0,                 0,          12,           8,     0
             1,         0,             1,          0,            1,          0.89,                   0,              2,           0,                 0,           1,           1,     0
             1,         0,             1,          1,            1,          0.66,                   0,              4,           0,                 1,           4,           4,     1
             1,         0,             1,          0,            1,          0.41,                   0,              1,           0,                 0,          10,          10,     0
             1,         1,             1,          0,            0,          0.0 ,                  84,              4,           0,                 1,          12,          12,     1
             1,         1,             1,          1,            1,          0.21,                   0,              1,           0,                 0,           8,           8,     0
             1,         0,             1,          1,            1,          0.63,                   0,              1,           0,                 0,           5,           5,     1
             1,         1,             1,          1,            0,          0.0 ,                   2,              1,           0,                 0,          13,          13,     1
             1,         0,             1,          1,            1,          0.37,                   0,              4,           0,                 1,           4,           4,     1
             0,         0,             1,          0,            1,          0.94,                   0,              4,           0,                 1,           6,           1,     1
             0,         0,             0,          1,            1,          0.92,                   0,              3,           1,                 0,           1,           2,     1
             0,         0,             0,          0,            0,          0.0 ,                  45,              4,           0,                 1,          10,           1,     0
             1,         0,             0,          1,            0,          0.0 ,                  76,              3,           1,                 0,           7,           7,     0
             1,         1,             0,          0,            0,          0.0 ,                  46,              4,           0,                 1,          15,          15,     0
             0,         0,             1,          0,            1,          0.69,                   0,              1,           0,                 0,          13,          14,     1
             1,         0,             0,          0,            0,          0.0 ,                   9,              3,           1,                 0,           1,           1,     0
             0,         0,             1,          0,            0,          0.0 ,                  82,              3,           1,                 0,           8,           8,     0
             1,         1,             0,          1,            0,          0.0 ,                  94,              3,           1,                 0,           8,           8,     0
             1,         1,             0,          0,            1,          0.16,                   0,              3,           1,                 0,           5,           5,     0
             0,         0,             0,          0,            0,          0.0 ,                  72,              1,           0,                 0,           2,          14,     0
             0,         0,             1,          1,            0,          0.0 ,                  44,              3,           1,                 0,           3,           5,     0
             0,         0,             0,          0,            0,          0.0 ,                  20,              3,           1,                 0,           5,           9,     0
             1,         1,             0,          0,            1,          0.79,                   0,              1,           0,                 0,          12,          12,     1
             0,         0,             1,          1,            0,          0.0 ,                  81,              3,           1,                 0,           7,           8,     0
             1,         1,             0,          0,            0,          0.0 ,                  35,              4,           0,                 1,           7,           7,     0
             1,         0,             1,          0,            1,          0.12,                   0,              3,           1,                 0,           4,           4,     0
             0,         0,             1,          1,            1,          0.98,                   0,              3,           1,                 0,           2,          14,     1
             0,         0,             1,          0,            1,          0.75,                   0,              4,           0,                 1,          11,          14,     1
             0,         0,             1,          0,            1,          0.46,                   0,              2,           0,                 0,           1,          10,     1
             0,         0,             1,          1,            0,          0.0 ,                  76,              3,           1,                 0,           7,           9,     0
             0,         0,             0,          1,            0,          0.0 ,                  78,              4,           0,                 1,          10,          12,     0
             0,         0,             1,          0,            1,          0.88,                   0,              3,           1,                 0,          10,          10,     1
             0,         0,             1,          0,            1,          0.6 ,                   0,              3,           1,                 0,          12,           4,     1
             0,         0,             0,          0,            0,          0.0 ,                  30,              2,           0,                 0,           4,           1,     0
             0,         0,             1,          1,            1,          0.43,                   0,              3,           1,                 0,           9,           5,     0
             1,         1,             1,          1,            1,          0.88,                   0,              1,           0,                 0,           4,           4,     1
             0,         0,             1,          1,            1,          0.76,                   0,              3,           1,                 0,           2,           4,     1
             1,         1,             1,          1,            1,          0.63,                   0,              3,           1,                 0,           6,           6,     1
             1,         0,             0,          0,            1,          0.98,                   0,              3,           1,                 0,          10,          10,     1
             1,         0,             1,          1,            1,          0.59,                   0,              3,           1,                 0,           7,           7,     1
             1,         0,             0,          1,            0,          0.0 ,                  44,              3,           1,                 0,          13,          13,     1
             1,         0,             0,          1,            1,          0.48,                   0,              3,           1,                 0,          10,          10,     0
             0,         0,             0,          0,            0,          0.0 ,                  68,              4,           0,                 1,          15,           8,     0
             0,         0,             0,          1,            1,          0.64,                   0,              3,           1,                 0,          14,          15,     1
             0,         0,             0,          0,            0,          0.0 ,                  95,              3,           1,                 0,           8,           3,     0
             1,         0,             0,          1,            0,          0.0 ,                  67,              3,           1,                 0,          12,          12,     0
             1,         1,             1,          1,            0,          0.0 ,                  45,              4,           0,                 1,           5,           5,     1
             1,         0,             0,          1,            1,          0.51,                   0,              1,           0,                 0,          14,          14,     1
             0,         0,             0,          1,            1,          0.44,                   0,              1,           0,                 0,          12,          13,     0
             0,         0,             0,          1,            1,          0.14,                   0,              1,           0,                 0,           1,          13,     0
             1,         0,             1,          0,            0,          0.0 ,                   2,              3,           1,                 0,           5,           5,     0
             0,         0,             1,          1,            1,          0.51,                   0,              3,           1,                 0,          10,           8,     1
             0,         0,             0,          1,            1,          0.52,                   0,              3,           1,                 0,           6,           9,     1
             1,         1,             1,          0,            0,          0.0 ,                  25,              3,           1,                 0,           7,           7,     1
             0,         0,             0,          1,            1,          0.93,                   0,              4,           0,                 1,          14,           4,     0
             1,         0,             1,          0,            0,          0.0 ,                  44,              4,           0,                 1,          15,          15,     0
             0,         0,             1,          1,            1,          0.99,                   0,              3,           1,                 0,          11,           8,     1
             1,         1,             0,          1,            1,          0.14,                   0,              3,           1,                 0,          11,          11,     0
             0,         0,             0,          0,            0,          0.0 ,                  88,              3,           1,                 0,          11,           8,     0
             1,         0,             1,          0,            0,          0.0 ,                  86,              3,           1,                 0,          15,          15,     0
             0,         0,             1,          1,            1,          0.3 ,                   0,              2,           0,                 0,           6,          10,     0
             0,         0,             1,          1,            0,          0.0 ,                  98,              3,           1,                 0,           7,           3,     0
             1,         0,             1,          0,            1,          0.43,                   0,              3,           1,                 0,           7,           7,     0
             0,         0,             0,          1,            1,          0.16,                   0,              1,           0,                 0,           5,          12,     0
             0,         0,             1,          0,            0,          0.0 ,                  48,              1,           0,                 0,           4,           3,     0
             0,         0,             0,          0,            0,          0.0 ,                  41,              1,           0,                 0,           7,           9,     0
             0,         0,             1,          1,            1,          0.82,                   0,              2,           0,                 0,           5,           7,     1
             0,         0,             0,          1,            0,          0.0 ,                  61,              3,           1,                 0,          12,           1,     0
             0,         0,             0,          0,            1,          0.34,                   0,              3,           1,                 0,           9,          15,     0
             1,         1,             0,          0,            0,          0.0 ,                  24,              3,           1,                 0,           7,           7,     0
             1,         1,             1,          1,            0,          0.0 ,                  99,              3,           1,                 0,          14,          14,     1
             0,         0,             0,          1,            1,          0.37,                   0,              2,           0,                 0,          15,           5,     0
             1,         1,             0,          0,            1,          0.52,                   0,              3,           1,                 0,           5,           5,     1
             1,         0,             0,          1,            1,          0.78,                   0,              3,           1,                 0,           1,           1,     1
             0,         0,             1,          1,            0,          0.0 ,                  13,              1,           0,                 0,           9,           4,     1
             1,         0,             0,          1,            0,          0.0 ,                  26,              2,           0,                 0,          11,          11,     0
             0,         0,             0,          0,            1,          0.55,                   0,              3,           1,                 0,           5,          14,     1
             0,         0,             1,          1,            0,          0.0 ,                  11,              2,           0,                 0,           9,           7,     0
             1,         1,             0,          0,            1,          0.15,                   0,              3,           1,                 0,           6,           6,     0
             1,         1,             1,          1,            0,          0.0 ,                  21,              3,           1,                 0,           1,           1,     1
             0,         0,             1,          1,            0,          0.0 ,                  72,              3,           1,                 0,           4,           2,     0
             0,         0,             0,          0,            0,          0.0 ,                   2,              2,           0,                 0,           1,           6,     0
             0,         0,             0,          0,            1,          0.24,                   0,              3,           1,                 0,           4,           7,     0
             1,         1,             0,          1,            0,          0.0 ,                  25,              3,           1,                 0,          12,          12,     0
             1,         1,             1,          0,            0,          0.0 ,                  94,              2,           0,                 0,           9,           9,     0
             0,         0,             1,          0,            1,          0.13,                   0,              2,           0,                 0,          10,           3,     0
             1,         0,             1,          1,            0,          0.0 ,                  46,              1,           0,                 0,           9,           9,     0
             1,         1,             1,          1,            0,          0.0 ,                  10,              3,           1,                 0,           6,           6,     1
             0,         0,             1,          0,            0,          0.0 ,                  58,              2,           0,                 0,          14,           8,     0
             1,         1,             0,          0,            1,          0.25,                   0,              2,           0,                 0,          12,          12,     0
             1,         1,             0,          0,            1,          0.35,                   0,              2,           0,                 0,           6,           6,     0
             1,         1,             1,          0,            0,          0.0 ,                  53,              4,           0,                 1,           7,           7,     1
             1,         0,             1,          0,            1,          0.4 ,                   0,              4,           0,                 1,           9,           9,     1
             0,         0,             0,          0,            1,          0.13,                   0,              3,           1,                 0,          14,           9,     0
             0,         0,             1,          0,            0,          0.0 ,                  99,              3,           1,                 0,           2,          13,     0
             1,         0,             0,          0,            0,          0.0 ,                  57,              3,           1,                 0,           1,           1,     0
             1,         0,             1,          1,            0,          0.0 ,                  75,              4,           0,                 1,          12,          12,     1
             1,         1,             1,          0,            0,          0.0 ,                  11,              2,           0,                 0,           4,           4,     0
             1,         0,             1,          1,            0,          0.0 ,                  83,              4,           0,                 1,           5,           5,     1
             0,         0,             1,          0,            1,          0.84,                   0,              1,           0,                 0,          15,          10,     1
             1,         1,             1,          0,            1,          0.13,                   0,              1,           0,                 0,           4,           4,     0
             0,         0,             0,          0,            1,          0.89,                   0,              4,           0,                 1,          13,          11,     1
             1,         0,             1,          0,            0,          0.0 ,                  35,              4,           0,                 1,          11,          11,     1
             1,         1,             1,          0,            1,          0.48,                   0,              3,           1,                 0,           3,           3,     1
             0,         0,             0,          0,            1,          0.33,                   0,              2,           0,                 0,          13,          11,     0
             1,         1,             0,          0,            1,          0.58,                   0,              1,           0,                 0,           9,           9,     0
             0,         0,             1,          1,            0,          0.0 ,                  11,              2,           0,                 0,          14,          13,     0
             0,         0,             1,          0,            1,          0.6 ,                   0,              3,           1,                 0,          15,           1,     1
             1,         0,             0,          1,            1,          0.88,                   0,              3,           1,                 0,          14,          14,     1
             1,         1,             1,          1,            0,          0.0 ,                  88,              4,           0,                 1,           9,           9,     1
             1,         0,             0,          1,            0,          0.0 ,                  10,              3,           1,                 0,          15,          15,     0
             1,         0,             0,          0,            0,          0.0 ,                  97,              4,           0,                 1,           3,           3,     0
             0,         0,             1,          1,            0,          0.0 ,                  96,              3,           1,                 0,           7,          10,     0
             0,         0,             0,          0,            1,          0.98,                   0,              4,           0,                 1,          14,           9,     0
             1,         0,             0,          1,            1,          0.14,                   0,              2,           0,                 0,          13,          13,     0
             1,         0,             1,          1,            0,          0.0 ,                  48,              4,           0,                 1,           9,           9,     1
             0,         0,             1,          1,            1,          0.66,                   0,              2,           0,                 0,          12,          15,     1
             0,         0,             1,          0,            1,          0.61,                   0,              3,           1,                 0,          10,           5,     1
             1,         0,             0,          0,            0,          0.0 ,                  89,              4,           0,                 1,          12,          12,     0
             0,         0,             0,          0,            0,          0.0 ,                  35,              2,           0,                 0,           1,          11,     0
             0,         0,             1,          1,            0,          0.0 ,                  72,              2,           0,                 0,          13,          13,     0
             1,         1,             0,          0,            1,          0.23,                   0,              4,           0,                 1,           6,           6,     0
             1,         1,             0,          0,            0,          0.0 ,                  37,              2,           0,                 0,           9,           9,     0
             1,         1,             0,          1,            0,          0.0 ,                  66,              3,           1,                 0,           3,           3,     0
             1,         1,             1,          1,            1,          0.87,                   0,              3,           1,                 0,           8,           8,     1
             1,         0,             1,          1,            0,          0.0 ,                  73,              3,           1,                 0,           2,           2,     0
             1,         0,             1,          1,            1,          0.41,                   0,              4,           0,                 1,          10,          10,     1
             0,         0,             1,          0,            0,          0.0 ,                  75,              3,           1,                 0,          10,          13,     0
             1,         0,             1,          1,            0,          0.0 ,                  38,              3,           1,                 0,           6,           6,     0
             0,         0,             1,          0,            0,          0.0 ,                   7,              3,           1,                 0,           2,          10,     0
             0,         0,             0,          0,            0,          0.0 ,                  18,              3,           1,                 0,           3,           6,     0
             1,         1,             0,          0,            0,          0.0 ,                  28,              2,           0,                 0,          10,          10,     0
             1,         0,             1,          0,            1,          0.43,                   0,              3,           1,                 0,          12,          12,     0
             1,         1,             0,          1,            0,          0.0 ,                  14,              3,           1,                 0,          12,          12,     0
             1,         1,             1,          1,            1,          0.16,                   0,              3,           1,                 0,          11,          11,     1
             1,         0,             1,          0,            0,          0.0 ,                   7,              4,           0,                 1,           3,           3,     1
             1,         0,             0,          1,            1,          0.43,                   0,              3,           1,                 0,           2,           2,     0
             1,         0,             0,          1,            0,          0.0 ,                  41,              3,           1,                 0,          15,          15,     0
             1,         1,             1,          1,            0,          0.0 ,                  57,              3,           1,                 0,           6,           6,     1
             1,         0,             0,          1,            1,          0.17,                   0,              1,           0,                 0,          12,          12,     0
             0,         0,             1,          0,            1,          0.11,                   0,              3,           1,                 0,           8,          14,     0
             0,         0,             1,          0,            0,          0.0 ,                   4,              3,           1,                 0,          15,           3,     0
             1,         0,             1,          1,            1,          0.95,                   0,              1,           0,                 0,           1,           1,     1
             0,         0,             1,          0,            1,          0.92,                   0,              1,           0,                 0,          10,           4,     1
             0,         0,             1,          1,            0,          0.0 ,                  29,              3,           1,                 0,           4,           9,     0
             1,         1,             0,          1,            0,          0.0 ,                  54,              1,           0,                 0,          14,          14,     0
             0,         0,             1,          1,            1,          0.81,                   0,              4,           0,                 1,           6,           9,     1
             1,         1,             1,          1,            1,          0.48,                   0,              3,           1,                 0,           5,           5,     0
             0,         0,             1,          0,            1,          0.19,                   0,              3,           1,                 0,           6,          14,     0
             1,         0,             1,          0,            1,          0.29,                   0,              4,           0,                 1,           4,           4,     1
             0,         0,             0,          0,            0,          0.0 ,                   2,              3,           1,                 0,          15,          13,     0
             0,         0,             0,          1,            0,          0.0 ,                  52,              2,           0,                 0,          12,          13,     0
             1,         1,             1,          0,            1,          0.74,                   0,              3,           1,                 0,           1,           1,     1
             0,         0,             0,          1,            1,          0.1 ,                   0,              2,           0,                 0,           8,           5,     0
             0,         0,             1,          0,            0,          0.0 ,                  35,              3,           1,                 0,          12,          12,     0
             0,         0,             0,          0,            0,          0.0 ,                  79,              3,           1,                 0,           6,          10,     0
             1,         0,             0,          0,            0,          0.0 ,                  91,              2,           0,                 0,           2,           2,     0
             1,         1,             0,          0,            1,          0.97,                   0,              1,           0,                 0,           7,           7,     1
             0,         0,             0,          0,            1,          0.78,                   0,              4,           0,                 1,           2,           2,     1
             1,         1,             1,          0,            1,          0.47,                   0,              4,           0,                 1,           2,           2,     1
             0,         0,             1,          0,            0,          0.0 ,                  70,              2,           0,                 0,           6,           6,     0
             0,         0,             0,          0,            0,          0.0 ,                  60,              3,           1,                 0,          14,           4,     0
             0,         0,             0,          0,            1,          0.54,                   0,              3,           1,                 0,           6,          13,     1
             1,         1,             1,          1,            1,          0.31,                   0,              3,           1,                 0,          10,          10,     1
             0,         0,             0,          0,            1,          0.81,                   0,              4,           0,                 1,           2,           3,     1
             1,         1,             0,          1,            0,          0.0 ,                   7,              4,           0,                 1,           3,           3,     0
             1,         1,             0,          1,            0,          0.0 ,                  93,              3,           1,                 0,           1,           1,     0
             0,         0,             1,          1,            0,          0.0 ,                  45,              2,           0,                 0,           6,           2,     0
             1,         1,             0,          0,            0,          0.0 ,                  68,              3,           1,                 0,          13,          13,     0
             1,         0,             1,          0,            1,          0.2 ,                   0,              4,           0,                 1,          13,          13,     1
             0,         0,             0,          0,            1,          0.98,                   0,              4,           0,                 1,           9,           8,     1
             1,         0,             0,          0,            1,          0.25,                   0,              3,           1,                 0,           7,           7,     0
             1,         0,             1,          0,            0,          0.0 ,                  39,              3,           1,                 0,           8,           8,     0
             0,         0,             1,          0,            1,          0.81,                   0,              3,           1,                 0,          12,          15,     1
             0,         0,             1,          0,            0,          0.0 ,                  15,              3,           1,                 0,          12,           5,     0
             1,         1,             0,          0,            1,          0.21,                   0,              3,           1,                 0,           2,           2,     0
             1,         1,             0,          1,            0,          0.0 ,                  72,              2,           0,                 0,           1,           1,     0
             1,         0,             1,          0,            1,          0.97,                   0,              4,           0,                 1,           4,           4,     1
             0,         0,             1,          1,            0,          0.0 ,                  41,              4,           0,                 1,           7,           2,     1
             0,         0,             1,          0,            0,          0.0 ,                  74,              1,           0,                 0,           7,          14,     0
             0,         0,             0,          0,            0,          0.0 ,                  45,              3,           1,                 0,           5,          13,     0
             1,         0,             1,          0,            0,          0.0 ,                  12,              4,           0,                 1,          15,          15,     1
             1,         0,             1,          1,            1,          0.46,                   0,              2,           0,                 0,           6,           6,     0
             1,         1,             1,          0,            0,          0.0 ,                  54,              3,           1,                 0,          15,          15,     1
             0,         0,             0,          0,            0,          0.0 ,                  58,              4,           0,                 1,           3,           3,     0
             1,         0,             0,          1,            0,          0.0 ,                  57,              4,           0,                 1,          11,          11,     0
             1,         0,             1,          0,            0,          0.0 ,                  68,              2,           0,                 0,           8,           8,     0
             1,         0,             1,          1,            0,          0.0 ,                  22,              4,           0,                 1,           9,           9,     1
             1,         0,             1,          1,            0,          0.0 ,                  51,              3,           1,                 0,           9,           9,     0
             1,         0,             0,          1,            1,          0.8 ,                   0,              2,           0,                 0,          15,          15,     1
             0,         0,             0,          1,            0,          0.0 ,                  77,              3,           1,                 0,           8,          13,     0
             1,         1,             0,          1,            1,          0.86,                   0,              2,           0,                 0,           4,           4,     1
             0,         0,             0,          0,            1,          0.42,                   0,              2,           0,                 0,           6,          13,     0
             0,         0,             0,          1,            1,          0.49,                   0,              3,           1,                 0,          15,           4,     0
             0,         0,             1,          0,            1,          0.51,                   0,              2,           0,                 0,          11,          11,     1
             0,         0,             0,          1,            1,          0.79,                   0,              2,           0,                 0,          12,           7,     1
             1,         0,             0,          1,            1,          0.96,                   0,              3,           1,                 0,          15,          15,     1
             1,         1,             1,          1,            1,          0.59,                   0,              4,           0,                 1,           7,           7,     1
             1,         0,             0,          0,            1,          0.96,                   0,              3,           1,                 0,           4,           4,     1
             1,         0,             0,          0,            0,          0.0 ,                  98,              4,           0,                 1,          14,          14,     0
             1,         0,             0,          0,            0,          0.0 ,                  21,              3,           1,                 0,           2,           2,     0
             1,         1,             0,          1,            1,          0.83,                   0,              1,           0,                 0,          14,          14,     1
             0,         0,             1,          0,            1,          0.51,                   0,              4,           0,                 1,           2,           3,     1
             1,         1,             0,          1,            0,          0.0 ,                  56,              3,           1,                 0,           2,           2,     0
             0,         0,             1,          0,            1,          0.26,                   0,              3,           1,                 0,          13,          15,     0
             1,         1,             0,          0,            1,          0.56,                   0,              3,           1,                 0,           5,           5,     1
             0,         0,             0,          1,            1,          0.62,                   0,              4,           0,                 1,          10,          15,     1
             0,         0,             1,          0,            1,          0.74,                   0,              3,           1,                 0,           7,           7,     1
             0,         0,             0,          1,            1,          0.47,                   0,              3,           1,                 0,          15,           9,     0
             0,         0,             0,          1,            1,          0.13,                   0,              3,           1,                 0,          12,           6,     0
             1,         1,             1,          0,            1,          0.67,                   0,              3,           1,                 0,           4,           4,     1
             1,         1,             1,          1,            1,          0.71,                   0,              3,           1,                 0,           6,           6,     1
             0,         0,             0,          1,            0,          0.0 ,                  57,              4,           0,                 1,           6,           4,     0
             0,         0,             1,          0,            0,          0.0 ,                  37,              3,           1,                 0,           2,           3,     0
             0,         0,             1,          1,            1,          0.81,                   0,              3,           1,                 0,          11,           6,     1
             1,         1,             1,          0,            0,          0.0 ,                  66,              3,           1,                 0,           4,           4,     1
             0,         0,             1,          0,            1,          0.5 ,                   0,              4,           0,                 1,          13,           3,     1
             1,         1,             1,          0,            0,          0.0 ,                  35,              3,           1,                 0,          11,          11,     1
             0,         0,             1,          0,            0,          0.0 ,                  75,              4,           0,                 1,           7,           4,     1
             0,         0,             1,          1,            0,          0.0 ,                  10,              2,           0,                 0,           6,          11,     0
             1,         1,             1,          0,            1,          0.36,                   0,              4,           0,                 1,          14,          14,     1
             0,         0,             0,          1,            1,          0.51,                   0,              4,           0,                 1,          11,           8,     1
             1,         0,             1,          1,            1,          0.53,                   0,              3,           1,                 0,          12,          12,     1
             0,         0,             1,          0,            1,          0.14,                   0,              3,           1,                 0,           7,          14,     0
             1,         1,             0,          0,            1,          0.84,                   0,              4,           0,                 1,          15,          15,     1
             1,         1,             1,          0,            1,          0.36,                   0,              3,           1,                 0,           9,           9,     1
             0,         0,             1,          0,            1,          0.85,                   0,              4,           0,                 1,           4,          15,     1
             0,         0,             1,          0,            0,          0.0 ,                  18,              3,           1,                 0,           3,           5,     0
             0,         0,             1,          1,            1,          0.44,                   0,              1,           0,                 0,           7,          14,     0
             0,         0,             1,          0,            1,          0.4 ,                   0,              4,           0,                 1,          15,           7,     0
             0,         0,             1,          1,            0,          0.0 ,                  63,              3,           1,                 0,           2,           7,     1
             1,         0,             1,          1,            1,          0.36,                   0,              3,           1,                 0,           3,           3,     0
             0,         0,             1,          1,            1,          0.5 ,                   0,              3,           1,                 0,          10,          14,     1
             1,         1,             1,          1,            0,          0.0 ,                  39,              4,           0,                 1,           5,           5,     1
             0,         0,             0,          0,            1,          0.67,                   0,              4,           0,                 1,           7,           7,     1
             0,         0,             0,          1,            1,          0.13,                   0,              1,           0,                 0,           1,           5,     0
             1,         1,             1,          1,            1,          0.68,                   0,              3,           1,                 0,          11,          11,     1
             1,         0,             1,          0,            1,          0.12,                   0,              2,           0,                 0,          10,          10,     0
             0,         0,             0,          0,            0,          0.0 ,                  59,              2,           0,                 0,          15,           9,     0
             0,         0,             0,          0,            1,          0.74,                   0,              4,           0,                 1,           2,          12,     1
             0,         0,             1,          0,            0,          0.0 ,                  90,              3,           1,                 0,          10,           3,     0
             0,         0,             1,          1,            1,          0.21,                   0,              1,           0,                 0,          10,           6,     0
             0,         0,             0,          0,            0,          0.0 ,                  83,              4,           0,                 1,           8,          10,     0
             0,         0,             0,          1,            0,          0.0 ,                  90,              2,           0,                 0,           4,          13,     0
             0,         0,             1,          0,            1,          0.29,                   0,              3,           1,                 0,           6,          14,     0
             0,         0,             0,          0,            1,          0.64,                   0,              3,           1,                 0,           1,          15,     1
             0,         0,             0,          1,            0,          0.0 ,                  80,              2,           0,                 0,           3,           3,     0
             0,         0,             1,          1,            0,          0.0 ,                  74,              3,           1,                 0,          10,          15,     0
             1,         0,             1,          0,            1,          0.49,                   0,              3,           1,                 0,          15,          15,     0
             1,         1,             0,          0,            0,          0.0 ,                  83,              3,           1,                 0,          13,          13,     0
             1,         1,             0,          0,            1,          0.78,                   0,              2,           0,                 0,           5,           5,     1
             0,         0,             1,          0,            0,          0.0 ,                  16,              3,           1,                 0,           2,          15,     0
             1,         1,             0,          0,            1,          0.2 ,                   0,              3,           1,                 0,           5,           5,     0
             1,         0,             1,          1,            1,          0.41,                   0,              3,           1,                 0,           4,           4,     0
             1,         1,             1,          1,            0,          0.0 ,                  75,              3,           1,                 0,          12,          12,     1
             0,         0,             1,          1,            1,          0.18,                   0,              3,           1,                 0,           8,          10,     0
             0,         0,             0,          0,            1,          0.4 ,                   0,              2,           0,                 0,           6,           2,     0
             0,         0,             0,          0,            1,          0.29,                   0,              3,           1,                 0,          12,           1,     0
             1,         0,             0,          0,            0,          0.0 ,                  23,              3,           1,                 0,           5,           5,     0
             0,         0,             1,          1,            1,          0.44,                   0,              3,           1,                 0,           2,           9,     0
             0,         0,             0,          1,            0,          0.0 ,                  85,              4,           0,                 1,           2,           5,     0
             1,         0,             1,          1,            0,          0.0 ,                  81,              2,           0,                 0,           5,           5,     0
             0,         0,             0,          1,            0,          0.0 ,                  94,              3,           1,                 0,           3,           9,     0
             0,         0,             0,          0,            1,          0.34,                   0,              2,           0,                 0,           4,          13,     0
             0,         0,             0,          1,            1,          0.63,                   0,              2,           0,                 0,          14,           1,     1
             0,         0,             1,          0,            1,          0.31,                   0,              3,           1,                 0,           6,           9,     1
             1,         1,             0,          0,            1,          0.57,                   0,              4,           0,                 1,           9,           9,     1
             0,         0,             1,          0,            1,          0.83,                   0,              2,           0,                 0,          10,           8,     1
             0,         0,             0,          0,            1,          0.45,                   0,              3,           1,                 0,           3,           3,     0
             0,         0,             0,          1,            1,          0.79,                   0,              4,           0,                 1,          12,          15,     1
             0,         0,             0,          1,            0,          0.0 ,                  44,              2,           0,                 0,           4,           8,     0
             1,         0,             1,          0,            1,          0.48,                   0,              4,           0,                 1,          15,          15,     1
             0,         0,             1,          1,            0,          0.0 ,                  91,              3,           1,                 0,           4,           6,     0
             0,         0,             0,          1,            1,          0.58,                   0,              2,           0,                 0,          14,           9,     1
             1,         1,             1,          0,            1,          0.6 ,                   0,              3,           1,                 0,          13,          13,     1
             0,         0,             0,          0,            0,          0.0 ,                  32,              3,           1,                 0,           6,           6,     0
             0,         0,             0,          1,            0,          0.0 ,                  85,              3,           1,                 0,          11,           2,     0
             0,         0,             1,          0,            0,          0.0 ,                  53,              3,           1,                 0,          10,           9,     0
             1,         0,             0,          1,            1,          0.78,                   0,              3,           1,                 0,           6,           6,     1
             0,         0,             1,          0,            1,          0.54,                   0,              3,           1,                 0,          15,           2,     1
             1,         0,             0,          1,            1,          0.88,                   0,              4,           0,                 1,           9,           9,     1
             0,         0,             0,          1,            1,          0.51,                   0,              4,           0,                 1,           3,           5,     1
             1,         0,             1,          0,            0,          0.0 ,                  87,              3,           1,                 0,          12,          12,     0
             0,         0,             0,          0,            0,          0.0 ,                  28,              2,           0,                 0,           8,           9,     0
             1,         1,             1,          1,            1,          0.64,                   0,              2,           0,                 0,           5,           5,     1
             0,         0,             0,          0,            0,          0.0 ,                  73,              4,           0,                 1,           3,           4,     0
             1,         1,             1,          0,            1,          0.43,                   0,              3,           1,                 0,           8,           8,     1
             0,         0,             0,          0,            1,          0.61,                   0,              3,           1,                 0,           1,           2,     1
             1,         0,             0,          0,            0,          0.0 ,                  73,              3,           1,                 0,           7,           7,     0
             1,         0,             1,          0,            0,          0.0 ,                  18,              4,           0,                 1,          10,          10,     1
             1,         0,             0,          1,            1,          0.21,                   0,              4,           0,                 1,           5,           5,     0
             1,         1,             1,          1,            1,          0.69,                   0,              4,           0,                 1,          13,          13,     1
             0,         0,             1,          1,            1,          0.7 ,                   0,              1,           0,                 0,          13,          15,     1
             0,         0,             1,          0,            0,          0.0 ,                  56,              3,           1,                 0,           4,           7,     0
             0,         0,             1,          1,            1,          0.85,                   0,              1,           0,                 0,          11,           1,     1
             0,         0,             0,          0,            1,          0.86,                   0,              3,           1,                 0,          11,           9,     1
             1,         0,             0,          0,            0,          0.0 ,                  89,              4,           0,                 1,          14,          14,     0
             1,         0,             1,          1,            1,          0.5 ,                   0,              3,           1,                 0,           5,           5,     0
             0,         0,             0,          1,            1,          0.9 ,                   0,              2,           0,                 0,           2,          12,     1
             1,         1,             1,          0,            0,          0.0 ,                  81,              3,           1,                 0,           1,           1,     1
             0,         0,             0,          1,            0,          0.0 ,                  42,              3,           1,                 0,           8,          12,     0
             1,         0,             0,          1,            1,          0.66,                   0,              1,           0,                 0,           5,           5,     1
             1,         0,             0,          0,            1,          0.11,                   0,              1,           0,                 0,          10,          10,     0
             1,         1,             1,          1,            0,          0.0 ,                  91,              4,           0,                 1,          14,          14,     1
             0,         0,             1,          0,            1,          0.28,                   0,              4,           0,                 1,          11,          11,     1
             1,         0,             0,          0,            0,          0.0 ,                   8,              4,           0,                 1,          14,          14,     1
             0,         0,             0,          1,            0,          0.0 ,                  76,              4,           0,                 1,          15,           9,     0
             0,         0,             0,          0,            0,          0.0 ,                  83,              3,           1,                 0,           2,           9,     0
             0,         0,             0,          1,            1,          0.43,                   0,              3,           1,                 0,           6,           1,     0
             1,         0,             1,          1,            0,          0.0 ,                  13,              1,           0,                 0,           4,           4,     0
             0,         0,             0,          1,            0,          0.0 ,                  21,              4,           0,                 1,           9,           9,     0
             1,         0,             1,          1,            1,          0.8 ,                   0,              4,           0,                 1,           6,           6,     1
             0,         0,             0,          0,            1,          0.42,                   0,              4,           0,                 1,           5,          10,     0
             0,         0,             0,          0,            1,          0.57,                   0,              3,           1,                 0,           1,           5,     1
             0,         0,             0,          1,            1,          0.72,                   0,              4,           0,                 1,           6,          12,     1
             0,         0,             1,          1,            0,          0.0 ,                  20,              3,           1,                 0,          14,           7,     0
             1,         1,             1,          1,            0,          0.0 ,                  88,              4,           0,                 1,           8,           8,     1
             0,         0,             1,          0,            0,          0.0 ,                  75,              1,           0,                 0,           9,          13,     0
             1,         0,             0,          1,            0,          0.0 ,                  76,              2,           0,                 0,          12,          12,     0
             0,         0,             1,          1,            1,          0.14,                   0,              4,           0,                 1,           4,          12,     1
             0,         0,             0,          1,            1,          0.35,                   0,              3,           1,                 0,           9,           1,     0
             0,         0,             0,          0,            0,          0.0 ,                  20,              4,           0,                 1,           7,          15,     0
             0,         0,             1,          1,            0,          0.0 ,                  74,              2,           0,                 0,          11,          15,     0
             0,         0,             0,          1,            0,          0.0 ,                  75,              3,           1,                 0,          14,           9,     1
             0,         0,             1,          1,            0,          0.0 ,                  22,              3,           1,                 0,           3,          13,     0
             1,         0,             1,          1,            0,          0.0 ,                  72,              4,           0,                 1,           4,           4,     1
             1,         0,             1,          1,            1,          0.92,                   0,              4,           0,                 1,           1,           1,     1
             0,         0,             0,          1,            0,          0.0 ,                  38,              3,           1,                 0,           5,          13,     0
             1,         0,             1,          0,            1,          0.74,                   0,              2,           0,                 0,           5,           5,     1
             1,         0,             1,          1,            0,          0.0 ,                  10,              2,           0,                 0,          13,          13,     0
             1,         0,             1,          0,            0,          0.0 ,                  14,              2,           0,                 0,           7,           7,     0
             0,         0,             0,          0,            0,          0.0 ,                  13,              3,           1,                 0,          12,          15,     0
             1,         0,             1,          0,            0,          0.0 ,                  36,              4,           0,                 1,          12,          12,     1
             1,         1,             0,          1,            1,          0.7 ,                   0,              1,           0,                 0,          10,          10,     1
             1,         0,             1,          0,            1,          0.2 ,                   0,              2,           0,                 0,           2,           2,     0
             1,         0,             0,          1,            1,          0.68,                   0,              4,           0,                 1,           1,           1,     1
             0,         0,             0,          0,            1,          0.89,                   0,              3,           1,                 0,           4,          11,     1
             1,         0,             0,          0,            0,          0.0 ,                  78,              3,           1,                 0,          11,          11,     0
             0,         0,             1,          0,            0,          0.0 ,                  59,              2,           0,                 0,          12,           3,     1
             0,         0,             0,          1,            1,          0.32,                   0,              3,           1,                 0,           4,           1,     0
             1,         0,             1,          0,            1,          1.0 ,                   0,              3,           1,                 0,           3,           3,     1
             1,         0,             1,          0,            0,          0.0 ,                  93,              2,           0,                 0,           3,           3,     0
             1,         1,             0,          1,            0,          0.0 ,                  38,              3,           1,                 0,          10,          10,     0
             0,         0,             0,          1,            0,          0.0 ,                  10,              4,           0,                 1,          15,          12,     0
             1,         0,             0,          1,            1,          0.34,                   0,              1,           0,                 0,          15,          15,     0
             0,         0,             1,          0,            0,          0.0 ,                  81,              1,           0,                 0,          11,           9,     0
             0,         0,             1,          0,            1,          1.0 ,                   0,              3,           1,                 0,          15,           4,     1
             1,         0,             0,          1,            0,          0.0 ,                  58,              3,           1,                 0,          15,          15,     0
             0,         0,             1,          1,            1,          0.4 ,                   0,              3,           1,                 0,          15,           3,     1
             1,         1,             0,          0,            1,          0.45,                   0,              3,           1,                 0,           2,           2,     0
             0,         0,             1,          0,            1,          0.29,                   0,              4,           0,                 1,           4,           8,     1
             0,         0,             1,          1,            0,          0.0 ,                  86,              4,           0,                 1,          12,           1,     1
             1,         1,             0,          1,            0,          0.0 ,                  77,              2,           0,                 0,          13,          13,     0
             1,         0,             0,          1,            1,          0.14,                   0,              3,           1,                 0,           9,           9,     0
             0,         0,             0,          1,            0,          0.0 ,                  97,              3,           1,                 0,           7,           8,     0
             0,         0,             0,          1,            1,          0.39,                   0,              4,           0,                 1,          10,           9,     0
             1,         0,             0,          1,            0,          0.0 ,                  21,              3,           1,                 0,           5,           5,     0
             0,         0,             0,          0,            1,          0.13,                   0,              4,           0,                 1,          13,          14,     0
             1,         0,             0,          1,            1,          0.97,                   0,              3,           1,                 0,          10,          10,     1
             1,         1,             1,          1,            1,          0.95,                   0,              1,           0,                 0,          14,          14,     1
             0,         0,             1,          0,            0,          0.0 ,                  22,              4,           0,                 1,           5,          13,     1
             0,         0,             0,          0,            1,          0.34,                   0,              4,           0,                 1,          12,           2,     0
             1,         0,             1,          1,            0,          0.0 ,                  82,              4,           0,                 1,          13,          13,     1
             1,         0,             1,          1,            1,          0.9 ,                   0,              3,           1,                 0,          14,          14,     1
             1,         1,             1,          0,            1,          0.44,                   0,              1,           0,                 0,           7,           7,     0
             1,         1,             0,          1,            1,          0.52,                   0,              2,           0,                 0,          12,          12,     1
             1,         0,             1,          0,            1,          0.64,                   0,              4,           0,                 1,           8,           8,     1
             1,         1,             1,          1,            0,          0.0 ,                  55,              3,           1,                 0,          13,          13,     1
             0,         0,             1,          0,            1,          0.84,                   0,              4,           0,                 1,           1,          13,     1
             1,         1,             0,          1,            1,          0.32,                   0,              3,           1,                 0,          13,          13,     0
             1,         0,             1,          0,            0,          0.0 ,                  87,              1,           0,                 0,           1,           1,     0
             0,         0,             0,          1,            1,          0.94,                   0,              3,           1,                 0,          14,           1,     1
             1,         1,             0,          0,            1,          0.79,                   0,              3,           1,                 0,          10,          10,     1
             1,         0,             0,          1,            0,          0.0 ,                  84,              2,           0,                 0,           8,           8,     0
             0,         0,             0,          1,            1,          0.83,                   0,              3,           1,                 0,           8,           2,     1
             1,         0,             1,          0,            0,          0.0 ,                  11,              2,           0,                 0,           6,           6,     0
             1,         1,             1,          1,            1,          0.64,                   0,              3,           1,                 0,          10,          10,     0
             0,         0,             1,          1,            1,          0.79,                   0,              4,           0,                 1,          14,           5,     0
             1,         0,             0,          0,            1,          0.49,                   0,              2,           0,                 0,           1,           1,     0
             1,         0,             1,          0,            0,          0.0 ,                  68,              1,           0,                 0,           9,           9,     0
             0,         0,             0,          0,            1,          0.62,                   0,              1,           0,                 0,           6,          11,     1
             0,         0,             1,          0,            0,          0.0 ,                  94,              3,           1,                 0,          12,          12,     0
             1,         1,             1,          0,            1,          0.51,                   0,              4,           0,                 1,          15,          15,     1
             1,         0,             0,          0,            1,          0.83,                   0,              2,           0,                 0,          13,          13,     1
             1,         0,             1,          0,            0,          0.0 ,                  35,              3,           1,                 0,           7,           7,     0
             1,         1,             0,          0,            0,          0.0 ,                  20,              3,           1,                 0,          14,          14,     0
             1,         0,             0,          0,            1,          0.33,                   0,              4,           0,                 1,           7,           7,     0
             1,         1,             0,          1,            1,          0.35,                   0,              3,           1,                 0,           7,           7,     0
             1,         0,             1,          1,            1,          0.78,                   0,              3,           1,                 0,           8,           8,     1
             1,         1,             0,          0,            1,          0.42,                   0,              3,           1,                 0,          15,          15,     0
             0,         0,             0,          1,            0,          0.0 ,                  35,              4,           0,                 1,          15,           9,     0
             0,         0,             1,          0,            0,          0.0 ,                  47,              3,           1,                 0,          14,           6,     0
             1,         1,             1,          0,            0,          0.0 ,                  51,              3,           1,                 0,          15,          15,     1
             1,         1,             0,          1,            0,          0.0 ,                  70,              3,           1,                 0,          11,          11,     0
             0,         0,             1,          1,            1,          0.25,                   0,              1,           0,                 0,           1,          11,     0
             0,         0,             1,          1,            1,          0.98,                   0,              3,           1,                 0,          13,           3,     1
             0,         0,             0,          1,            1,          0.48,                   0,              3,           1,                 0,          14,           3,     0
             0,         0,             1,          0,            1,          0.19,                   0,              2,           0,                 0,           7,           2,     0
             0,         0,             1,          1,            0,          0.0 ,                  63,              4,           0,                 1,          14,           2,     1
             1,         1,             0,          1,            0,          0.0 ,                 100,              4,           0,                 1,           8,           8,     0
             0,         0,             1,          1,            1,          0.6 ,                   0,              3,           1,                 0,           2,          14,     1
             1,         0,             0,          0,            1,          0.66,                   0,              4,           0,                 1,          12,          12,     1
             1,         0,             1,          0,            1,          0.12,                   0,              4,           0,                 1,          13,          13,     1
             1,         0,             0,          0,            1,          0.99,                   0,              3,           1,                 0,          13,          13,     1
             0,         0,             1,          1,            0,          0.0 ,                  52,              4,           0,                 1,           2,           5,     1
             0,         0,             1,          0,            1,          0.62,                   0,              1,           0,                 0,           9,          15,     1
             1,         0,             0,          1,            0,          0.0 ,                  35,              2,           0,                 0,           5,           5,     0
             0,         0,             0,          1,            0,          0.0 ,                  55,              4,           0,                 1,           4,          13,     0
             1,         0,             0,          1,            0,          0.0 ,                  54,              4,           0,                 1,          12,          12,     0
             0,         0,             1,          0,            1,          0.78,                   0,              3,           1,                 0,           5,          15,     1
             0,         0,             0,          0,            1,          0.33,                   0,              3,           1,                 0,           3,           9,     1
             0,         0,             0,          1,            1,          0.17,                   0,              4,           0,                 1,           8,          13,     0
             1,         1,             0,          1,            1,          0.41,                   0,              4,           0,                 1,           5,           5,     0
             1,         1,             0,          1,            0,          0.0 ,                  48,              3,           1,                 0,           3,           3,     0
             1,         1,             1,          1,            1,          0.63,                   0,              1,           0,                 0,           2,           2,     1
             0,         0,             1,          0,            0,          0.0 ,                  82,              4,           0,                 1,           7,          12,     1
             0,         0,             1,          1,            1,          0.91,                   0,              3,           1,                 0,           4,          10,     1
             0,         0,             1,          0,            1,          0.66,                   0,              4,           0,                 1,           4,           5,     1
             0,         0,             0,          1,            1,          0.43,                   0,              3,           1,                 0,           2,           2,     0
             0,         0,             0,          1,            0,          0.0 ,                  56,              4,           0,                 1,           4,           7,     0
             0,         0,             0,          0,            0,          0.0 ,                  68,              3,           1,                 0,           7,           5,     0
             1,         0,             1,          1,            0,          0.0 ,                  93,              3,           1,                 0,           4,           4,     0
             1,         0,             0,          1,            0,          0.0 ,                   6,              2,           0,                 0,          10,          10,     1
             0,         0,             0,          0,            0,          0.0 ,                  30,              3,           1,                 0,           4,           5,     0
             1,         1,             1,          1,            1,          0.72,                   0,              4,           0,                 1,           3,           3,     1
             0,         0,             1,          1,            0,          0.0 ,                  90,              3,           1,                 0,           9,           7,     0
             0,         0,             1,          0,            0,          0.0 ,                  82,              4,           0,                 1,          12,          15,     1
             1,         1,             0,          0,            0,          0.0 ,                  46,              3,           1,                 0,           8,           8,     0
             1,         1,             1,          1,            0,          0.0 ,                  26,              2,           0,                 0,           3,           3,     0
             0,         0,             0,          1,            1,          0.92,                   0,              4,           0,                 1,          14,           2,     1
             1,         1,             0,          1,            1,          0.95,                   0,              1,           0,                 0,          14,          14,     1
             0,         0,             1,          1,            1,          0.71,                   0,              3,           1,                 0,           6,          15,     1
             1,         0,             1,          0,            0,          0.0 ,                  14,              4,           0,                 1,           4,           4,     1
             1,         0,             0,          1,            1,          0.5 ,                   0,              3,           1,                 0,           1,           1,     0
             0,         0,             1,          1,            1,          0.99,                   0,              2,           0,                 0,           4,           2,     0
             1,         0,             1,          1,            0,          0.0 ,                  30,              3,           1,                 0,           6,           6,     0
             0,         0,             1,          1,            1,          0.16,                   0,              2,           0,                 0,           5,          11,     0
             0,         0,             0,          0,            0,          0.0 ,                  51,              4,           0,                 1,           7,           4,     0
             1,         1,             1,          0,            0,          0.0 ,                   7,              4,           0,                 1,          15,          15,     1
             1,         1,             1,          1,            1,          0.7 ,                   0,              2,           0,                 0,           2,           2,     0
             1,         1,             0,          0,            1,          0.26,                   0,              3,           1,                 0,           5,           5,     0
             1,         1,             1,          0,            1,          0.15,                   0,              4,           0,                 1,           9,           9,     1
             1,         0,             1,          1,            1,          0.62,                   0,              4,           0,                 1,           2,           2,     1
             1,         1,             0,          0,            1,          0.92,                   0,              1,           0,                 0,          10,          10,     1
             1,         0,             0,          1,            1,          0.39,                   0,              3,           1,                 0,           5,           5,     0
             0,         0,             0,          1,            0,          0.0 ,                  87,              1,           0,                 0,          11,           3,     0
             1,         1,             1,          0,            0,          0.0 ,                  38,              4,           0,                 1,           7,           7,     1
             1,         0,             0,          0,            1,          0.8 ,                   0,              3,           1,                 0,           1,           1,     1
             0,         0,             1,          1,            0,          0.0 ,                  11,              3,           1,                 0,          14,          15,     0
             0,         0,             1,          1,            0,          0.0 ,                  37,              3,           1,                 0,          10,           4,     0
             0,         0,             1,          1,            1,          0.86,                   0,              2,           0,                 0,          13,           4,     1
             0,         0,             1,          0,            1,          0.93,                   0,              3,           1,                 0,           7,          11,     1
             1,         0,             0,          1,            1,          0.59,                   0,              4,           0,                 1,          15,          15,     1
             0,         0,             0,          1,            0,          0.0 ,                  63,              3,           1,                 0,           7,          13,     0
             1,         0,             0,          1,            0,          0.0 ,                  89,              3,           1,                 0,          10,          10,     1
             1,         0,             1,          0,            1,          0.88,                   0,              3,           1,                 0,           5,           5,     1
             1,         0,             0,          0,            0,          0.0 ,                  79,              4,           0,                 1,           6,           6,     0
             0,         0,             0,          1,            1,          0.67,                   0,              4,           0,                 1,          15,           1,     1
             1,         1,             0,          1,            0,          0.0 ,                  85,              2,           0,                 0,           7,           7,     0
             0,         0,             0,          1,            0,          0.0 ,                  76,              3,           1,                 0,           2,           2,     0
             1,         0,             0,          1,            1,          0.46,                   0,              3,           1,                 0,          14,          14,     0
             0,         0,             0,          0,            1,          0.54,                   0,              2,           0,                 0,           5,          13,     1
             0,         0,             0,          0,            1,          0.38,                   0,              4,           0,                 1,           3,           2,     0
             1,         1,             1,          1,            1,          0.28,                   0,              3,           1,                 0,           8,           8,     1
             0,         0,             1,          1,            1,          0.28,                   0,              1,           0,                 0,           1,          10,     0
             1,         1,             0,          1,            1,          0.7 ,                   0,              3,           1,                 0,           1,           1,     1
             0,         0,             1,          1,            1,          0.19,                   0,              2,           0,                 0,          15,           8,     0
             1,         1,             1,          0,            0,          0.0 ,                  53,              1,           0,                 0,           6,           6,     0
             0,         0,             1,          1,            1,          0.66,                   0,              4,           0,                 1,           3,          13,     0
             1,         0,             0,          0,            1,          0.48,                   0,              4,           0,                 1,           9,           9,     0
             0,         0,             0,          1,            0,          0.0 ,                  44,              1,           0,                 0,          14,           9,     0
             1,         1,             1,          0,            1,          0.22,                   0,              4,           0,                 1,           1,           1,     1
             0,         0,             1,          0,            1,          0.77,                   0,              3,           1,                 0,          12,           6,     1
             1,         1,             0,          1,            1,          0.86,                   0,              3,           1,                 0,          13,          13,     1
             0,         0,             1,          0,            1,          0.77,                   0,              3,           1,                 0,           1,           6,     1
             1,         0,             0,          1,            1,          0.98,                   0,              3,           1,                 0,           5,           5,     1
             1,         1,             1,          0,            1,          0.68,                   0,              2,           0,                 0,          10,          10,     1
             0,         0,             1,          1,            0,          0.0 ,                  52,              1,           0,                 0,          10,          12,     0
             1,         1,             0,          0,            1,          0.9 ,                   0,              1,           0,                 0,           8,           8,     1
             1,         0,             1,          1,            1,          0.15,                   0,              4,           0,                 1,          13,          13,     1
             1,         0,             0,          1,            0,          0.0 ,                  37,              3,           1,                 0,           5,           5,     0
             1,         1,             0,          0,            0,          0.0 ,                  74,              3,           1,                 0,          15,          15,     0
             1,         0,             0,          1,            0,          0.0 ,                  46,              3,           1,                 0,          12,          12,     0
             0,         0,             1,          1,            0,          0.0 ,                  69,              3,           1,                 0,          15,          12,     0
             1,         0,             1,          1,            0,          0.0 ,                  85,              4,           0,                 1,           5,           5,     1
             1,         0,             1,          0,            1,          0.28,                   0,              3,           1,                 0,           8,           8,     0
             1,         1,             0,          0,            0,          0.0 ,                  11,              3,           1,                 0,           3,           3,     0
             1,         0,             0,          1,            0,          0.0 ,                  27,              1,           0,                 0,           2,           2,     0
             0,         0,             0,          1,            1,          0.13,                   0,              3,           1,                 0,           4,           7,     0
             1,         0,             0,          0,            1,          0.99,                   0,              4,           0,                 1,           2,           2,     1
             0,         0,             0,          0,            0,          0.0 ,                  97,              1,           0,                 0,           9,           7,     0
             0,         0,             0,          1,            1,          0.42,                   0,              3,           1,                 0,           4,           6,     0
             1,         1,             0,          0,            0,          0.0 ,                  30,              1,           0,                 0,          10,          10,     0
             1,         0,             1,          1,            0,          0.0 ,                  26,              2,           0,                 0,          11,          11,     0
             1,         0,             0,          0,            1,          0.92,                   0,              3,           1,                 0,          13,          13,     1
             1,         0,             1,          1,            0,          0.0 ,                  29,              2,           0,                 0,           7,           7,     0
             0,         0,             1,          0,            0,          0.0 ,                  80,              4,           0,                 1,           7,           5,     1
             1,         1,             1,          0,            0,          0.0 ,                  63,              3,           1,                 0,           2,           2,     1
             1,         0,             0,          0,            0,          0.0 ,                  28,              2,           0,                 0,           1,           1,     0
             1,         1,             1,          1,            1,          0.93,                   0,              3,           1,                 0,           9,           9,     1
             0,         0,             0,          0,            1,          0.36,                   0,              4,           0,                 1,           1,           1,     0
             1,         1,             0,          1,            0,          0.0 ,                  59,              3,           1,                 0,          10,          10,     0
             1,         1,             0,          1,            0,          0.0 ,                  20,              4,           0,                 1,          15,          15,     0
             1,         1,             1,          0,            0,          0.0 ,                  65,              3,           1,                 0,           8,           8,     1
             0,         0,             1,          1,            1,          0.74,                   0,              4,           0,                 1,          15,          13,     1
             0,         0,             0,          0,            0,          0.0 ,                  22,              3,           1,                 0,          13,           7,     0
             1,         0,             1,          0,            1,          0.88,                   0,              2,           0,                 0,           6,           6,     1
             0,         0,             0,          1,            0,          0.0 ,                  72,              3,           1,                 0,          10,           4,     0
             1,         0,             1,          0,            1,          0.26,                   0,              2,           0,                 0,          12,          12,     0
             1,         1,             0,          0,            0,          0.0 ,                   9,              3,           1,                 0,          13,          13,     0
             0,         0,             0,          1,            1,          0.94,                   0,              3,           1,                 0,          10,           9,     1
             1,         1,             0,          0,            0,          0.0 ,                   5,              3,           1,                 0,           1,           1,     0
             0,         0,             1,          0,            0,          0.0 ,                  75,              3,           1,                 0,           1,           6,     0
             1,         1,             0,          1,            0,          0.0 ,                  94,              3,           1,                 0,           4,           4,     0
             1,         1,             1,          0,            1,          0.18,                   0,              3,           1,                 0,           3,           3,     1
             1,         1,             1,          0,            0,          0.0 ,                  86,              3,           1,                 0,           8,           8,     1
             1,         0,             1,          0,            0,          0.0 ,                  25,              4,           0,                 1,           5,           5,     1
             1,         1,             1,          0,            0,          0.0 ,                  23,              2,           0,                 0,          12,          12,     0
             1,         1,             1,          0,            0,          0.0 ,                  52,              3,           1,                 0,           7,           7,     1
             0,         0,             0,          0,            0,          0.0 ,                  91,              3,           1,                 0,          11,           1,     0
             0,         0,             1,          0,            1,          0.48,                   0,              4,           0,                 1,           8,           9,     1
             0,         0,             1,          0,            0,          0.0 ,                  40,              2,           0,                 0,           4,           4,     0
             0,         0,             1,          1,            0,          0.0 ,                  42,              3,           1,                 0,          12,           4,     0
             1,         0,             0,          1,            0,          0.0 ,                  24,              3,           1,                 0,           3,           3,     0
             1,         0,             1,          1,            1,          0.22,                   0,              3,           1,                 0,           4,           4,     0
             0,         0,             0,          0,            0,          0.0 ,                  24,              3,           1,                 0,           1,           6,     0
             1,         1,             0,          1,            1,          0.95,                   0,              3,           1,                 0,          12,          12,     0
             1,         1,             0,          0,            0,          0.0 ,                  84,              3,           1,                 0,           2,           2,     0
             0,         0,             0,          1,            1,          0.84,                   0,              2,           0,                 0,           5,           6,     1
             1,         0,             0,          1,            1,          1.0 ,                   0,              2,           0,                 0,           6,           6,     1
             1,         0,             0,          1,            1,          0.5 ,                   0,              3,           1,                 0,          14,          14,     0
             0,         0,             1,          0,            1,          0.43,                   0,              1,           0,                 0,          10,          13,     0
             0,         0,             0,          0,            0,          0.0 ,                  49,              3,           1,                 0,           8,           7,     0
             1,         1,             1,          0,            0,          0.0 ,                  89,              3,           1,                 0,           1,           1,     1
             1,         1,             0,          0,            1,          0.61,                   0,              3,           1,                 0,          10,          10,     1
             0,         0,             0,          0,            1,          0.82,                   0,              3,           1,                 0,           9,           8,     1
             1,         1,             0,          0,            0,          0.0 ,                  13,              1,           0,                 0,           2,           2,     0
             1,         0,             1,          1,            0,          0.0 ,                  89,              2,           0,                 0,          10,          10,     1
             0,         0,             0,          1,            0,          0.0 ,                  68,              4,           0,                 1,          14,           6,     0
             0,         0,             1,          1,            1,          0.16,                   0,              3,           1,                 0,           8,          15,     0
             0,         0,             1,          1,            1,          0.85,                   0,              3,           1,                 0,          13,          15,     1
             0,         0,             1,          1,            1,          0.99,                   0,              4,           0,                 1,           6,           6,     1
             0,         0,             0,          0,            1,          0.46,                   0,              2,           0,                 0,          10,           8,     0
             0,         0,             1,          0,            1,          0.19,                   0,              3,           1,                 0,           8,          14,     0
             1,         1,             0,          1,            1,          0.15,                   0,              2,           0,                 0,          10,          10,     0
             0,         0,             0,          1,            0,          0.0 ,                  11,              3,           1,                 0,          14,          11,     0
             0,         0,             0,          1,            0,          0.0 ,                  46,              3,           1,                 0,          11,          11,     0
             1,         1,             0,          1,            0,          0.0 ,                  90,              3,           1,                 0,          11,          11,     0
             1,         0,             1,          1,            0,          0.0 ,                  52,              3,           1,                 0,           6,           6,     0
             1,         1,             0,          1,            1,          0.11,                   0,              3,           1,                 0,           1,           1,     0
             0,         0,             1,          1,            1,          0.99,                   0,              2,           0,                 0,          13,           3,     1
             1,         0,             0,          0,            0,          0.0 ,                  81,              3,           1,                 0,           6,           6,     0
             0,         0,             1,          1,            0,          0.0 ,                  62,              3,           1,                 0,           6,          12,     0
             0,         0,             1,          0,            0,          0.0 ,                  13,              3,           1,                 0,           2,          15,     1
             1,         1,             1,          1,            0,          0.0 ,                  92,              4,           0,                 1,          12,          12,     1
             0,         0,             1,          1,            1,          0.74,                   0,              3,           1,                 0,           7,          14,     1
             0,         0,             1,          0,            1,          0.25,                   0,              3,           1,                 0,           7,           4,     0
             1,         1,             1,          0,            0,          0.0 ,                  39,              4,           0,                 1,           5,           5,     1
             1,         0,             1,          1,            0,          0.0 ,                   2,              3,           1,                 0,           2,           2,     0
             0,         0,             1,          0,            0,          0.0 ,                  41,              3,           1,                 0,           4,          10,     0
             0,         0,             0,          0,            1,          0.24,                   0,              1,           0,                 0,           6,           9,     0
             1,         1,             1,          0,            1,          0.27,                   0,              4,           0,                 1,           3,           3,     1
             0,         0,             1,          0,            1,          0.48,                   0,              4,           0,                 1,           8,           9,     1
             0,         0,             0,          1,            1,          0.48,                   0,              3,           1,                 0,           9,          15,     0
             1,         0,             1,          0,            1,          0.4 ,                   0,              3,           1,                 0,           5,           5,     0
             1,         1,             0,          1,            1,          0.18,                   0,              2,           0,                 0,          15,          15,     0
             1,         0,             0,          1,            0,          0.0 ,                  92,              1,           0,                 0,           8,           8,     0
             0,         0,             0,          1,            0,          0.0 ,                  92,              2,           0,                 0,           4,           2,     0
             0,         0,             1,          0,            1,          0.89,                   0,              4,           0,                 1,          14,          12,     1
             1,         1,             1,          1,            1,          0.23,                   0,              3,           1,                 0,           7,           7,     1
             1,         0,             1,          1,            0,          0.0 ,                   5,              3,           1,                 0,           7,           7,     0
             0,         0,             1,          1,            1,          0.43,                   0,              3,           1,                 0,           8,           5,     0
             0,         0,             1,          1,            1,          0.25,                   0,              4,           0,                 1,           1,           7,     1
             1,         0,             0,          1,            1,          0.62,                   0,              3,           1,                 0,           6,           6,     1
             1,         1,             0,          1,            0,          0.0 ,                  51,              1,           0,                 0,           4,           4,     0
             1,         0,             0,          1,            0,          0.0 ,                  68,              3,           1,                 0,           7,           7,     0
             0,         0,             0,          1,            0,          0.0 ,                  87,              3,           1,                 0,           3,           5,     0
             1,         1,             1,          1,            0,          0.0 ,                  86,              3,           1,                 0,           7,           7,     1
             1,         0,             0,          1,            1,          0.56,                   0,              4,           0,                 1,           2,           2,     1
             1,         1,             1,          0,            1,          0.85,                   0,              3,           1,                 0,           8,           8,     1
             1,         0,             1,          1,            1,          0.5 ,                   0,              3,           1,                 0,           1,           1,     0
             0,         0,             0,          1,            1,          0.67,                   0,              2,           0,                 0,           5,           1,     1
             0,         0,             0,          1,            0,          0.0 ,                  52,              3,           1,                 0,          10,          10,     0
             1,         1,             0,          0,            0,          0.0 ,                  39,              4,           0,                 1,           4,           4,     0
             1,         0,             1,          0,            1,          0.64,                   0,              3,           1,                 0,           4,           4,     1
             1,         0,             1,          0,            0,          0.0 ,                  17,              2,           0,                 0,          15,          15,     0
             1,         1,             0,          1,            0,          0.0 ,                  84,              2,           0,                 0,           8,           8,     0
             0,         0,             1,          1,            0,          0.0 ,                  53,              2,           0,                 0,           6,           9,     0
             1,         0,             1,          1,            1,          0.4 ,                   0,              4,           0,                 1,           7,           7,     1
             1,         0,             0,          1,            0,          0.0 ,                  23,              2,           0,                 0,           6,           6,     0
             1,         0,             1,          0,            1,          0.67,                   0,              4,           0,                 1,          13,          13,     1
             0,         0,             1,          0,            1,          0.82,                   0,              2,           0,                 0,          15,          14,     1
             0,         0,             0,          0,            0,          0.0 ,                  91,              3,           1,                 0,           6,          10,     0
             1,         0,             1,          0,            0,          0.0 ,                  52,              3,           1,                 0,          12,          12,     0
             1,         0,             1,          0,            1,          0.81,                   0,              1,           0,                 0,           7,           7,     1
             0,         0,             0,          1,            1,          0.68,                   0,              4,           0,                 1,          14,           9,     1
             0,         0,             0,          1,            1,          0.78,                   0,              4,           0,                 1,           4,           4,     1
             1,         0,             1,          1,            0,          0.0 ,                  11,              1,           0,                 0,          11,          11,     0
             0,         0,             1,          0,            1,          0.4 ,                   0,              4,           0,                 1,          10,          11,     1
             0,         0,             1,          1,            0,          0.0 ,                  38,              3,           1,                 0,          11,           7,     0
             1,         0,             1,          0,            1,          0.74,                   0,              3,           1,                 0,           9,           9,     1
             0,         0,             1,          1,            0,          0.0 ,                  16,              1,           0,                 0,          15,           6,     0
             0,         0,             1,          1,            0,          0.0 ,                  73,              4,           0,                 1,           6,           6,     1
             1,         0,             0,          1,            0,          0.0 ,                  68,              4,           0,                 1,           9,           9,     0
             1,         0,             0,          1,            0,          0.0 ,                  87,              3,           1,                 0,           3,           3,     0
             0,         0,             0,          0,            0,          0.0 ,                  60,              3,           1,                 0,           4,           7,     0
             1,         0,             0,          1,            1,          0.44,                   0,              3,           1,                 0,           1,           1,     0
             1,         0,             0,          1,            1,          0.39,                   0,              3,           1,                 0,           9,           9,     0
             1,         0,             1,          1,            0,          0.0 ,                 100,              2,           0,                 0,          14,          14,     0
             0,         0,             1,          0,            1,          0.94,                   0,              3,           1,                 0,           8,           6,     1
             1,         0,             1,          1,            1,          0.29,                   0,              4,           0,                 1,          14,          14,     1
             0,         0,             1,          0,            0,          0.0 ,                  53,              3,           1,                 0,           8,          14,     0
             1,         1,             1,          0,            0,          0.0 ,                  54,              2,           0,                 0,          12,          12,     0
             0,         0,             1,          0,            1,          0.78,                   0,              4,           0,                 1,           8,          14,     1
             0,         0,             1,          0,            1,          0.93,                   0,              4,           0,                 1,           9,          14,     1
             0,         0,             1,          0,            1,          0.37,                   0,              3,           1,                 0,          10,           1,     0
             0,         0,             0,          0,            1,          0.37,                   0,              3,           1,                 0,          12,           4,     0
             1,         1,             1,          1,            1,          0.55,                   0,              4,           0,                 1,           8,           8,     1
             0,         0,             0,          1,            0,          0.0 ,                  65,              3,           1,                 0,           8,          13,     0
             0,         0,             0,          1,            1,          0.33,                   0,              4,           0,                 1,           6,          10,     0
             0,         0,             0,          0,            0,          0.0 ,                  24,              3,           1,                 0,          15,          14,     0
             1,         1,             1,          0,            1,          0.53,                   0,              4,           0,                 1,          12,          12,     1
             1,         1,             0,          0,            1,          0.31,                   0,              1,           0,                 0,           8,           8,     0
             0,         0,             1,          0,            0,          0.0 ,                  27,              4,           0,                 1,           9,          12,     1
             0,         0,             0,          0,            0,          0.0 ,                   5,              2,           0,                 0,           4,           1,     0
             1,         0,             0,          1,            1,          0.94,                   0,              1,           0,                 0,          13,          13,     1
             1,         0,             1,          1,            0,          0.0 ,                  70,              4,           0,                 1,           3,           3,     1
             1,         0,             0,          0,            1,          0.6 ,                   0,              3,           1,                 0,           3,           3,     1
             1,         1,             0,          0,            1,          0.84,                   0,              3,           1,                 0,           5,           5,     1
             0,         0,             0,          0,            1,          0.22,                   0,              3,           1,                 0,          14,           7,     0
             0,         0,             1,          1,            1,          0.28,                   0,              4,           0,                 1,           1,           1,     1
             1,         1,             0,          0,            0,          0.0 ,                  19,              4,           0,                 1,          13,          13,     0
             1,         1,             0,          1,            0,          0.0 ,                  93,              3,           1,                 0,          12,          12,     0
             1,         1,             0,          1,            1,          0.52,                   0,              3,           1,                 0,           6,           6,     1
             1,         0,             1,          0,            0,          0.0 ,                  17,              2,           0,                 0,           3,           3,     0
             0,         0,             0,          1,            1,          1.0 ,                   0,              3,           1,                 0,          14,           6,     1
             0,         0,             1,          0,            0,          0.0 ,                  62,              3,           1,                 0,          11,          12,     0
             1,         0,             1,          0,            0,          0.0 ,                  72,              3,           1,                 0,           8,           8,     0
             1,         0,             1,          0,            1,          0.34,                   0,              3,           1,                 0,          12,          12,     0
             0,         0,             1,          0,            1,          0.86,                   0,              1,           0,                 0,           8,           2,     1
             0,         0,             0,          0,            0,          0.0 ,                   3,              2,           0,                 0,          10,          11,     0
             1,         0,             0,          0,            1,          0.38,                   0,              4,           0,                 1,          14,          14,     1
             1,         0,             0,          0,            0,          0.0 ,                  84,              1,           0,                 0,           7,           7,     0
             1,         0,             0,          0,            1,          0.43,                   0,              1,           0,                 0,          15,          15,     0
             0,         0,             1,          0,            0,          0.0 ,                  93,              1,           0,                 0,           3,          12,     0
             0,         0,             0,          0,            1,          0.88,                   0,              3,           1,                 0,          15,           9,     0
             1,         0,             0,          0,            1,          0.42,                   0,              2,           0,                 0,           7,           7,     0
             0,         0,             1,          0,            1,          0.67,                   0,              3,           1,                 0,           2,           8,     1
             0,         0,             1,          1,            0,          0.0 ,                   4,              3,           1,                 0,          10,          15,     0
             1,         0,             0,          1,            1,          0.89,                   0,              2,           0,                 0,          13,          13,     1
             0,         0,             1,          1,            0,          0.0 ,                  21,              4,           0,                 1,           9,           7,     1
             0,         0,             0,          1,            1,          0.77,                   0,              3,           1,                 0,           9,          12,     1
             0,         0,             0,          1,            0,          0.0 ,                  47,              1,           0,                 0,           3,           1,     1
             0,         0,             0,          1,            1,          0.81,                   0,              4,           0,                 1,          10,          10,     1
             1,         1,             1,          0,            1,          0.65,                   0,              4,           0,                 1,           6,           6,     1
             1,         1,             0,          1,            1,          0.21,                   0,              4,           0,                 1,           3,           3,     0
